,MAE,RMSE,PCC,R2,MAE_CHANGE,RMSE_CHANGE,PCC_CHANGE,R2_CHANGE
none,15.25486,18.201229615646422,0.960445819903004,0.7961135073708241,,,,
no_agam,11.156215,14.304976039041067,0.9686226296600025,0.8740606893250007,-26.867798196771396,-21.40654043096076,0.8513556504232791,9.7909633780236
no_mtfm,11.714255,14.691527248737302,0.9579680463034228,0.867162439555851,-23.20968530684648,-19.282776169649857,-0.25798161106385636,8.924472644568867
no_pprm,15.6144495,21.77898991816353,0.8682038935916577,0.7080808899969591,2.3572127177830438,19.65669560830954,-9.604073899833503,-11.057797231024754
