,MAE,RMSE,PCC,R2,MAE_CHANGE,RMSE_CHANGE,PCC_CHANGE,R2_CHANGE
none,45.31738,184.9558963476158,0.3237403043575276,-0.0488960189634453,,,,
no_agam,15.355116,168.46828336514858,0.3883752836710683,0.1297732774327471,-66.116496584754,-8.914348397673974,19.965070287374566,-365.40663265401156
no_mtfm,31.097761,171.9038782557712,0.3600454514546242,0.0939180681228579,-31.37784885180918,-7.056827248866924,11.214280893800124,-292.0771263465664
no_pprm,59.227295,202.91878955939487,0.1890255150961629,-0.2625267478125848,30.694437763171653,9.711987325896686,-41.61199191083429,436.90822561413427
