,MAE,RMSE,PCC,R2,MAE_CHANGE,RMSE_CHANGE,PCC_CHANGE,R2_CHANGE
none,291.2384,801.0926522569034,0.9842648755946204,0.8287799949811357,,,,
no_agam,314.3024,777.604856273416,0.9630581533077882,0.8386730361257831,7.919285368962322,-2.931969968431955,-2.1545747301020612,1.1936872516900672
no_mtfm,330.40662,856.3747719310746,0.9807609919086018,0.8043333917720382,13.448851525073604,6.900839686698651,-0.3559899141886809,-2.949709616199649
no_pprm,283.90344,748.664811514472,0.9790651666877492,0.8504577684727991,-2.5185415110095453,-6.5445414578110785,-0.5282834972374563,2.6156246076085305
