run_token,dataset,horizon,seed,ablation,target_space,attn_exp,save_dir,u_absmax,v_absmax,uv_row_sd,uv_absmax,adj_scale,adj_scale_softplus,adj_row_sd_raw,adj_logit_sd,logit_sd_total,uv_share,fusion_alpha_spread,fusion_alpha_max,n_hops,pprm_gamma,pprm_decay_at_h,highway_sigma,log_attn_reg_weight,layernorm_gain_mean,layernorm_gain_absmean,layernorm_gain_negfrac
MSAGAT-Net.australia-covid.w-20.h-14.none.seed-1000.with_adj.loggrowth.quant.exp-nodecay-regpre,australia-covid,14,1000,none,loggrowth,nodecay-regpre,save_all,0.7358538508415222,0.7368671298027039,0.41415441036224365,1.390657901763916,1.1648188829421997,1.43635569045978,0.1496826116713642,0.21499747103704547,0.6291518813992891,0.6582741347623849,0.09766808152198792,0.5488340258598328,2.0,0.12371348319429788,0.1769321833539206,0.7233048286281671,-11.512925148010254,0.02446797303855419,0.12147528678178787,0.4791666666666667
MSAGAT-Net.australia-covid.w-20.h-14.none.seed-1000.with_adj.loggrowth.quant,australia-covid,14,1000,none,loggrowth,,save_all,0.5125071406364441,0.5745829939842224,0.21309229731559753,0.986314058303833,0.871162474155426,1.220737642532829,0.1496826116713642,0.18272319849985805,0.3958154958154556,0.5383626956710895,0.055748313665390015,0.5278741717338562,2.0,0.1333036073978863,0.1547026326811212,0.7427591221360799,-10.589666366577148,0.02023288421332836,0.12523551285266876,0.5104166666666666
MSAGAT-Net.australia-covid.w-20.h-14.none.seed-1000.with_adj,australia-covid,14,1000,none,level,,save_all,2.455448679938854e-07,2.4724417357901984e-07,2.0628542988642296e-15,5.527208804035656e-14,0.20153851807117462,0.7989850918481507,0.1496826116713642,0.11959417523431601,0.11959417523431808,1.72487856939732e-14,0.0007621049880981445,0.5003810524940491,2.0,0.09825597419609239,0.25269207187481885,0.6911364385479268,-10.40699291229248,-0.0027304545510560274,0.06344426423311234,0.53125
MSAGAT-Net.australia-covid.w-20.h-14.none.seed-123.with_adj.loggrowth.quant.exp-nodecay-regpre,australia-covid,14,123,none,loggrowth,nodecay-regpre,save_all,0.37473610043525696,0.3967741131782532,0.08236020803451538,0.348468154668808,1.107689619064331,1.3931100720293852,0.1496826116713642,0.2085243539270407,0.2908845619615561,0.28313708874450433,0.18965023756027222,0.5948250889778137,2.0,0.11257177219846555,0.20679965372803052,0.6289118648102655,-11.512925148010254,0.012050698511302471,0.09750676155090332,0.5104166666666666
MSAGAT-Net.australia-covid.w-20.h-14.none.seed-123.with_adj.loggrowth.quant,australia-covid,14,123,none,loggrowth,,save_all,0.39998525381088257,0.4283231794834137,0.164853036403656,0.5898308157920837,0.9841681718826294,1.3017123938285045,0.1496826116713642,0.19484371075323395,0.35969674715688993,0.45831116824571005,0.08021369576454163,0.5401068329811096,2.0,0.12708624385317455,0.16877186049517506,0.6949347473053266,-10.851521492004395,0.015290399082005024,0.1107231006026268,0.5208333333333334
MSAGAT-Net.australia-covid.w-20.h-14.none.seed-123.with_adj,australia-covid,14,123,none,level,,save_all,3.849507011346705e-41,2.485763345865793e-41,0.0,0.0,-0.1758517473936081,0.6090818160955551,0.1496826116713642,0.09116895695472024,0.09116895695472024,0.0,0.03563332557678223,0.5178166627883911,2.0,0.21445638588508795,0.049668249037779784,0.6341853481268528,-7.400778770446777,0.00033521620207466185,0.034016773104667664,0.3333333333333333
MSAGAT-Net.australia-covid.w-20.h-14.none.seed-30.with_adj.loggrowth,australia-covid,14,30,none,loggrowth,,save_all,0.46830374002456665,0.4111997187137604,0.16757169365882874,0.849469780921936,0.6068417429924011,1.0419107160612302,0.1496826116713642,0.15595591710842613,0.3235276107672549,0.5179517546011845,0.14286267757415771,0.5714313387870789,2.0,0.1257705492166783,0.1719093993294999,0.7444697018830071,-10.871009826660156,-0.0031121147330850363,0.11765860766172409,0.4895833333333333
MSAGAT-Net.australia-covid.w-20.h-14.none.seed-30.with_adj.loggrowth.quant.exp-nodecay-regpre,australia-covid,14,30,none,loggrowth,nodecay-regpre,save_all,0.5060948729515076,0.49873194098472595,0.1654769331216812,0.5821807384490967,1.1061662435531616,1.3919651701299127,0.1496826116713642,0.20835298202062014,0.37382991514230135,0.4426529991819705,0.13944470882415771,0.5697223544120789,2.0,0.11503646619732077,0.19978559214334787,0.6550576034425258,-11.512925148010254,0.016151253134012222,0.1113271713256836,0.4583333333333333
MSAGAT-Net.australia-covid.w-20.h-14.none.seed-30.with_adj.loggrowth.quant,australia-covid,14,30,none,loggrowth,,save_all,0.2831733524799347,0.3113245666027069,0.041524022817611694,0.27087560296058655,0.9215774536132812,1.2565420481359157,0.1496826116713642,0.1880824954398689,0.2296065182574806,0.1808486236921492,0.13584229350090027,0.5679211616516113,2.0,0.11449002691517719,0.2013198430231058,0.6500168209023863,-11.293791770935059,0.01517600566148758,0.10989463329315186,0.4583333333333333
MSAGAT-Net.australia-covid.w-20.h-14.none.seed-30.with_adj,australia-covid,14,30,none,level,,save_all,9.543975332260146e-11,8.987039584740231e-11,7.173659238880777e-22,8.616902807471845e-21,-0.029212241992354393,0.6786477251564754,0.1496826116713642,0.10158176390625141,0.10158176390625141,7.061955771413125e-21,0.006706804037094116,0.5033534169197083,2.0,0.12556992290967783,0.17239293174784032,0.7008821265724893,-9.47140121459961,0.006643279921263456,0.06309179216623306,0.5
MSAGAT-Net.australia-covid.w-20.h-14.none.seed-42.with_adj.loggrowth,australia-covid,14,42,none,loggrowth,,save_all,0.4083430767059326,0.39867445826530457,0.14391419291496277,0.8986421823501587,0.7002704739570618,1.103366784385842,0.1496826116713642,0.16515482191830783,0.3090690148332706,0.46563772493531347,0.04186934232711792,0.5209347009658813,2.0,0.12672576518466833,0.16962575453468454,0.7239084806384674,-10.958927154541016,0.026560040190815926,0.10940138250589371,0.4166666666666667
MSAGAT-Net.australia-covid.w-20.h-14.none.seed-42.with_adj.loggrowth.quant.exp-nodecay-regpre,australia-covid,14,42,none,loggrowth,nodecay-regpre,save_all,1.3459709882736206,1.4221657514572144,1.1533095836639404,4.5347137451171875,0.5685811042785645,1.0173154051902809,0.1496826116713642,0.15227442674239333,1.3055840104063337,0.8833668109224153,0.045376747846603394,0.5226883888244629,2.0,0.2880579109105128,0.017724440852721707,0.7308497654311441,-11.512925148010254,-0.021568693220615387,0.13279058039188385,0.5625
MSAGAT-Net.australia-covid.w-20.h-14.none.seed-42.with_adj.loggrowth.quant,australia-covid,14,42,none,loggrowth,,save_all,0.20544835925102234,0.21452362835407257,0.014736764132976532,0.08613600581884384,0.6813823580741882,1.090784472727066,0.1496826116713642,0.16327146864835917,0.1780082327813357,0.08278698070711757,0.17408275604248047,0.5870413780212402,2.0,0.12034116984554422,0.18548590607793997,0.6890685186208424,-11.14549732208252,-0.018489940091967583,0.11643330007791519,0.5520833333333334
MSAGAT-Net.australia-covid.w-20.h-14.none.seed-42.with_adj,australia-covid,14,42,none,level,,save_all,8.231954701232169e-11,8.350874158846722e-11,1.3781959158820697e-22,6.90776510059116e-21,-0.015579777769744396,0.685387632552635,0.1496826116713642,0.10259061084773173,0.10259061084773173,1.3433938101096134e-21,0.0016858577728271484,0.5008429288864136,2.0,0.12189721802759879,0.18148885132210804,0.7074009504758617,-9.997368812561035,0.015654155984520912,0.05990065261721611,0.40625
MSAGAT-Net.australia-covid.w-20.h-14.none.seed-45.with_adj.loggrowth,australia-covid,14,45,none,loggrowth,,save_all,0.44660547375679016,0.4841713607311249,0.23151597380638123,1.146206259727478,1.0497944355010986,1.3499062066540573,0.1496826116713642,0.20205748652336358,0.4335734603297448,0.5339717371776096,0.15058863162994385,0.5752943158149719,2.0,0.12423271887255452,0.1756506738042719,0.7225385615754637,-11.076606750488281,0.014766164124011993,0.1051519513130188,0.4479166666666667
MSAGAT-Net.australia-covid.w-20.h-14.none.seed-45.with_adj.loggrowth.quant.exp-nodecay-regpre,australia-covid,14,45,none,loggrowth,nodecay-regpre,save_all,1.0889607667922974,0.9498879313468933,0.7246073484420776,2.685408592224121,1.1095644235610962,1.3945196869921683,0.1496826116713642,0.2087353487761211,0.9333426972181987,0.7763572272025583,0.08471989631652832,0.5423599481582642,2.0,0.14852367395171742,0.12501376405221493,0.7570316755547467,-11.512925148010254,-0.017359508201479912,0.13305161893367767,0.5729166666666666
MSAGAT-Net.australia-covid.w-20.h-14.none.seed-45.with_adj.loggrowth.quant,australia-covid,14,45,none,loggrowth,,save_all,0.5257671475410461,0.4973253011703491,0.09276808798313141,1.251863718032837,0.46933865547180176,0.9551022827301909,0.1496826116713642,0.14296220409233668,0.23573029207546808,0.3935348620932947,0.02938675880432129,0.5146933794021606,2.0,0.1758279949048168,0.08529905281845478,0.7730564957593289,-9.77058219909668,-0.023237233981490135,0.14084959030151367,0.5625
MSAGAT-Net.australia-covid.w-20.h-14.none.seed-45.with_adj,australia-covid,14,45,none,level,,save_all,1.7795089198460852e-41,2.4923494486481196e-41,0.0,0.0,-0.14538560807704926,0.623094174738612,0.1496826116713642,0.09326636339208881,0.09326636339208881,0.0,0.11234462261199951,0.5561723113059998,2.0,0.2855666222003843,0.01835354177571702,0.6749027139284184,-7.480404853820801,0.0026133274659514427,0.04667195677757263,0.5625
MSAGAT-Net.australia-covid.w-20.h-3.none.seed-1000.with_adj.loggrowth.quant.attnfix,australia-covid,3,1000,none,loggrowth,,save_all,0.7507124543190002,0.9122201800346375,0.3624340295791626,1.696616530418396,0.6575570106506348,1.075026800290881,0.1496826116713642,0.16091281908424912,0.5233468486634117,0.692531216161503,0.12695974111557007,0.5634798407554626,2.0,0.1486719598439688,0.6401736063237264,0.6826176674028019,-10.59940242767334,-0.00731586804613471,0.12760673463344574,0.5416666666666666
MSAGAT-Net.australia-covid.w-20.h-3.none.seed-1000.with_adj.loggrowth.quant.exp-nodecay-regpre,australia-covid,3,1000,none,loggrowth,nodecay-regpre,save_all,0.978268027305603,1.1241167783737183,0.6863598823547363,2.329155921936035,0.5867790579795837,1.028971786434043,0.1496826116713642,0.15401918432959677,0.8403790666843332,0.8167265339708298,0.06402802467346191,0.532014012336731,2.0,0.21997479850299495,0.5168904122509824,0.7192397314604906,-11.512925148010254,-0.020062625408172607,0.1412067711353302,0.53125
MSAGAT-Net.australia-covid.w-20.h-3.none.seed-1000.with_adj.loggrowth.quant,australia-covid,3,1000,none,loggrowth,,save_all,3.740843567356933e-06,4.279109361959854e-06,7.367642195117707e-13,2.0147423659966357e-11,0.1697879135608673,0.7816403092049586,0.1496826116713642,0.11699796286941087,0.11699796287014763,6.297239724844459e-12,0.049675703048706055,0.524837851524353,2.0,0.1540108372280003,0.6300018571876488,0.6999378843396873,-10.38780403137207,-0.01731680892407894,0.1396312564611435,0.5
MSAGAT-Net.australia-covid.w-20.h-3.none.seed-1000.with_adj,australia-covid,3,1000,none,level,,save_all,5.079987192870327e-41,1.2512193987956292e-41,0.0,0.0,8.746576796170302e-09,0.6931471849332337,0.1496826116713642,0.10375208091346048,0.10375208091346048,0.0,0.05954602360725403,0.5297729969024658,2.0,0.46530390044308595,0.2476071896265692,0.5408146807593998,-7.58713960647583,-0.0014884602278470993,0.02107340097427368,0.5833333333333334
MSAGAT-Net.australia-covid.w-20.h-3.none.seed-123.with_adj.loggrowth.quant.attnfix,australia-covid,3,123,none,loggrowth,,save_all,1.0902992486953735,1.2179348468780518,0.8742960691452026,2.2927932739257812,0.8131643533706665,1.1802022381520128,0.1496826116713642,0.17665575330698263,1.0509518224521852,0.8319087996871333,0.18402838706970215,0.5920141935348511,2.0,0.15907535832373457,0.6205022334107908,0.7003147798235925,-10.435766220092773,0.013394325971603394,0.1362428218126297,0.5
MSAGAT-Net.australia-covid.w-20.h-3.none.seed-123.with_adj.loggrowth.quant.exp-nodecay-regpre,australia-covid,3,123,none,loggrowth,nodecay-regpre,save_all,0.8654678463935852,0.9895605444908142,0.5914173722267151,2.503436803817749,0.7451093196868896,1.133551967630898,0.1496826116713642,0.16967301898020654,0.7610903912069216,0.7770658768781163,0.05195602774620056,0.5259780287742615,2.0,0.16200687280491174,0.6150691254324699,0.6960411188455552,-11.512925148010254,0.0008767899125814438,0.1274326592683792,0.5416666666666666
MSAGAT-Net.australia-covid.w-20.h-3.none.seed-123.with_adj.loggrowth.quant,australia-covid,3,123,none,loggrowth,,save_all,2.042112252060556e-41,2.2696831226669062e-41,0.0,0.0,-0.13624678552150726,0.6273423935883145,0.1496826116713642,0.09390224788446379,0.09390224788446379,0.0,0.019669800996780396,0.509834885597229,2.0,0.7040123009710632,0.12099126780224008,0.7235915093555424,-7.700557708740234,-0.013565068133175373,0.15094007551670074,0.5416666666666666
MSAGAT-Net.australia-covid.w-20.h-3.none.seed-123.with_adj,australia-covid,3,123,none,level,,save_all,4.253641488457982e-41,3.531832649484269e-41,0.0,0.0,0.0001372531260130927,0.6932158094777544,0.1496826116713642,0.10376235281450912,0.10376235281450912,0.0,9.432435035705566e-05,0.5000471472740173,2.0,0.29116597778684616,0.4174886447099875,0.6135603228794878,-8.58652400970459,0.0061811115592718124,0.01817486248910427,0.4166666666666667
MSAGAT-Net.australia-covid.w-20.h-3.none.seed-30.with_adj.loggrowth.quant.attnfix,australia-covid,3,30,none,loggrowth,,save_all,0.8315715789794922,0.9188660979270935,0.49549609422683716,2.175297737121582,0.996486485004425,1.3106943164624223,0.1496826116713642,0.1961881483909089,0.6916842426177461,0.7163616917910175,0.03960484266281128,0.519802451133728,2.0,0.13824577291615886,0.6605137625005598,0.6825518183564693,-10.773736000061035,-0.02335030771791935,0.12387111037969589,0.5416666666666666
MSAGAT-Net.australia-covid.w-20.h-3.none.seed-30.with_adj.loggrowth.quant.exp-nodecay-regpre,australia-covid,3,30,none,loggrowth,nodecay-regpre,save_all,0.5429183840751648,0.5631839632987976,0.11399395018815994,1.211286187171936,1.0466179847717285,1.3475542664314792,0.1496826116713642,0.20170544196835316,0.3156993921565131,0.36108384437954694,0.18925905227661133,0.5946295261383057,2.0,0.12047534899571836,0.6966821159119153,0.6678976735662688,-11.512925148010254,-0.025776447728276253,0.12830159068107605,0.5104166666666666
MSAGAT-Net.australia-covid.w-20.h-3.none.seed-30.with_adj.loggrowth.quant,australia-covid,3,30,none,loggrowth,,save_all,3.277054463294432e-13,3.004496879153301e-13,0.0,1.0202108824522766e-25,0.0922345295548439,0.7403274696656842,0.1496826116713642,0.11081414915161227,0.11081414915161227,0.0,0.1029391884803772,0.5514695644378662,2.0,0.2211187797657516,0.5151195139613053,0.7039911929032416,-9.83673095703125,-0.031279534101486206,0.1445295661687851,0.5208333333333334
MSAGAT-Net.australia-covid.w-20.h-3.none.seed-30.with_adj,australia-covid,3,30,none,level,,save_all,2.9397840483070337e-41,1.257244982192226e-41,0.0,0.0,5.261926450117471e-09,0.6931471831909085,0.1496826116713642,0.10375208065266471,0.10375208065266471,0.0,0.05178984999656677,0.5258949398994446,2.0,0.3372076793696427,0.3636283177506689,0.6147309303233239,-7.5427446365356445,0.0027819836977869272,0.021446464583277702,0.5416666666666666
MSAGAT-Net.australia-covid.w-20.h-3.none.seed-42.with_adj.loggrowth.quant.attnfix,australia-covid,3,42,none,loggrowth,,save_all,0.7858470678329468,0.7972772717475891,0.47212880849838257,1.5432476997375488,0.9766641855239868,1.2962555656661277,0.1496826116713642,0.19402691846244755,0.6661557269608301,0.7087363950954124,0.12311875820159912,0.5615593791007996,2.0,0.14305740899154293,0.6510477915332713,0.6724353994788741,-10.988329887390137,0.01886066608130932,0.12982620298862457,0.5104166666666666
MSAGAT-Net.australia-covid.w-20.h-3.none.seed-42.with_adj.loggrowth.quant.exp-nodecay-regpre,australia-covid,3,42,none,loggrowth,nodecay-regpre,save_all,0.6597984433174133,0.8284096121788025,0.39642810821533203,1.9823548793792725,1.1678767204284668,1.4386872432058462,0.1496826116713642,0.2153464639413262,0.6117745721566582,0.6479970339692673,0.08987399935722351,0.544937014579773,2.0,0.15603388108387092,0.6261898724479902,0.644815275034935,-11.512925148010254,0.006136949639767408,0.12900523841381073,0.4791666666666667
MSAGAT-Net.australia-covid.w-20.h-3.none.seed-42.with_adj.loggrowth.quant,australia-covid,3,42,none,loggrowth,,save_all,0.0009378276881761849,0.001142307766713202,7.958588810197398e-08,1.241742438651272e-06,0.5340093374252319,0.9953819376943402,0.1496826116713642,0.14899136804459198,0.14899144763048008,5.341641373896727e-07,0.16162541508674622,0.5808126926422119,2.0,0.15488500051756451,0.6283518482114832,0.6322968631083212,-10.812626838684082,0.0034494325518608093,0.12564103305339813,0.4895833333333333
MSAGAT-Net.australia-covid.w-20.h-3.none.seed-42.with_adj,australia-covid,3,42,none,level,,save_all,1.2603278388137405e-41,1.2499582301777368e-41,0.0,0.0,2.9546068369690204e-10,0.6931471807076756,0.1496826116713642,0.10375208028096791,0.10375208028096791,0.0,0.0,0.5,2.0,0.30921757990048365,0.39548091840519,0.6552582638791249,-6.651698112487793,-0.015018782578408718,0.026227621361613274,0.6458333333333334
MSAGAT-Net.australia-covid.w-20.h-3.none.seed-45.with_adj.loggrowth.quant.attnfix,australia-covid,3,45,none,loggrowth,,save_all,0.9369006752967834,0.9642457365989685,0.4966343939304352,1.8424116373062134,0.8853714466094971,1.230775745093233,0.1496826116713642,0.18422572790732433,0.6808601218377595,0.7294220618912632,0.15136831998825073,0.575684130191803,2.0,0.22224377851170882,0.5133839180020044,0.7056010589031383,-10.139616012573242,-0.012372352182865143,0.1280292123556137,0.5520833333333334
MSAGAT-Net.australia-covid.w-20.h-3.none.seed-45.with_adj.loggrowth.quant.exp-nodecay-regpre,australia-covid,3,45,none,loggrowth,nodecay-regpre,save_all,0.8364017605781555,0.7625592350959778,0.34966200590133667,1.9584959745407104,1.00373113155365,1.3159907310127181,0.1496826116713642,0.19698092955329138,0.546642935454628,0.6396533883869409,0.21124067902565002,0.6056203246116638,2.0,0.16587050428781586,0.6079810818590622,0.6729451607745178,-11.512925148010254,-0.01168887224048376,0.12098735570907593,0.5
MSAGAT-Net.australia-covid.w-20.h-3.none.seed-45.with_adj.loggrowth.quant,australia-covid,3,45,none,loggrowth,,save_all,4.287698175176047e-06,3.820890924544074e-06,1.1250647765845279e-12,2.3681131708364056e-11,0.1945796012878418,0.7951621866489599,0.1496826116713642,0.11902195279992908,0.11902195280105414,9.452582066646814e-12,0.15296325087547302,0.5764816403388977,2.0,0.189032452436871,0.567169341657089,0.6750759054388293,-10.435770034790039,-0.015358028002083302,0.12288680672645569,0.5
MSAGAT-Net.australia-covid.w-20.h-3.none.seed-45.with_adj,australia-covid,3,45,none,level,,save_all,8.157947956760354e-16,1.062337393380674e-15,0.0,1.2312177201275374e-31,0.0441381111741066,0.7154597379892268,0.1496826116713642,0.10709188212793741,0.10709188212793741,0.0,0.010311603546142578,0.5051558017730713,2.0,0.33110566934099855,0.37034621004260926,0.5489417608050832,-9.818026542663574,-0.0057037691585719585,0.028788797557353973,0.5
MSAGAT-Net.australia-covid.w-20.h-7.none.seed-1000.with_adj.loggrowth.quant.exp-nodecay-regpre,australia-covid,7,1000,none,loggrowth,nodecay-regpre,save_all,0.4169423282146454,0.4453943371772766,0.14237791299819946,0.42494019865989685,0.8831492066383362,1.2292030563784313,0.1496826116713642,0.18399032375314675,0.3263682367513462,0.43624929440261223,0.1840035319328308,0.592001736164093,2.0,0.11331357192141868,0.4523970735651701,0.634458793785564,-11.512925148010254,-0.004987992346286774,0.11993491649627686,0.53125
MSAGAT-Net.australia-covid.w-20.h-7.none.seed-1000.with_adj.loggrowth.quant,australia-covid,7,1000,none,loggrowth,,save_all,0.1328386515378952,0.12736651301383972,0.010237504728138447,0.03690415993332863,0.781705915927887,1.1585140923867043,0.1496826116713642,0.17340941500652202,0.18364691973466046,0.05574558366091821,0.18148908019065857,0.5907445549964905,2.0,0.1131795705072725,0.45282162558433275,0.6345447582125058,-11.313631057739258,-0.004620878025889397,0.12027134746313095,0.5416666666666666
MSAGAT-Net.australia-covid.w-20.h-7.none.seed-1000.with_adj,australia-covid,7,1000,none,level,,save_all,0.0001581905089551583,0.00014189585635904223,1.3176641999734784e-09,2.099523932486136e-08,0.3675827980041504,0.8937339799325373,0.1496826116713642,0.13377643625574479,0.13377643757340899,9.849748011494314e-09,0.1373554766178131,0.5686777234077454,2.0,0.09845569657246826,0.5019825725106456,0.6767548015777146,-10.734907150268555,0.007026098668575287,0.061328161507844925,0.46875
MSAGAT-Net.australia-covid.w-20.h-7.none.seed-123.with_adj.loggrowth.quant.attnfix,australia-covid,7,123,none,loggrowth,,save_all,0.5452813506126404,0.5393486022949219,0.2762259244918823,1.1434119939804077,0.8706198930740356,1.2203551602543485,0.1496826116713642,0.18266594755349708,0.4588918720453794,0.6019412007902519,0.15918207168579102,0.5795910358428955,2.0,0.11833698361521057,0.4367654807302619,0.677892875699121,-11.214591979980469,-0.007129637524485588,0.11614999175071716,0.5
MSAGAT-Net.australia-covid.w-20.h-7.none.seed-123.with_adj.loggrowth.quant.exp-nodecay-regpre,australia-covid,7,123,none,loggrowth,nodecay-regpre,save_all,0.6849583983421326,0.6525826454162598,0.39731547236442566,1.702157735824585,0.7471345067024231,1.1349257189841158,0.1496826116713642,0.16987864567054323,0.5671941180349689,0.7004929348366942,0.16795429587364197,0.5839771628379822,2.0,0.12834071307961958,0.4072268036772806,0.6845830779565729,-11.512925148010254,0.0012869909405708313,0.11425138264894485,0.4791666666666667
MSAGAT-Net.australia-covid.w-20.h-7.none.seed-123.with_adj.loggrowth.quant,australia-covid,7,123,none,loggrowth,,save_all,0.002576396567746997,0.0029753209091722965,1.1617094060056843e-06,9.541706276650075e-06,0.41890814900398254,0.9243782226751948,0.1496826116713642,0.138363346542157,0.13836450825156302,8.396007189167033e-06,0.14099600911140442,0.570497989654541,2.0,0.14347077455488805,0.36630263272226865,0.6922690747902818,-10.725144386291504,0.0020466619171202183,0.1162501648068428,0.4895833333333333
MSAGAT-Net.australia-covid.w-20.h-7.none.seed-123.with_adj,australia-covid,7,123,none,level,,save_all,7.14227814281716e-41,7.062684390043511e-41,0.0,0.0,5.041282520323875e-07,0.6931474326241032,0.1496826116713642,0.10375211798847672,0.10375211798847672,0.0,2.682209014892578e-07,0.5000001192092896,2.0,0.21864768400948517,0.21642011400407782,0.5996922332550453,-7.935343265533447,-0.0016190620372071862,0.02529258467257023,0.46875
MSAGAT-Net.australia-covid.w-20.h-7.none.seed-30.with_adj.loggrowth,australia-covid,7,30,none,loggrowth,,save_all,0.016377044841647148,0.02524745464324951,0.00012065888586221263,0.0011694551212713122,0.4669162333011627,0.953612637378032,0.1496826116713642,0.1427392300855614,0.14285988897142363,0.0008445959655361913,0.08682912588119507,0.5434145331382751,2.0,0.13385651919633104,0.39180318891133065,0.6829610770705845,-10.83207893371582,0.01406831294298172,0.11594116687774658,0.4791666666666667
MSAGAT-Net.australia-covid.w-20.h-7.none.seed-30.with_adj.loggrowth.quant.attnfix,australia-covid,7,30,none,loggrowth,,save_all,0.5278036594390869,0.5061081647872925,0.170620858669281,0.5754097700119019,0.8772088885307312,1.2250040878925446,0.1496826116713642,0.18336181118385345,0.3539826698531344,0.4820034233316301,0.1301535964012146,0.5650767683982849,2.0,0.11360954049751036,0.4514607765769381,0.6208038435893546,-11.273972511291504,-0.01914457231760025,0.12587258219718933,0.5416666666666666
MSAGAT-Net.australia-covid.w-20.h-7.none.seed-30.with_adj.loggrowth.quant.exp-nodecay-regpre,australia-covid,7,30,none,loggrowth,nodecay-regpre,save_all,0.9134598970413208,0.8462023138999939,0.5196529030799866,1.5768811702728271,0.8301186561584473,1.1919784202773387,0.1496826116713642,0.17841844300301904,0.6980713460830056,0.7444123097099536,0.18566599488258362,0.5928329825401306,2.0,0.1368759818541363,0.3836088470664795,0.689292698323952,-11.512925148010254,-0.013161743991076946,0.13682113587856293,0.5520833333333334
MSAGAT-Net.australia-covid.w-20.h-7.none.seed-30.with_adj.loggrowth.quant,australia-covid,7,30,none,loggrowth,,save_all,0.3607018291950226,0.42706674337387085,0.14615778625011444,0.7569015026092529,0.28668779134750366,0.8467298208143533,0.1496826116713642,0.12674073095951865,0.2728985172096331,0.5355755969089421,0.06349679827690125,0.5317484140396118,2.0,0.22934417918580055,0.20080735681704753,0.7223801094238506,-9.817778587341309,-0.017827026546001434,0.14210940897464752,0.5520833333333334
MSAGAT-Net.australia-covid.w-20.h-7.none.seed-30.with_adj.pprm-multistep,australia-covid,7,30,none,level,,save_all,1.1434463342967155e-21,5.329839120325091e-22,0.0,1.5414283107572988e-44,0.020811473950743675,0.7036070562393106,0.1496826116713642,0.10531774176830044,0.10531774176830044,0.0,0.011890918016433716,0.5059454441070557,2.0,0.0972968447831486,0.5060711972920687,0.5627837538160444,-9.583454132080078,0.0017629823414608836,0.03650854900479317,0.5
MSAGAT-Net.australia-covid.w-20.h-7.none.seed-30.with_adj.pprm-multistep.sgate,australia-covid,7,30,none,level,,save_all,5.561193085519469e-41,4.025510098465902e-41,0.0,0.0,4.6871491576894186e-07,0.6931474149174307,0.1496826116713642,0.10375211533809574,0.10375211533809574,0.0,3.5762786865234375e-07,0.5000001788139343,2.0,0.2620891206895108,0.1596735525060463,0.48506750952917166,-7.926365852355957,-0.0003194816817995161,0.019203918054699898,0.3854166666666667
MSAGAT-Net.australia-covid.w-20.h-7.none.seed-30.with_adj,australia-covid,7,30,none,level,,save_all,1.6174005477797473e-38,3.555143249438312e-39,0.0,0.0,0.0009677179041318595,0.6936311565717493,0.1496826116713642,0.10382452305228838,0.10382452305228838,0.0,0.0006164610385894775,0.5003082156181335,2.0,0.1164361943199038,0.44261570865106337,0.6102186297748238,-8.90686321258545,0.005820616614073515,0.03592265397310257,0.4375
MSAGAT-Net.australia-covid.w-20.h-7.none.seed-30.with_adj.sgate,australia-covid,7,30,none,level,,save_all,3.70624353429605e-09,3.0126927619278376e-09,1.8421942966772998e-19,4.9005554384540576e-18,0.14200010895729065,0.76666562410233,0.1496826116713642,0.11475651289429314,0.11475651289429314,1.6053069670862335e-18,0.06929028034210205,0.534645140171051,2.0,0.09081374607718246,0.529566663692616,0.6493928158578247,-10.244405746459961,0.002036371733993292,0.0553521029651165,0.4479166666666667
MSAGAT-Net.australia-covid.w-20.h-7.none.seed-42.with_adj.loggrowth,australia-covid,7,42,none,loggrowth,,save_all,0.31088560819625854,0.28696513175964355,0.039554521441459656,0.3531346023082733,0.6758308410644531,1.0871014434527864,0.1496826116713642,0.1627201832077229,0.20227470464918257,0.19554853143926962,0.09121295809745789,0.5456064939498901,2.0,0.12523410686261305,0.4161794472963519,0.6782900014671669,-11.096281051635742,-0.029033377766609192,0.1054275631904602,0.5625
MSAGAT-Net.australia-covid.w-20.h-7.none.seed-42.with_adj.loggrowth.quant.attnfix,australia-covid,7,42,none,loggrowth,,save_all,0.5623887777328491,0.5682560205459595,0.2627701163291931,1.1005504131317139,0.8115621209144592,1.1790925113508934,0.1496826116713642,0.17648964650114937,0.4392597628303425,0.5982112147856441,0.11042222380638123,0.5552111268043518,2.0,0.11834872111123917,0.4367295964727832,0.680372533819943,-11.184971809387207,0.013420969247817993,0.11941339820623398,0.46875
MSAGAT-Net.australia-covid.w-20.h-7.none.seed-42.with_adj.loggrowth.quant.exp-nodecay-regpre,australia-covid,7,42,none,loggrowth,nodecay-regpre,save_all,0.6209083199501038,0.5838817954063416,0.27924787998199463,1.1257802248001099,0.831967294216156,1.1932661360800434,0.1496826116713642,0.17861119166745837,0.457859071649453,0.6098991966589077,0.15441331267356873,0.5772066712379456,2.0,0.12169717037196512,0.4266120645641207,0.6732639231915076,-11.512925148010254,0.017448337748646736,0.11722135543823242,0.4375
MSAGAT-Net.australia-covid.w-20.h-7.none.seed-42.with_adj.loggrowth.quant,australia-covid,7,42,none,loggrowth,,save_all,0.4141600430011749,0.36295631527900696,0.07997225224971771,0.9352932572364807,0.6177422404289246,1.0489792866800651,0.1496826116713642,0.1570139592194368,0.23698621146915452,0.3374552964661688,0.13810640573501587,0.5690532326698303,2.0,0.12591858737232034,0.4141901497843763,0.685676844836821,-11.027515411376953,0.017981549724936485,0.11849551647901535,0.4479166666666667
MSAGAT-Net.australia-covid.w-20.h-7.none.seed-42.with_adj.pprm-multistep,australia-covid,7,42,none,level,,save_all,4.278304341430099e-41,1.2587864105029832e-41,0.0,0.0,3.754673794098551e-10,0.693147180747679,0.1496826116713642,0.10375208028695573,0.10375208028695573,0.0,0.039159178733825684,0.5195795893669128,2.0,0.23977642021537557,0.18666589058545224,0.5776607636165574,-7.330478668212891,0.0018141033360734582,0.019904697313904762,0.59375
MSAGAT-Net.australia-covid.w-20.h-7.none.seed-42.with_adj.pprm-multistep.sgate,australia-covid,7,42,none,level,,save_all,5.925670816090354e-41,3.1843106303317143e-41,0.0,0.0,3.999881315053244e-09,0.6931471825598859,0.1496826116713642,0.1037520805582116,0.1037520805582116,0.0,0.04983925819396973,0.5249196290969849,2.0,0.2243984894863642,0.20788101080593308,0.5994699258838506,-7.525002956390381,-0.0015127775259315968,0.027365894988179207,0.5104166666666666
MSAGAT-Net.australia-covid.w-20.h-7.none.seed-42.with_adj,australia-covid,7,42,none,level,,save_all,6.276696081403721e-41,5.383088050703785e-41,0.0,0.0,-0.01829560659825802,0.6840412178298684,0.1496826116713642,0.10238907597563525,0.10238907597563525,0.0,0.07187575101852417,0.5359379053115845,2.0,0.36497306987370154,0.0777068792791923,0.5844766375653737,-6.253235816955566,-0.012625060975551605,0.04195965453982353,0.4479166666666667
MSAGAT-Net.australia-covid.w-20.h-7.none.seed-42.with_adj.sgate,australia-covid,7,42,none,level,,save_all,2.697219284132408e-41,2.490387630798065e-41,0.0,0.0,-0.03751146048307419,0.6745673287155429,0.1496826116713642,0.1009709995103181,0.1009709995103181,0.0,0.0880216658115387,0.5440108180046082,2.0,0.1725449935646511,0.2988495662970363,0.6699597423251389,-8.241531372070312,-0.0061998083256185055,0.039342593401670456,0.6145833333333334
MSAGAT-Net.australia-covid.w-20.h-7.none.seed-45.with_adj.loggrowth,australia-covid,7,45,none,loggrowth,,save_all,0.4010623097419739,0.47421878576278687,0.053943999111652374,1.003082275390625,0.3506895899772644,0.8837867386773075,0.1496826116713642,0.13228750720573687,0.18623150631738924,0.2896609718643262,0.085672527551651,0.5428362488746643,2.0,0.22919967837620975,0.2010105773585082,0.7175764087691214,-9.902593612670898,0.0020240831654518843,0.10677289217710495,0.5104166666666666
MSAGAT-Net.australia-covid.w-20.h-7.none.seed-45.with_adj.loggrowth.quant.attnfix,australia-covid,7,45,none,loggrowth,,save_all,0.4772745370864868,0.5308825373649597,0.17410051822662354,0.656999409198761,1.1443352699279785,1.420781092335166,0.1496826116713642,0.2126662245140213,0.3867667427406448,0.45014345595730443,0.15172350406646729,0.5758617520332336,2.0,0.11478956094679525,0.4477470051955217,0.6416026886564937,-11.273972511291504,-0.008788900449872017,0.11618852615356445,0.5208333333333334
MSAGAT-Net.australia-covid.w-20.h-7.none.seed-45.with_adj.loggrowth.quant.exp-nodecay-regpre,australia-covid,7,45,none,loggrowth,nodecay-regpre,save_all,0.4501599967479706,0.47181397676467896,0.14163795113563538,0.5698534846305847,1.123598337173462,1.405092181766269,0.1496826116713642,0.21031786740579034,0.3519558185414257,0.40243105433690785,0.16181769967079163,0.5809088349342346,2.0,0.11058036057364379,0.46113588224023955,0.6619657307550179,-11.512925148010254,-0.0010029716650024056,0.1095479428768158,0.5208333333333334
MSAGAT-Net.australia-covid.w-20.h-7.none.seed-45.with_adj.loggrowth.quant,australia-covid,7,45,none,loggrowth,,save_all,0.1134626567363739,0.12013347446918488,0.006088225170969963,0.022912029176950455,0.8727524876594543,1.2218588450656849,0.1496826116713642,0.18289102302318846,0.18897924819415843,0.03221636888254992,0.1656700074672699,0.5828350186347961,2.0,0.10899668428494218,0.4662763522759444,0.6548796951350789,-11.333486557006836,-0.0006162784993648529,0.1076018437743187,0.53125
MSAGAT-Net.australia-covid.w-20.h-7.none.seed-45.with_adj.pprm-multistep,australia-covid,7,45,none,level,,save_all,1.2498181003313043e-41,6.429717873707991e-41,0.0,0.0,8.735676146898186e-07,0.6931476173438481,0.1496826116713642,0.10375214563781057,0.10375214563781057,0.0,4.76837158203125e-07,0.5000002384185791,2.0,0.29865045657540484,0.1236187315074672,0.501851821815047,-7.989203453063965,0.0015079776057973504,0.023974237963557243,0.4791666666666667
MSAGAT-Net.australia-covid.w-20.h-7.none.seed-45.with_adj.pprm-multistep.sgate,australia-covid,7,45,none,level,,save_all,1.4186769506330973e-21,7.894704359543707e-22,0.0,1.6675451725465323e-43,0.020574169233441353,0.7034871762984196,0.1496826116713642,0.10529979782566087,0.10529979782566087,0.0,0.03742888569831848,0.518714427947998,2.0,0.14505566448247864,0.3622612467344315,0.5731118401811465,-9.583454132080078,0.004550172481685877,0.0353783518075943,0.5416666666666666
MSAGAT-Net.australia-covid.w-20.h-7.none.seed-45.with_adj,australia-covid,7,45,none,level,,save_all,7.702576213226299e-22,4.2188685108003185e-22,0.0,2.5223372357846707e-44,0.019974755123257637,0.7031844311477417,0.1496826116713642,0.10525448214083656,0.10525448214083656,0.0,0.08627369999885559,0.5431368350982666,2.0,0.14305925081078505,0.36735934963212385,0.6285496568644989,-9.574103355407715,-0.005723634269088507,0.04246966168284416,0.4166666666666667
MSAGAT-Net.australia-covid.w-20.h-7.none.seed-45.with_adj.sgate,australia-covid,7,45,none,level,,save_all,1.0847151088455576e-06,9.649112371334922e-07,3.560838418830564e-14,7.430441353352413e-13,0.23032209277153015,0.8149246550074586,0.1496826116713642,0.12198005067690187,0.12198005067693748,2.919197359789099e-13,0.023767799139022827,0.5118839144706726,2.0,0.10271088462508986,0.4872508518203733,0.6507373550831934,-10.474200248718262,0.005941206123679876,0.05740925669670105,0.5104166666666666
MSAGAT-Net.japan.w-20.h-10.none.seed-1000.with_adj.loggrowth.quant.exp-nodecay-regpre,japan,10,1000,none,loggrowth,nodecay-regpre,save_all,1.4089000225067139,1.6416646242141724,1.0410923957824707,10.985003471374512,0.5694935917854309,1.0178980658903254,0.06853141215618694,0.06975799188651542,1.1108503876689861,0.9372030719340199,0.05513469874858856,0.2802170217037201,4.0,0.13621285965031732,0.2561150307640073,0.8190756387701006,-11.512925148010254,-0.02415718138217926,0.14100900292396545,0.5625
MSAGAT-Net.japan.w-20.h-10.none.seed-1000.with_adj.loggrowth.quant,japan,10,1000,none,loggrowth,,save_all,7.89030527605839e-40,5.879427966767635e-40,0.0,0.0,0.001600133371539414,0.6939475672990317,0.06853141215618694,0.047557206749353216,0.047557206749353216,0.0,0.07700280845165253,0.2971038222312927,4.0,0.12747759038171705,0.27949359465166,0.8130354832499376,-9.680410385131836,-0.019535737112164497,0.1400715857744217,0.5833333333333334
MSAGAT-Net.japan.w-20.h-10.none.seed-1000.with_adj,japan,10,1000,none,level,,save_all,4.088940962148879e-29,1.3742566405406803e-29,0.0,0.0,0.10821621865034103,0.7487184199101373,0.06853141215618694,0.051310730623790664,0.051310730623790664,0.0,0.026505976915359497,0.26953986287117004,4.0,0.332223353610181,0.03607217320955826,0.6788753382131327,-10.122381210327148,-0.004370689392089844,0.04158011078834534,0.5729166666666666
MSAGAT-Net.japan.w-20.h-10.none.seed-123.with_adj.loggrowth.quant.exp-nodecay-regpre,japan,10,123,none,loggrowth,nodecay-regpre,save_all,1.6800892353057861,1.802994966506958,1.2124841213226318,6.634552001953125,1.0282330513000488,1.3339797203631187,0.06853141215618694,0.09141951402419989,1.3039036353468316,0.9298878294791451,0.05904679000377655,0.2780050039291382,4.0,0.14945544532570204,0.2243485402273051,0.8049600116994579,-11.512925148010254,0.02576366998255253,0.15918999910354614,0.4375
MSAGAT-Net.japan.w-20.h-10.none.seed-123.with_adj.loggrowth.quant,japan,10,123,none,loggrowth,,save_all,1.5298363781246156e-33,3.982049102370406e-34,0.0,0.0,0.06035899743437767,0.723782011235285,0.06853141215618694,0.04960180332319924,0.04960180332319924,0.0,0.10109630227088928,0.3156150281429291,4.0,0.12496450975897357,0.2866064961487419,0.7799804418169526,-9.940348625183105,0.026539703831076622,0.1485709697008133,0.4583333333333333
MSAGAT-Net.japan.w-20.h-10.none.seed-123.with_adj,japan,10,123,none,level,,save_all,4.224326064503312e-35,4.645181991802925e-37,0.0,0.0,0.05441916733980179,0.7207268992826849,0.06853141215618694,0.04939243218679231,0.04939243218679231,0.0,0.00878816843032837,0.2550182640552521,4.0,0.33265266207691097,0.03591764425611454,0.6601323712699996,-9.878070831298828,0.004782613832503557,0.06419944763183594,0.5729166666666666
MSAGAT-Net.japan.w-20.h-10.none.seed-30.with_adj.loggrowth.quant.exp-nodecay-regpre,japan,10,30,none,loggrowth,nodecay-regpre,save_all,1.4147940874099731,1.3728868961334229,1.051318883895874,6.326581001281738,1.121360182762146,1.4034036100104326,0.06853141215618694,0.0961772312191056,1.1474961151149796,0.916185135659942,0.10666485130786896,0.31127092242240906,4.0,0.1319943026474842,0.267150522039264,0.8056998287472326,-11.512925148010254,-0.024751506745815277,0.14719520509243011,0.5520833333333334
MSAGAT-Net.japan.w-20.h-10.none.seed-30.with_adj.loggrowth.quant,japan,10,30,none,loggrowth,,save_all,8.481358955325955e-41,8.701923333610682e-41,0.0,0.0,-0.014093994162976742,0.6861250133568818,0.06853141215618694,0.04702111608102973,0.04702111608102973,0.0,0.07947757840156555,0.29295459389686584,4.0,0.13805014340042426,0.2514524346411886,0.8068522669999233,-9.366422653198242,-0.024830400943756104,0.14685939252376556,0.53125
MSAGAT-Net.japan.w-20.h-10.none.seed-30.with_adj,japan,10,30,none,level,,save_all,4.2131360163742584e-23,1.8912955979891862e-23,0.0,1.401298464324817e-45,0.18541453778743744,0.7901456267282032,0.06853141215618694,0.05414979560871913,0.05414979560871913,0.0,0.04945002496242523,0.285820871591568,4.0,0.25471828655710665,0.07830194267953995,0.6847805662661979,-10.374309539794922,0.0019508044933900237,0.04414811730384827,0.53125
MSAGAT-Net.japan.w-20.h-10.none.seed-42.with_adj.loggrowth.quant.exp-nodecay-regpre,japan,10,42,none,loggrowth,nodecay-regpre,save_all,1.3230409622192383,1.629164218902588,0.977228581905365,8.233490943908691,0.8096540570259094,1.1777716750043503,0.06853141215618694,0.08071435608560579,1.0579429379909708,0.923706323671027,0.09016269445419312,0.2989668548107147,4.0,0.12993778994283423,0.2727013879653363,0.8128330070108803,-11.512925148010254,-0.004336177837103605,0.14146237075328827,0.46875
MSAGAT-Net.japan.w-20.h-10.none.seed-42.with_adj.loggrowth.quant,japan,10,42,none,loggrowth,,save_all,9.835433661403026e-41,7.334676421968958e-41,0.0,0.0,-0.046348296105861664,0.6702415290450134,0.06853141215618694,0.045932598471176755,0.045932598471176755,0.0,0.06248721480369568,0.28885480761528015,4.0,0.19520632067477509,0.1419808333715401,0.8282787893900375,-7.808166027069092,-0.005981618072837591,0.14801125228405,0.4583333333333333
MSAGAT-Net.japan.w-20.h-10.none.seed-42.with_adj,japan,10,42,none,level,,save_all,7.477205468362877e-24,1.4007600948402544e-24,0.0,0.0,0.17722108960151672,0.7856785128161928,0.06853141215618694,0.05384365798406651,0.05384365798406651,0.0,0.04731933772563934,0.28445881605148315,4.0,0.27059326762401864,0.06680798456007321,0.6752845869497192,-10.351319313049316,-0.00351031799800694,0.05021471157670021,0.4791666666666667
MSAGAT-Net.japan.w-20.h-10.none.seed-45.with_adj.loggrowth.quant.exp-nodecay-regpre,japan,10,45,none,loggrowth,nodecay-regpre,save_all,2.1086583137512207,2.0106546878814697,1.6748688220977783,8.68740463256836,0.39399686455726624,0.909425580207058,0.06853141215618694,0.06232421926254934,1.7371930413603276,0.9641236075791867,0.045386090874671936,0.2784263491630554,4.0,0.7991022887333361,0.0003384876714718148,0.2781144401745218,-11.512925148010254,-0.020578762516379356,0.15331988036632538,0.53125
MSAGAT-Net.japan.w-20.h-10.none.seed-45.with_adj.loggrowth.quant,japan,10,45,none,loggrowth,,save_all,1.4173010640661232e-05,2.0566090825013816e-05,1.0755607559101432e-12,1.670882876503299e-10,-0.02839003875851631,0.6790529070849848,0.06853141215618694,0.046536454651298007,0.04653645465237357,2.3112219526488675e-11,0.07555420696735382,0.2960124909877777,4.0,0.8046172222082293,0.0003203257144813343,0.29058240466145724,-4.264056205749512,-0.021712927147746086,0.1620645374059677,0.5416666666666666
MSAGAT-Net.japan.w-20.h-10.none.seed-45.with_adj,japan,10,45,none,level,,save_all,1.6476194323808424e-12,2.1446248097724274e-13,0.0,2.157021323153008e-25,0.41500166058540344,0.9220235698856655,0.06853141215618694,0.06318757728555337,0.06318757728555337,0.0,0.11464232206344604,0.3291787803173065,4.0,0.16600610569121943,0.19012737115691453,0.6724440776087061,-10.820378303527832,-0.008540383540093899,0.0658876895904541,0.4895833333333333
MSAGAT-Net.japan.w-20.h-14.no_agam.seed-5,japan,14,5,no_agam,level,,save_all,,,,,,,0.06853141215618694,,0.0,,0.04368025064468384,0.2767295241355896,4.0,0.26141846458215107,0.025736154027726284,0.6723782994336261,,-0.002326228888705373,0.044591739773750305,0.5625
MSAGAT-Net.japan.w-20.h-14.no_mtfm.seed-5,japan,14,5,no_mtfm,level,,save_all,3.4797324666403093e-32,7.529305068561717e-33,0.0,0.0,0.07522942870855331,0.7314691615244562,0.06853141215618694,0.050128614587972985,0.050128614587972985,0.0,,,,0.29073929213485233,0.017071410932861294,0.6808580100594652,-9.990299224853516,-0.0007433539140038192,0.043247636407613754,0.4895833333333333
MSAGAT-Net.japan.w-20.h-14.no_pprm.seed-5,japan,14,5,no_pprm,level,,save_all,3.195978581231272e-34,6.188383122241721e-35,0.0,0.0,0.05731222406029701,0.7222138227870135,0.06853141215618694,0.049494333154312176,0.049494333154312176,0.0,0.019527509808540344,0.2637118697166443,4.0,,,0.6624289486899334,-9.904525756835938,0.008967184461653233,0.07191043347120285,0.4479166666666667
MSAGAT-Net.japan.w-20.h-14.none.seed-5,japan,14,5,none,level,,save_all,1.0606007686935243e-40,1.3057859609964375e-40,0.0,0.0,-0.005954092834144831,0.6901745655390118,0.06853141215618694,0.047298637610671275,0.047298637610671275,0.0,0.00011202692985534668,0.2500840127468109,4.0,0.6294161549799524,0.00014896097937294224,0.6887905009790524,-8.643271446228027,-0.018595680594444275,0.03907110169529915,0.65625
MSAGAT-Net.japan.w-20.h-15.none.seed-1000.with_adj.loggrowth.quant.exp-nodecay-regpre,japan,15,1000,none,loggrowth,nodecay-regpre,save_all,1.5634455680847168,1.9515786170959473,1.3323688507080078,8.872018814086914,0.8827770352363586,1.228939768976824,0.06853141215618694,0.08422097782287988,1.4165898285308878,0.9405466733371766,0.01975257694721222,0.2632153332233429,4.0,0.13910067794209469,0.12411953706684237,0.8378417295166837,-11.512925148010254,0.005827949848026037,0.1484714299440384,0.5208333333333334
MSAGAT-Net.japan.w-20.h-15.none.seed-1000.with_adj.loggrowth.quant,japan,15,1000,none,loggrowth,,save_all,7.414690564281905e-41,5.74868682004613e-41,0.0,0.0,-0.008146357722580433,0.6890822970687354,0.06853141215618694,0.04722378290994955,0.04722378290994955,0.0,0.02641715109348297,0.264812707901001,4.0,0.16103610335764848,0.0893189551090836,0.8466915862939762,-8.203887939453125,0.008070197887718678,0.1488015055656433,0.5208333333333334
MSAGAT-Net.japan.w-20.h-15.none.seed-1000.with_adj,japan,15,1000,none,level,,save_all,3.3910708052295383e-31,1.2105011603369506e-31,0.0,0.0,0.08021801710128784,0.73406033981815,0.06853141215618694,0.05030619169558828,0.05030619169558828,0.0,0.022535398602485657,0.26664987206459045,4.0,0.28957000818757156,0.012990328982229665,0.679526614024796,-10.036956787109375,-0.0023329753894358873,0.05286235734820366,0.59375
MSAGAT-Net.japan.w-20.h-15.none.seed-123.with_adj.loggrowth.quant.exp-nodecay-regpre,japan,15,123,none,loggrowth,nodecay-regpre,save_all,1.5473918914794922,1.7012662887573242,1.3616796731948853,6.621586322784424,0.8144288063049316,1.1810784002698609,0.06853141215618694,0.08094097063766377,1.442620643832549,0.9438931010839888,0.04714740812778473,0.2713319659233093,4.0,0.1282197518231744,0.14612450052255804,0.8461008980248009,-11.512925148010254,0.010272876359522343,0.1496460884809494,0.5208333333333334
MSAGAT-Net.japan.w-20.h-15.none.seed-123.with_adj.loggrowth.quant,japan,15,123,none,loggrowth,,save_all,7.2563438378132e-41,7.343504602294204e-41,0.0,0.0,-0.030954452231526375,0.6777897219268084,0.06853141215618694,0.04644988678859344,0.04644988678859344,0.0,0.04912421107292175,0.2743839621543884,4.0,0.14548668374098478,0.1127818050006378,0.8561626077407289,-8.356491088867188,0.007658913731575012,0.15602092444896698,0.5208333333333334
MSAGAT-Net.japan.w-20.h-15.none.seed-123.with_adj,japan,15,123,none,level,,save_all,7.407087539700862e-31,3.3920234258514447e-31,0.0,0.0,0.07762079685926437,0.7327105135136084,0.06853141215618694,0.05021368619277248,0.05021368619277248,0.0,0.02807830274105072,0.26690220832824707,4.0,0.3102200678178439,0.009530090955214987,0.6748855033102347,-10.059715270996094,-0.010193955153226852,0.055629879236221313,0.5520833333333334
MSAGAT-Net.japan.w-20.h-15.none.seed-30.with_adj.loggrowth,japan,15,30,none,loggrowth,,save_all,6.412481902596795e-41,8.246781592397981e-41,0.0,0.0,-0.0032307528890669346,0.6915331088353732,0.06853141215618694,0.04739174050124624,0.04739174050124624,0.0,0.0869126170873642,0.300682932138443,4.0,0.12782749834824397,0.14698680248848703,0.8090903072857129,-9.372008323669434,-0.01471805851906538,0.13024123013019562,0.4895833333333333
MSAGAT-Net.japan.w-20.h-15.none.seed-30.with_adj.loggrowth.quant.exp-nodecay-regpre,japan,15,30,none,loggrowth,nodecay-regpre,save_all,1.610129475593567,1.5832444429397583,1.0540741682052612,5.4576029777526855,1.0957695245742798,1.3841630460310075,0.06853141215618694,0.09485864819891413,1.1489328164041754,0.9174376022300468,0.07679571211338043,0.28221720457077026,4.0,0.1289250383852932,0.14458675430363493,0.8248434663437527,-11.512925148010254,0.01063756924122572,0.14827774465084076,0.4583333333333333
MSAGAT-Net.japan.w-20.h-15.none.seed-30.with_adj.loggrowth.quant,japan,15,30,none,loggrowth,,save_all,2.2570262810462685e-36,8.178261236401057e-37,0.0,0.0,0.060020796954631805,0.7236078234682392,0.06853141215618694,0.04958986598954326,0.04958986598954326,0.0,0.07736904919147491,0.2813355624675751,4.0,0.12136563468800433,0.16194726518068608,0.8116730873144699,-9.821444511413574,0.010963439010083675,0.14735092222690582,0.46875
MSAGAT-Net.japan.w-20.h-15.none.seed-30.with_adj.pprm-multistep,japan,15,30,none,level,,save_all,6.082308697708326e-31,7.745869331549584e-33,0.0,0.0,0.0888134241104126,0.7385395467723335,0.06853141215618694,0.05061315807349828,0.05061315807349828,0.0,0.022625818848609924,0.2619493007659912,4.0,0.2542217603131695,0.022074627549207193,0.7017345235415798,-10.054022789001465,4.6302564442157745e-05,0.04478658735752106,0.4791666666666667
MSAGAT-Net.japan.w-20.h-15.none.seed-30.with_adj.pprm-multistep.sgate,japan,15,30,none,level,,save_all,2.0832683879577758e-40,1.8597472699133242e-40,0.0,0.0,0.027443835511803627,0.7069632408749861,0.06853141215618694,0.04844918923967734,0.04844918923967734,0.0,0.007050037384033203,0.25527578592300415,4.0,0.3127930639249583,0.009169285078177417,0.700383452282015,-9.66360092163086,-0.0011898619122803211,0.03744712099432945,0.4479166666666667
MSAGAT-Net.japan.w-20.h-15.none.seed-30.with_adj,japan,15,30,none,level,,save_all,2.184133851419876e-40,1.1273726405186018e-40,0.0,0.0,0.015579916536808014,0.7009674802463927,0.06853141215618694,0.04803829129684936,0.04803829129684936,0.0,0.004046723246574402,0.2530323266983032,4.0,0.4417374889496775,0.0013253716951459708,0.6661071159198216,-9.50637149810791,-0.004836354870349169,0.024764373898506165,0.5833333333333334
MSAGAT-Net.japan.w-20.h-15.none.seed-30.with_adj.sgate,japan,15,30,none,level,,save_all,4.2082220440234557e-23,4.239991287056788e-25,0.0,0.0,0.18844552338123322,0.7918023540337817,0.06853141215618694,0.05426333347052814,0.05426333347052814,0.0,0.04934723675251007,0.2858751714229584,4.0,0.24770774712542246,0.024340437747674477,0.6638290213286597,-10.374308586120605,-0.006685007829219103,0.035817068070173264,0.4791666666666667
MSAGAT-Net.japan.w-20.h-15.none.seed-42.with_adj.loggrowth,japan,15,42,none,loggrowth,,save_all,8.445205454946375e-41,7.943820864410955e-41,0.0,0.0,-0.04785913974046707,0.669503895526087,0.06853141215618694,0.04588204740447099,0.04588204740447099,0.0,0.08268719911575317,0.30609118938446045,4.0,0.13869390159982994,0.12487918563239093,0.8332011222818938,-8.443902015686035,0.02757749892771244,0.13727045059204102,0.4270833333333333
MSAGAT-Net.japan.w-20.h-15.none.seed-42.with_adj.loggrowth.quant.exp-nodecay-regpre,japan,15,42,none,loggrowth,nodecay-regpre,save_all,1.5789588689804077,1.8772304058074951,1.3698596954345703,8.119851112365723,1.0800540447235107,1.372408066201658,0.06853141215618694,0.09405306283134131,1.4639127582659117,0.9357522760148954,0.08682860434055328,0.3022337257862091,4.0,0.13247929285792803,0.13708016300285825,0.8501077715074055,-11.512925148010254,0.006957288831472397,0.1509610265493393,0.5
MSAGAT-Net.japan.w-20.h-15.none.seed-42.with_adj.loggrowth.quant,japan,15,42,none,loggrowth,,save_all,8.223239778197324e-41,7.534361453135244e-41,0.0,0.0,-0.036191537976264954,0.675215131064563,0.06853141215618694,0.04627344644107935,0.04627344644107935,0.0,0.10404074192047119,0.31657564640045166,4.0,0.12750324467669225,0.14770345907029003,0.8420919624732462,-9.115909576416016,0.012450008653104305,0.14974375069141388,0.5
MSAGAT-Net.japan.w-20.h-15.none.seed-42.with_adj.pprm-multistep,japan,15,42,none,level,,save_all,1.097174658612402e-40,1.766448818158578e-40,0.0,0.0,0.004869404248893261,0.6955848465686811,0.06853141215618694,0.04766941180979634,0.04766941180979634,0.0,0.03077341616153717,0.26799240708351135,4.0,0.36802596679183225,0.004004287960623638,0.7054381036082825,-9.227211952209473,0.0027053270023316145,0.03479753062129021,0.4479166666666667
MSAGAT-Net.japan.w-20.h-15.none.seed-42.with_adj.pprm-multistep.sgate,japan,15,42,none,level,,save_all,5.046426829954766e-23,6.589526225519931e-25,0.0,0.0,0.1907598227262497,0.7930688755734666,0.06853141215618694,0.05435012998016898,0.05435012998016898,0.0,0.044093310832977295,0.27712082862854004,4.0,0.23374575961123906,0.030011147165017137,0.6970408023633279,-10.380061149597168,0.009511026553809643,0.046187061816453934,0.40625
MSAGAT-Net.japan.w-20.h-15.none.seed-42.with_adj,japan,15,42,none,level,,save_all,5.145653052327637e-32,1.448530537918008e-32,0.0,0.0,0.04840797558426857,0.7176440562690399,0.06853141215618694,0.04918116060161139,0.04918116060161139,0.0,0.02119976282119751,0.26575061678886414,4.0,0.29127234770003385,0.012662819021863884,0.68615677426623,-10.008527755737305,0.012339070439338684,0.03997759521007538,0.3541666666666667
MSAGAT-Net.japan.w-20.h-15.none.seed-42.with_adj.sgate,japan,15,42,none,level,,save_all,2.987918515257997e-16,2.527622208428034e-18,0.0,6.30598536273424e-34,0.32626786828041077,0.8695288508608631,0.06853141215618694,0.05959004006004141,0.05959004006004141,0.0,0.08844920992851257,0.312320351600647,4.0,0.18942177443149952,0.058348208902882684,0.6687005145519688,-10.663166999816895,0.007994740270078182,0.03480646386742592,0.4479166666666667
MSAGAT-Net.japan.w-20.h-15.none.seed-45.with_adj.loggrowth,japan,15,45,none,loggrowth,,save_all,6.944695059347361e-41,8.483040513483145e-41,0.0,0.0,0.014254644513130188,0.7002999019627453,0.06853141215618694,0.0479925412143462,0.0479925412143462,0.0,0.06452396512031555,0.2844529449939728,4.0,0.15387199170525123,0.09945202861207174,0.8398159960413616,-8.46031665802002,0.005812592804431915,0.12332891672849655,0.5520833333333334
MSAGAT-Net.japan.w-20.h-15.none.seed-45.with_adj.loggrowth.quant.exp-nodecay-regpre,japan,15,45,none,loggrowth,nodecay-regpre,save_all,1.728386402130127,1.5917565822601318,1.380375623703003,7.818789005279541,0.9432737827301025,1.2721105832597535,0.06853141215618694,0.08717953468962153,1.4675551583926245,0.9405953948708088,0.02048783004283905,0.2624149024486542,4.0,0.145481810337267,0.11279004977100161,0.8347642694909766,-11.512925148010254,0.00964711606502533,0.14586006104946136,0.5
MSAGAT-Net.japan.w-20.h-15.none.seed-45.with_adj.loggrowth.quant,japan,15,45,none,loggrowth,,save_all,6.541261231468246e-41,6.519541105271211e-41,0.0,0.0,-0.016352903097867966,0.6850041558185253,0.06853141215618694,0.046944302131100256,0.046944302131100256,0.0,0.09279438853263855,0.31131595373153687,4.0,0.13478680330086318,0.13241662862607487,0.8247535615096461,-9.054902076721191,0.008556827902793884,0.14633075892925262,0.4583333333333333
MSAGAT-Net.japan.w-20.h-15.none.seed-45.with_adj.pprm-multistep,japan,15,45,none,level,,save_all,1.3562046797428445e-40,2.087864646920761e-40,0.0,0.0,0.020058028399944305,0.7032264844798048,0.06853141215618694,0.04819310404703191,0.04819310404703191,0.0,0.005650565028190613,0.2542305886745453,4.0,0.30765745402750855,0.00990355188015867,0.7070110026125834,-9.60175609588623,0.0014678569277748466,0.05696694180369377,0.46875
MSAGAT-Net.japan.w-20.h-15.none.seed-45.with_adj.pprm-multistep.sgate,japan,15,45,none,level,,save_all,2.6617980588964336e-17,1.0046467329047216e-18,0.0,2.6709820263730326e-35,0.30152007937431335,0.8552287250964657,0.06853141215618694,0.05861003224739619,0.05861003224739619,0.0,0.08081220090389252,0.30701741576194763,4.0,0.1552274931014381,0.09745033683718886,0.6874841534927549,-10.622552871704102,0.0009153059800155461,0.06162725389003754,0.53125
MSAGAT-Net.japan.w-20.h-15.none.seed-45.with_adj,japan,15,45,none,level,,save_all,1.194553893282241e-36,3.9988224252647744e-37,0.0,0.0,0.03128994628787041,0.7089145313040439,0.06853141215618694,0.04858291392830752,0.04858291392830752,0.0,0.011427462100982666,0.25852644443511963,4.0,0.4088693594040667,0.0021699733533638325,0.6735810709451164,-9.815849304199219,0.0004820252361241728,0.05144886672496796,0.4583333333333333
MSAGAT-Net.japan.w-20.h-15.none.seed-45.with_adj.sgate,japan,15,45,none,level,,save_all,2.025366847566476e-25,2.946467587817597e-26,0.0,0.0,0.1414470076560974,0.7663695093161698,0.06853141215618694,0.052520384706881175,0.052520384706881175,0.0,0.04025670886039734,0.2794480621814728,4.0,0.293482855560479,0.012249834731271511,0.6721892118493524,-10.282464027404785,-0.002248235046863556,0.0433100126683712,0.5104166666666666
MSAGAT-Net.japan.w-20.h-3.no_agam.seed-5,japan,3,5,no_agam,level,,save_all,,,,,,,0.06853141215618694,,0.0,,0.03769770264625549,0.2769243121147156,4.0,0.1787351324462124,0.5849637512539104,0.6754014986935963,,-0.013405469246208668,0.057103294879198074,0.5416666666666666
MSAGAT-Net.japan.w-20.h-3.no_mtfm.seed-5,japan,3,5,no_mtfm,level,,save_all,1.1092509549781582e-10,4.459773262494027e-12,6.798266216612398e-25,2.783343359254324e-22,0.477469265460968,0.9601122748412612,0.06853141215618694,0.0657978500233607,0.0657978500233607,1.0332049169081906e-23,,,,0.1608125560286573,0.6172768402621372,0.6806399317301144,-10.901455879211426,-0.014691737480461597,0.07232463359832764,0.6041666666666666
MSAGAT-Net.japan.w-20.h-3.no_pprm.seed-5,japan,3,5,no_pprm,level,,save_all,0.031484413892030716,0.018726659938693047,0.00016341776063200086,0.0012111177202314138,0.8877279162406921,1.2324445441368939,0.06853141215618694,0.0844611650138894,0.0846245827745214,0.001931090887235693,0.19205701351165771,0.36600935459136963,4.0,,,0.6374194519908243,-11.399106979370117,-0.007022013422101736,0.09827110916376114,0.5625
MSAGAT-Net.japan.w-20.h-3.none.seed-1000.with_adj.loggrowth.quant.exp-nodecay-regpre,japan,3,1000,none,loggrowth,nodecay-regpre,save_all,0.9066596031188965,0.9557085633277893,0.6683458089828491,4.116591930389404,0.7431465983390808,1.1322214430403732,0.06853141215618694,0.07759273436507255,0.7459385433479216,0.895979722381926,0.1748979240655899,0.3692253530025482,4.0,0.16153700098929358,0.6159367477357983,0.709400540470499,-11.512925148010254,-0.009543580003082752,0.11644897609949112,0.4895833333333333
MSAGAT-Net.japan.w-20.h-3.none.seed-1000.with_adj.loggrowth.quant,japan,3,1000,none,loggrowth,,save_all,7.620681438537653e-41,5.855605892874113e-41,0.0,0.0,0.028074758127331734,0.7072830803936098,0.06853141215618694,0.04847110829355197,0.04847110829355197,0.0,0.1372271329164505,0.3452468514442444,4.0,0.30621253723165937,0.39906234877940483,0.728109348959375,-9.271618843078613,-0.008926884271204472,0.1252993941307068,0.4895833333333333
MSAGAT-Net.japan.w-20.h-3.none.seed-1000.with_adj,japan,3,1000,none,level,,save_all,1.1011392512356003e-28,1.2549598754237508e-29,0.0,0.0,0.11824725568294525,0.7540175927639291,0.06853141215618694,0.05167389042272074,0.05167389042272074,0.0,0.030703678727149963,0.27265968918800354,4.0,0.18990206699357726,0.5656916139286626,0.686469044250917,-10.150909423828125,-0.010071422904729843,0.04178507253527641,0.4791666666666667
MSAGAT-Net.japan.w-20.h-3.none.seed-123.with_adj.loggrowth.quant.exp-nodecay-regpre,japan,3,123,none,loggrowth,nodecay-regpre,save_all,1.6766855716705322,1.6772665977478027,1.3452919721603394,5.587942600250244,0.7017476558685303,1.1043541496893199,0.06853141215618694,0.07568294939875414,1.4209749215590934,0.9467387156166593,0.07288935780525208,0.29694974422454834,4.0,0.7090661576440804,0.11917068653405309,0.7396186662243629,-11.512925148010254,-0.009298737160861492,0.12653832137584686,0.46875
MSAGAT-Net.japan.w-20.h-3.none.seed-123.with_adj.loggrowth.quant,japan,3,123,none,loggrowth,,save_all,7.569895399303505e-18,1.6349082118454927e-18,0.0,5.602748378481655e-36,0.31790345907211304,0.8646788958407704,0.06853141215618694,0.05925766579362047,0.05925766579362047,0.0,0.14202439785003662,0.33813339471817017,4.0,0.15541053701112262,0.6273619632664345,0.7023173351705444,-10.593562126159668,-0.00877508893609047,0.1060531958937645,0.4895833333333333
MSAGAT-Net.japan.w-20.h-3.none.seed-123.with_adj,japan,3,123,none,level,,save_all,0.0003854817186947912,2.748555561993271e-05,5.38403932548448e-10,9.621625274292e-09,0.7143480777740479,1.112796043883638,0.06853141215618694,0.07626148432916388,0.07626148486756781,7.059971799439986e-09,0.17651909589767456,0.35981056094169617,4.0,0.10813740432921043,0.7229521706753606,0.6644810213935455,-11.208670616149902,0.005494638811796904,0.07693641632795334,0.5
MSAGAT-Net.japan.w-20.h-3.none.seed-30.with_adj.loggrowth.quant.exp-nodecay-regpre,japan,3,30,none,loggrowth,nodecay-regpre,save_all,0.47251656651496887,0.48998621106147766,0.11238998919725418,1.0912551879882812,0.794558584690094,1.167349397249098,0.06853141215618694,0.08000010267315433,0.1923900918704085,0.5841776367202872,0.179889515042305,0.36374130845069885,4.0,0.12491929086148768,0.6874557105158007,0.6832944717775198,-11.512925148010254,0.001233719289302826,0.11254632472991943,0.5104166666666666
MSAGAT-Net.japan.w-20.h-3.none.seed-30.with_adj.loggrowth.quant,japan,3,30,none,loggrowth,,save_all,8.422084030285016e-41,8.568099330267661e-41,0.0,0.0,-0.001829054788686335,0.6922330713457213,0.06853141215618694,0.04743970992053679,0.04743970992053679,0.0,0.10341809689998627,0.3112066090106964,4.0,0.8081432402248807,0.08852859067421986,0.7387980809722238,-7.4049506187438965,0.014739939011633396,0.13105177879333496,0.5
MSAGAT-Net.japan.w-20.h-3.none.seed-30.with_adj,japan,3,30,none,level,,save_all,1.3446722556618569e-21,6.296346326474337e-23,0.0,7.707141553786494e-44,0.2191442847251892,0.8087103763202123,0.06853141215618694,0.05542206411458551,0.05542206411458551,0.0,0.05588071048259735,0.2892943024635315,4.0,0.1316773100150258,0.6736585289582607,0.6543295997898351,-10.443377494812012,0.005851176101714373,0.06711264699697495,0.53125
MSAGAT-Net.japan.w-20.h-3.none.seed-42.with_adj.loggrowth.quant,japan,3,42,none,loggrowth,,save_all,1.2778160436485142e-40,1.7521835997917513e-40,0.0,0.0,0.009965309873223305,0.6981422488703016,0.06853141215618694,0.04784467420097788,0.04784467420097788,0.0,0.061164721846580505,0.2925720810890198,4.0,0.9076871517323437,0.06567339020815129,0.7311836252488071,-7.143042087554932,-0.02698577754199505,0.1470116376876831,0.5416666666666666
MSAGAT-Net.japan.w-20.h-3.none.seed-42.with_adj,japan,3,42,none,level,,save_all,1.570048979715466e-09,2.7306478259103706e-11,1.405104706043853e-21,4.264993644641988e-20,0.5098099708557129,0.9801945908378932,0.06853141215618694,0.06717411949797668,0.06717411949797668,2.091735204785491e-20,0.1363345980644226,0.3424489498138428,4.0,0.15729901161205911,0.6238177411069709,0.6736760506739423,-10.949162483215332,0.0016004275530576706,0.08064023405313492,0.4375
MSAGAT-Net.japan.w-20.h-3.none.seed-45.with_adj.loggrowth.quant.exp-nodecay-regpre,japan,3,45,none,loggrowth,nodecay-regpre,save_all,1.0292892456054688,1.1892858743667603,0.7606214284896851,4.280131816864014,0.8743590712547302,1.222992265747238,0.06853141215618694,0.08381338702775287,0.8444348155174379,0.9007461730762544,0.14057980477809906,0.34590956568717957,4.0,0.15462445663288024,0.6288431799011136,0.7180215189064204,-11.512925148010254,-0.005837919656187296,0.1254260241985321,0.5520833333333334
MSAGAT-Net.japan.w-20.h-3.none.seed-45.with_adj.loggrowth.quant,japan,3,45,none,loggrowth,,save_all,8.588838547539669e-41,5.593002560659642e-41,0.0,0.0,-0.006325037218630314,0.6899896627042714,0.06853141215618694,0.04728596595829483,0.04728596595829483,0.0,0.11804522573947906,0.33315569162368774,4.0,0.25306204249347064,0.4680472027936413,0.731156725519833,-9.534327507019043,-0.006789886858314276,0.13061358034610748,0.5520833333333334
MSAGAT-Net.japan.w-20.h-3.none.seed-45.with_adj,japan,3,45,none,level,,save_all,7.769496733089909e-05,1.4862874877508148e-06,3.991529329283594e-12,9.464588834884324e-11,0.6755738258361816,1.086931099200865,0.06853141215618694,0.07448892314471178,0.07448892314870331,5.3585542125709705e-11,0.1661539524793625,0.3556034564971924,4.0,0.1016174474782438,0.7372322242704492,0.6772064240839593,-11.161288261413574,0.009830490685999393,0.08413365483283997,0.5
MSAGAT-Net.japan.w-20.h-3.none.seed-5,japan,3,5,none,level,,save_all,5.98211013242506e-24,1.32463871527192e-25,0.0,0.0,0.1794915646314621,0.7869147211938011,0.06853141215618694,0.05392837708990332,0.05392837708990332,0.0,0.050821349024772644,0.2868102788925171,4.0,0.1641447730096157,0.6111368798076351,0.6847769380348395,-10.347508430480957,-0.010488759726285934,0.05056630074977875,0.5833333333333334
MSAGAT-Net.japan.w-20.h-5.none.seed-1.with_adj,japan,5,1,none,level,,save_all,2.4016628529660577e-12,2.253671831401946e-13,0.0,4.9133545741063255e-25,0.4223628640174866,0.9264636105615399,0.06853141215618694,0.06349185954310196,0.06349185954310196,0.0,0.10895572602748871,0.3269171416759491,4.0,0.14871466087162324,0.4754120846779884,0.6855874152860162,-10.825210571289062,0.016947777941823006,0.06838265061378479,0.40625
MSAGAT-Net.japan.w-20.h-5.none.seed-1000.with_adj.loggrowth.quant.exp-nodecay-regpre,japan,5,1000,none,loggrowth,nodecay-regpre,save_all,1.7079588174819946,1.8513593673706055,1.2734097242355347,5.236212730407715,0.8929527401924133,1.2361487368998698,0.06853141215618694,0.08471501857483486,1.3581247428103695,0.9376235364068738,0.09366656839847565,0.304367333650589,4.0,0.3687903976150041,0.15819102012260886,0.7351303027586922,-11.512925148010254,0.025972768664360046,0.14290748536586761,0.4583333333333333
MSAGAT-Net.japan.w-20.h-5.none.seed-1000.with_adj.loggrowth.quant,japan,5,1000,none,loggrowth,,save_all,1.1607775200319997e-22,1.4350869827004941e-24,0.0,0.0,-0.004182031378149986,0.6910583510425833,0.06853141215618694,0.047359204679274194,0.047359204679274194,0.0,0.04997996985912323,0.2749633491039276,4.0,0.9868315203455037,0.007196520729793005,0.5760804652132352,-5.079190731048584,0.038690101355314255,0.13827382028102875,0.4166666666666667
MSAGAT-Net.japan.w-20.h-5.none.seed-1000.with_adj,japan,5,1000,none,level,,save_all,5.274235263641458e-06,5.68755638141738e-08,9.329686749179854e-15,2.901924035271508e-13,0.6218340396881104,1.051639653093935,0.06853141215618694,0.07207035050596991,0.07207035050597924,1.2945249584162667e-13,0.16223613917827606,0.35559189319610596,4.0,0.11672362036511992,0.5578762575672053,0.673339796681522,-11.096282958984375,0.010268859565258026,0.06364095956087112,0.4270833333333333
MSAGAT-Net.japan.w-20.h-5.none.seed-123.with_adj.loggrowth.quant.exp-nodecay-regpre,japan,5,123,none,loggrowth,nodecay-regpre,save_all,1.72175133228302,1.926122784614563,1.4563757181167603,6.6054768562316895,0.8473512530326843,1.2040101794771016,0.06853141215618694,0.08251251784998986,1.5388882359667502,0.9463817346045572,0.1077013611793518,0.32885056734085083,4.0,0.44088158017173695,0.11031582387555379,0.8004589327405541,-11.512925148010254,0.026801979169249535,0.15378010272979736,0.4375
MSAGAT-Net.japan.w-20.h-5.none.seed-123.with_adj.loggrowth.quant,japan,5,123,none,loggrowth,,save_all,6.547426944711275e-41,6.498942017845637e-41,0.0,0.0,-0.020723460242152214,0.682839132203836,0.06853141215618694,0.046795930005434104,0.046795930005434104,0.0,0.08060796558856964,0.3088257610797882,4.0,0.38184376004633513,0.14819611215566927,0.7902420066948526,-8.29104995727539,0.0255891140550375,0.15058936178684235,0.4479166666666667
MSAGAT-Net.japan.w-20.h-5.none.seed-123.with_adj,japan,5,123,none,level,,save_all,0.001809454057365656,0.000326841720379889,4.796599739620433e-08,6.039472850716265e-07,0.7615693211555481,1.1447432049394897,0.06853141215618694,0.07845086839070253,0.07845091635669993,6.114141124638106e-07,0.17421431839466095,0.36236247420310974,4.0,0.11632232073449242,0.5589967590138032,0.6600756952358624,-11.262084007263184,-0.0001144887282862328,0.08261729031801224,0.4895833333333333
MSAGAT-Net.japan.w-20.h-5.none.seed-2.with_adj,japan,5,2,none,level,,save_all,1.669410671693755e-22,2.390242074160243e-23,0.0,2.802596928649634e-45,0.2050589770078659,0.8009236337730735,0.06853141215618694,0.05488842765173343,0.05488842765173343,0.0,0.05798819661140442,0.29174354672431946,4.0,0.23267889518553647,0.31242386361318025,0.6882700321951082,-10.405482292175293,-0.013377825729548931,0.06103881075978279,0.5
MSAGAT-Net.japan.w-20.h-5.none.seed-3.with_adj,japan,5,3,none,level,,save_all,0.0007907252293080091,9.179969492834061e-05,4.4299794943469806e-09,6.701899479821805e-08,0.735102653503418,1.1267772674083696,0.06853141215618694,0.07721963732098504,0.07721964175096453,5.736855797173712e-08,0.16352517902851105,0.3524194657802582,4.0,0.12181453403285832,0.5438549682436259,0.6673211618129131,-11.232275009155273,-0.01292050164192915,0.08324790745973587,0.5520833333333334
MSAGAT-Net.japan.w-20.h-5.none.seed-30.with_adj.loggrowth,japan,5,30,none,loggrowth,,save_all,5.205792250797344e-29,1.1788734550950257e-29,0.0,0.0,0.08514485508203506,0.7366255402902439,0.06853141215618694,0.05048198850640459,0.05048198850640459,0.0,0.15739212930202484,0.3538610637187958,4.0,0.14606914412548716,0.48174241300800735,0.7575029866515965,-10.12805461883545,0.008278591558337212,0.11201242357492447,0.4583333333333333
MSAGAT-Net.japan.w-20.h-5.none.seed-30.with_adj.loggrowth.quant.exp-nodecay-regpre,japan,5,30,none,loggrowth,nodecay-regpre,save_all,1.21266770362854,1.4926267862319946,1.1910244226455688,5.348941802978516,0.741973340511322,1.1314264958720512,0.06853141215618694,0.07753825551303788,1.2685626781586068,0.9388770796681569,0.04410681128501892,0.2781057357788086,4.0,0.17433461939639583,0.4182511887239104,0.768786696752924,-11.512925148010254,-0.010025477968156338,0.11110963672399521,0.5416666666666666
MSAGAT-Net.japan.w-20.h-5.none.seed-30.with_adj.loggrowth.quant,japan,5,30,none,loggrowth,,save_all,8.689732036971056e-41,8.665209313845371e-41,0.0,0.0,0.0021246743854135275,0.6942100820327014,0.06853141215618694,0.047575197254763404,0.047575197254763404,0.0,0.052194252610206604,0.28599947690963745,4.0,0.19477055746521196,0.3776253217174692,0.7720406869571256,-9.4390869140625,-0.010519664734601974,0.11158687621355057,0.53125
MSAGAT-Net.japan.w-20.h-5.none.seed-30.with_adj.pprm-multistep,japan,5,30,none,level,,save_all,1.4436254275329574e-11,1.1260651699290802e-12,0.0,1.6539046324141134e-23,0.4592958688735962,0.9489356339238966,0.06853141215618694,0.06503189903813109,0.06503189903813109,0.0,0.11640577018260956,0.329814076423645,4.0,0.13506931448276466,0.5089799916123229,0.6730367992084899,-10.878843307495117,-0.0011063888669013977,0.06150852516293526,0.4375
MSAGAT-Net.japan.w-20.h-5.none.seed-30.with_adj.pprm-multistep.sgate,japan,5,30,none,level,,save_all,3.603369425853582e-28,1.6540901989516692e-29,0.0,0.0,0.1176169365644455,0.753683870999693,0.06853141215618694,0.051651019998950394,0.051651019998950394,0.0,0.03216978907585144,0.27318212389945984,4.0,0.21438371635523273,0.3423510584242141,0.6702822413645321,-10.162330627441406,0.00571571895852685,0.057489097118377686,0.4479166666666667
MSAGAT-Net.japan.w-20.h-5.none.seed-30.with_adj,japan,5,30,none,level,,save_all,4.634675576653535e-07,8.508918902805362e-09,1.0137740960737185e-16,3.5063689063661923e-15,0.5844907164573669,1.027501840631748,0.06853141215618694,0.07041615213157502,0.07041615213157512,1.4396897095135858e-15,0.1529189497232437,0.34929126501083374,4.0,0.1443713798104649,0.4858492448169014,0.6766661693027127,-11.049111366271973,0.005764190107584,0.06306370347738266,0.4583333333333333
MSAGAT-Net.japan.w-20.h-5.none.seed-30.with_adj.sgate,japan,5,30,none,level,,save_all,1.9292077463805516e-15,1.7581238199358912e-16,0.0,3.344721533174356e-31,0.350524365901947,0.8836897910121274,0.06853141215618694,0.0605605092860668,0.0605605092860668,0.0,0.09545639157295227,0.31671202182769775,4.0,0.1843969679852421,0.3977288290620266,0.687809577712141,-10.709654808044434,0.004668047185987234,0.06883309036493301,0.4479166666666667
MSAGAT-Net.japan.w-20.h-5.none.seed-4.with_adj,japan,5,4,none,level,,save_all,6.532564498229476e-07,1.9852398835951135e-08,2.0846306689051904e-16,1.2083146068181828e-14,0.5891914367675781,1.0305227113150595,0.06853141215618694,0.07062317666544358,0.0706231766654438,2.9517656488046488e-15,0.15253756940364838,0.35167285799980164,4.0,0.1377465688485925,0.5022120469259699,0.671008357125823,-11.054587364196777,-0.002501850016415119,0.08237642794847488,0.5208333333333334
MSAGAT-Net.japan.w-20.h-5.none.seed-42.with_adj.loggrowth,japan,5,42,none,loggrowth,,save_all,5.937527482656699e-38,2.1185684975725823e-38,0.0,0.0,0.010503585450351238,0.6984127638851414,0.06853141215618694,0.0478632129769543,0.0478632129769543,0.0,0.10709868371486664,0.31077876687049866,4.0,0.1886392306665499,0.3893813219857461,0.7374862926042458,-9.759322166442871,0.022838249802589417,0.12251462787389755,0.4479166666666667
MSAGAT-Net.japan.w-20.h-5.none.seed-42.with_adj.loggrowth.quant,japan,5,42,none,loggrowth,,save_all,8.531525440348784e-41,8.659323860295207e-41,0.0,0.0,0.05675045773386955,0.7219249322224067,0.06853141215618694,0.04947453507596108,0.04947453507596108,0.0,0.0693296492099762,0.28652095794677734,4.0,0.1704093976500449,0.4265409134630323,0.7792634862348076,-9.618532180786133,0.02184603549540043,0.14876292645931244,0.4375
MSAGAT-Net.japan.w-20.h-5.none.seed-42.with_adj.pprm-multistep,japan,5,42,none,level,,save_all,1.9902688028592123e-19,6.4280532557890394e-21,0.0,5.119615913441433e-40,0.258510559797287,0.8307327671361677,0.06853141215618694,0.05693128965625838,0.05693128965625838,0.0,0.07119914889335632,0.3008577525615692,4.0,0.13310543481468945,0.5140024874851308,0.6946072319007919,-10.529937744140625,0.015189535915851593,0.06667736172676086,0.4479166666666667
MSAGAT-Net.japan.w-20.h-5.none.seed-42.with_adj.pprm-multistep.sgate,japan,5,42,none,level,,save_all,1.0484750922381192e-22,4.578515956175186e-24,0.0,0.0,0.20101724565029144,0.7986983136830849,0.06853141215618694,0.05473592332346697,0.05473592332346697,0.0,0.058452457189559937,0.29231661558151245,4.0,0.14727898821299618,0.478837043427822,0.6933080038485347,-10.403067588806152,0.018458226695656776,0.06482107192277908,0.4375
MSAGAT-Net.japan.w-20.h-5.none.seed-42.with_adj,japan,5,42,none,level,,save_all,5.648834497700526e-19,2.5685239180368686e-20,0.0,9.944422452062817e-39,0.26823529601097107,0.8362317663042487,0.06853141215618694,0.05730814383469266,0.05730814383469266,0.0,0.07790517807006836,0.3036998212337494,4.0,0.15198966965002353,0.4676905834230806,0.6781612627092133,-10.54727840423584,0.020590580999851227,0.07092153280973434,0.4583333333333333
MSAGAT-Net.japan.w-20.h-5.none.seed-42.with_adj.sgate,japan,5,42,none,level,,save_all,1.687238369851851e-11,2.8256702533369094e-12,0.0,4.5118877386010424e-23,0.4646205008029938,0.9522021813753156,0.06853141215618694,0.06525576014785203,0.06525576014785203,0.0,0.1315295398235321,0.33988502621650696,4.0,0.12973416595947315,0.5227401258037015,0.676565824917281,-10.884696960449219,0.01986103691160679,0.07503781467676163,0.4270833333333333
MSAGAT-Net.japan.w-20.h-5.none.seed-45.with_adj.loggrowth,japan,5,45,none,loggrowth,,save_all,4.5662659448862674e-17,3.47453312010408e-17,0.0,1.7621203984963345e-33,0.2953837215900421,0.8517060631815139,0.06853141215618694,0.05836861925181572,0.05836861925181572,0.0,0.09922674298286438,0.307006299495697,4.0,0.1287753691857647,0.5252521500250393,0.756158103769114,-10.639937400817871,0.003734976751729846,0.12591809034347534,0.5104166666666666
MSAGAT-Net.japan.w-20.h-5.none.seed-45.with_adj.loggrowth.quant.exp-nodecay-regpre,japan,5,45,none,loggrowth,nodecay-regpre,save_all,1.0879580974578857,1.0656265020370483,0.69966059923172,4.873863220214844,0.6609372496604919,1.0772546861180055,0.06853141215618694,0.07382578489153682,0.7734863841232568,0.904554512649608,0.1437782496213913,0.3384445607662201,4.0,0.13405568217784253,0.51156613237648,0.7441643626512668,-11.512925148010254,0.007894355803728104,0.11616840213537216,0.4375
MSAGAT-Net.japan.w-20.h-5.none.seed-45.with_adj.loggrowth.quant,japan,5,45,none,loggrowth,,save_all,8.021421662657548e-28,8.990994019007872e-28,0.0,0.0,0.14094007015228271,0.7660981761576214,0.06853141215618694,0.05250178986236106,0.05250178986236106,0.0,0.12306195497512817,0.3222990036010742,4.0,0.1431123667989802,0.4889173442319938,0.7493202760153338,-10.179426193237305,0.008773739449679852,0.11740144342184067,0.4375
MSAGAT-Net.japan.w-20.h-5.none.seed-45.with_adj.pprm-multistep,japan,5,45,none,level,,save_all,3.0032653635486283e-29,1.2134530382408486e-30,0.0,0.0,0.1069410964846611,0.7480465978816847,0.06853141215618694,0.05126468971146317,0.05126468971146317,0.0,0.028744816780090332,0.2711149752140045,4.0,0.2034816081085554,0.36153079996986687,0.6965126434440737,-10.116682052612305,-0.0011515539372339845,0.06422173231840134,0.5416666666666666
MSAGAT-Net.japan.w-20.h-5.none.seed-45.with_adj.pprm-multistep.sgate,japan,5,45,none,level,,save_all,2.9916631402664643e-29,2.3300761869457062e-30,0.0,0.0,0.10736006498336792,0.74826729458479,0.06853141215618694,0.05127981436818519,0.05127981436818519,0.0,0.02782401442527771,0.2705579698085785,4.0,0.19860505440428575,0.3704542691267187,0.6984794709807259,-10.116682052612305,-0.0014557079412043095,0.0440836064517498,0.5625
MSAGAT-Net.japan.w-20.h-5.none.seed-45.with_adj,japan,5,45,none,level,,save_all,6.052878607574165e-23,7.370758944395069e-24,0.0,0.0,0.19742797315120697,0.7967255003487917,0.06853141215618694,0.05460072363974731,0.05460072363974731,0.0,0.05235837399959564,0.287937730550766,4.0,0.2231211432059397,0.32771671550136355,0.6941481315098957,-10.385810852050781,0.0033143286127597094,0.06769455224275589,0.5208333333333334
MSAGAT-Net.japan.w-20.h-5.none.seed-45.with_adj.sgate,japan,5,45,none,level,,save_all,1.50052129380725e-26,6.305167229833264e-27,0.0,0.0,0.14207026362419128,0.766703188364041,0.06853141215618694,0.05254325220323873,0.05254325220323873,0.0,0.03744523227214813,0.27749720215797424,4.0,0.23648876058380244,0.3065287267366459,0.6925367163859579,-10.236645698547363,-0.0006945568020455539,0.06489229202270508,0.5
MSAGAT-Net.japan.w-20.h-5.none.seed-5.with_adj,japan,5,5,none,level,,save_all,6.710533853038214e-06,1.1951620138006547e-07,2.8156030770234118e-14,9.57837108239712e-13,0.6240842342376709,1.0531042850237373,0.06853141215618694,0.0721707238004083,0.07217072380043646,3.9013091857149756e-13,0.1620204597711563,0.3531031906604767,4.0,0.13587361969383657,0.5069372255858787,0.6802447411920096,-11.101866722106934,-0.0059831514954566956,0.09259883314371109,0.5416666666666666
MSAGAT-Net.japan.w-20.h-7.no_agam.seed-5,japan,7,5,no_agam,level,,save_all,,,,,,,0.06853141215618694,,0.0,,0.08701150119304657,0.29836973547935486,4.0,0.2288750412311502,0.20146788526840356,0.6770249362585093,,0.0008821490337140858,0.06640585511922836,0.4791666666666667
MSAGAT-Net.japan.w-20.h-7.no_mtfm.seed-5,japan,7,5,no_mtfm,level,,save_all,1.9288695684763603e-15,2.674796639739888e-16,0.0,4.436088104296994e-31,0.3527824282646179,0.885015315295927,0.06853141215618694,0.06065134933708291,0.06065134933708291,0.0,,,,0.19379033426874862,0.2575523342092274,0.6815362987412373,-10.708142280578613,0.001464532339014113,0.07183266431093216,0.5625
MSAGAT-Net.japan.w-20.h-7.no_pprm.seed-5,japan,7,5,no_pprm,level,,save_all,0.004398862365633249,0.0012186694657430053,6.385600954672555e-07,7.246817858685972e-06,0.7923803925514221,1.1658495468651784,0.06853141215618694,0.07989731580832132,0.07989795436841679,7.992195801694702e-06,0.18426091969013214,0.3652179539203644,4.0,,,0.6471821355540852,-11.297778129577637,-0.028500936925411224,0.08365222066640854,0.6041666666666666
MSAGAT-Net.japan.w-20.h-7.none.seed-5,japan,7,5,none,level,,save_all,1.1615053808079062e-13,1.3638099506598118e-14,0.0,1.5714480936481822e-27,0.4000627398490906,0.9130528144462664,0.06853141215618694,0.06257279874718356,0.06257279874718356,0.0,0.10658080875873566,0.32283249497413635,4.0,0.18477929812454716,0.2743213397699834,0.6829145365281408,-10.784184455871582,-0.0004029739648103714,0.0684426799416542,0.53125
MSAGAT-Net.ltla_timeseries.w-20.h-14.no_agam.seed-42.with_adj,ltla_timeseries,14,42,no_agam,level,,save_all,,,,,,,0.005169157395758206,,0.0,,0.03414227068424225,0.2645190358161926,4.0,0.3499949211550272,0.00744711257032275,0.5634128549513164,,0.0006238559144549072,0.03552292659878731,0.6354166666666666
MSAGAT-Net.ltla_timeseries.w-20.h-14.no_agam.seed-5,ltla_timeseries,14,5,no_agam,level,,save_all,,,,,,,0.005169157395758206,,0.0,,0.04271797835826874,0.27824893593788147,4.0,0.12942611890525313,0.16333276360675864,0.6376165298921843,,-0.005869766231626272,0.04397948458790779,0.5104166666666666
MSAGAT-Net.ltla_timeseries.w-20.h-14.no_mtfm.seed-42.with_adj,ltla_timeseries,14,42,no_mtfm,level,,save_all,4.0917480970435724e-20,2.877078486562823e-07,0.0,9.738797588562573e-29,8.34637539810501e-05,0.6931889133077106,0.005169157395758206,0.0035832025978821463,0.0035832025978821463,0.0,,,,0.18612529355244822,0.07384742713079373,0.583925503433801,-8.520572662353516,0.00362592376768589,0.031199945136904716,0.5104166666666666
MSAGAT-Net.ltla_timeseries.w-20.h-14.no_mtfm.seed-5,ltla_timeseries,14,5,no_mtfm,level,,save_all,7.762145739422874e-17,4.9597656884450933e-17,0.0,9.177403249712259e-33,0.4486723244190216,0.942438424769789,0.005169157395758206,0.004871612553445469,0.004871612553445469,0.0,,,,0.09050204329851654,0.28166732410949924,0.6680702370133966,-10.862741470336914,0.0048301643691957,0.058610621839761734,0.4895833333333333
MSAGAT-Net.ltla_timeseries.w-20.h-14.no_pprm.seed-42.with_adj,ltla_timeseries,14,42,no_pprm,level,,save_all,4.717665602789467e-13,3.022924521377951e-13,0.0,3.1234050212946274e-25,0.564159631729126,1.0144948365028748,0.005169157395758206,0.0052440834870673475,0.0052440834870673475,0.0,0.15563414990901947,0.3450833261013031,4.0,,,0.6477410722563631,-11.022615432739258,0.003433540463447571,0.09590011835098267,0.5729166666666666
MSAGAT-Net.ltla_timeseries.w-20.h-14.no_pprm.seed-5,ltla_timeseries,14,5,no_pprm,level,,save_all,1.0644824960103784e-25,6.839078921620138e-26,0.0,0.0,0.23495705425739288,0.8175104952599463,0.005169157395758206,0.004225840422682906,0.004225840422682906,0.0,0.06545497477054596,0.2914403975009918,4.0,,,0.6454933510093032,-10.488096237182617,-0.02163422666490078,0.09837067127227783,0.59375
MSAGAT-Net.ltla_timeseries.w-20.h-14.none.seed-1000.with_adj.loggrowth.quant.exp-nodecay-regpre,ltla_timeseries,14,1000,none,loggrowth,nodecay-regpre,save_all,0.03619009256362915,0.012190253473818302,1.008115395961795e-05,0.0005193490069359541,1.0697087049484253,1.364695370276625,0.005169157395758206,0.0070543251662224,0.007064406320182018,0.0014270348423784044,0.1832779049873352,0.36215469241142273,4.0,0.11594277182068995,0.19726667104489742,0.6288966464474582,-11.512925148010254,0.01563665084540844,0.11666315048933029,0.4479166666666667
MSAGAT-Net.ltla_timeseries.w-20.h-14.none.seed-1000.with_adj.loggrowth.quant,ltla_timeseries,14,1000,none,loggrowth,,save_all,6.105115630816726e-07,4.1783545157159097e-07,8.623647857006894e-14,6.715783528246644e-13,0.7859624028205872,1.1614361953839394,0.005169157395758206,0.006003646499070163,0.0060036464991564,1.4364016699215456e-11,0.18317925930023193,0.36211368441581726,4.0,0.11593340125257792,0.19729255175336052,0.6289178324530861,-11.288832664489746,0.015545864589512348,0.1166331097483635,0.4479166666666667
MSAGAT-Net.ltla_timeseries.w-20.h-14.none.seed-1000.with_adj,ltla_timeseries,14,1000,none,level,,save_all,3.1123773311652947e-33,2.027347556214352e-33,0.0,0.0,0.11832920461893082,0.7540609878088158,0.005169157395758206,0.0038978599319846787,0.0038978599319846787,0.0,0.0339881032705307,0.2696184515953064,4.0,0.10016015145844032,0.24604468322499562,0.6424437734183718,-10.168014526367188,-0.0020673207473009825,0.040727872401475906,0.5208333333333334
MSAGAT-Net.ltla_timeseries.w-20.h-14.none.seed-123.with_adj.loggrowth.quant.exp-nodecay-regpre,ltla_timeseries,14,123,none,loggrowth,nodecay-regpre,save_all,0.05099530518054962,0.031093986704945564,4.775114211952314e-05,0.003714518155902624,1.0516993999481201,1.3513176296510458,0.005169157395758206,0.0069851735193291525,0.007032924661448676,0.006789656425764574,0.18999116122722626,0.3663922846317291,4.0,0.1107674687427027,0.21209000078410611,0.6394892722418486,-11.512925148010254,0.0031639740336686373,0.11336270719766617,0.4895833333333333
MSAGAT-Net.ltla_timeseries.w-20.h-14.none.seed-123.with_adj.loggrowth.quant,ltla_timeseries,14,123,none,loggrowth,,save_all,5.923357457504608e-05,3.3756256016204134e-05,9.584365523451766e-10,6.797268081726315e-09,0.868503212928772,1.2188636321872584,0.005169157395758206,0.006300497958741476,0.006300498917178029,1.5212073915798035e-07,0.18995249271392822,0.3663729727268219,4.0,0.11076812897023304,0.2120880404059622,0.6394861117095965,-11.378220558166504,0.0031506456434726715,0.11336498707532883,0.4895833333333333
MSAGAT-Net.ltla_timeseries.w-20.h-14.none.seed-123.with_adj,ltla_timeseries,14,123,none,level,,save_all,5.537979628405548e-23,3.649718305002204e-23,0.0,5.605193857299268e-45,0.2916589677333832,0.8495723082245912,0.005169157395758206,0.004391572980290516,0.004391572980290516,0.0,0.0704599916934967,0.29099956154823303,4.0,0.0950832865074129,0.2641690575958404,0.6449456875027,-10.599356651306152,0.005163523834198713,0.053491879254579544,0.4479166666666667
MSAGAT-Net.ltla_timeseries.w-20.h-14.none.seed-30.with_adj.loggrowth.quant.exp-nodecay-regpre,ltla_timeseries,14,30,none,loggrowth,nodecay-regpre,save_all,2.4527060985565186,2.2380595207214355,1.5394963026046753,13.90583324432373,1.6762040853500366,1.8477029375301934,0.005169157395758206,0.009551067304698362,1.5490473699093736,0.9938342316121314,0.08805075287818909,0.30535227060317993,4.0,0.909399725705904,2.9562287884606055e-06,0.7979662205743939,-11.512925148010254,-0.013609726913273335,0.12794288992881775,0.46875
MSAGAT-Net.ltla_timeseries.w-20.h-14.none.seed-30.with_adj.loggrowth.quant,ltla_timeseries,14,30,none,loggrowth,,save_all,2.1955926660099934e-11,1.5379466797305064e-11,1.159256217553499e-22,8.789401873035046e-22,0.6218236088752747,1.0516328664485788,0.005169157395758206,0.005436055809225073,0.005436055809225073,2.1325318544122062e-20,0.14302405714988708,0.32945623993873596,4.0,0.12417663241538016,0.1757886507035465,0.6732159321652604,-11.096281051635742,-0.0018981056055054069,0.11428713798522949,0.46875
MSAGAT-Net.ltla_timeseries.w-20.h-14.none.seed-30.with_adj,ltla_timeseries,14,30,none,level,,save_all,1.9281329675023718e-28,1.258055476790144e-28,0.0,0.0,0.18618501722812653,0.7905665525725767,0.005169157395758206,0.004086562942069604,0.004086562942069604,0.0,0.04016770422458649,0.27610498666763306,4.0,0.09360482716198525,0.2696939233414256,0.65182896567351,-10.368539810180664,0.004848815966397524,0.04805564880371094,0.4479166666666667
MSAGAT-Net.ltla_timeseries.w-20.h-14.none.seed-42.with_adj.loggrowth.quant.exp-nodecay-regpre,ltla_timeseries,14,42,none,loggrowth,nodecay-regpre,save_all,2.271315336227417,2.077742576599121,1.6460812091827393,11.582901954650879,1.9532285928726196,2.085848103707184,0.005169157395758206,0.010782077151706222,1.6568632863344455,0.9934924762708939,0.14896418154239655,0.3501075506210327,4.0,0.7307268775869405,3.6065411352215285e-05,0.789758681716434,-11.512925148010254,-0.014648203738033772,0.12962786853313446,0.5104166666666666
MSAGAT-Net.ltla_timeseries.w-20.h-14.none.seed-42.with_adj.loggrowth.quant,ltla_timeseries,14,42,none,loggrowth,,save_all,1.8466591422565304e-40,1.824953029044139e-40,0.0,0.0,0.03574606031179428,0.7111799248162736,0.005169157395758206,0.0036762009680788056,0.0036762009680788056,0.0,0.0950273871421814,0.2992178797721863,4.0,0.21767456196528234,0.04748013492537624,0.6927786921001412,-9.72830581665039,-0.01577945239841938,0.1177431270480156,0.5
MSAGAT-Net.ltla_timeseries.w-20.h-14.none.seed-42.with_adj,ltla_timeseries,14,42,none,level,,save_all,5.266598344329839e-16,3.6760219206146287e-31,0.0,0.0,0.0006985171348787844,0.6934965001181569,0.005169157395758206,0.0035847925625182024,0.0035847925625182024,0.0,0.019664570689201355,0.2576012909412384,4.0,0.14138893621072435,0.13814587223120195,0.611917151376862,-8.850356101989746,-0.010688167996704578,0.03885301947593689,0.59375
MSAGAT-Net.ltla_timeseries.w-20.h-14.none.seed-45.with_adj.loggrowth.quant.exp-nodecay-regpre,ltla_timeseries,14,45,none,loggrowth,nodecay-regpre,save_all,0.037456538528203964,0.013243632391095161,1.7836332517617848e-06,0.00034985094680450857,1.0474876165390015,1.3481979753023816,0.005169157395758206,0.006969047534980546,0.006970831168232308,0.00025587095838588297,0.20016764104366302,0.37618425488471985,4.0,0.11535150998378846,0.19890635562269154,0.5928863928023899,-11.512925148010254,0.020876256749033928,0.12127216905355453,0.3958333333333333
MSAGAT-Net.ltla_timeseries.w-20.h-14.none.seed-45.with_adj.loggrowth.quant,ltla_timeseries,14,45,none,loggrowth,,save_all,5.937274181633256e-06,3.8076484543125844e-06,9.58740378753653e-12,7.6776585089533e-11,0.8267176747322083,1.1896112681123774,0.005169157395758206,0.006149287884640394,0.0061492878942277975,1.5591079735486148e-09,0.2001640945672989,0.37617671489715576,4.0,0.11535145497991536,0.19890650879142968,0.59287700531665,-11.33348560333252,0.020907355472445488,0.12127301841974258,0.3958333333333333
MSAGAT-Net.ltla_timeseries.w-20.h-14.none.seed-45.with_adj,ltla_timeseries,14,45,none,level,,save_all,1.714614787963203e-40,2.222571468296306e-40,0.0,0.0,0.009343620389699936,0.6978299036203468,0.005169157395758206,0.003607192607280352,0.003607192607280352,0.0,0.015336483716964722,0.25677356123924255,4.0,0.12362856504447618,0.17714265499032528,0.631632762261156,-9.377612113952637,-0.013557668775320053,0.03287111595273018,0.625
MSAGAT-Net.ltla_timeseries.w-20.h-14.none.seed-5,ltla_timeseries,14,5,none,level,,save_all,2.7793258484362143e-21,1.8768392864497915e-21,0.0,1.3118956223008937e-41,0.33110153675079346,0.8723393355361151,0.005169157395758206,0.004509259327897309,0.004509259327897309,0.0,0.10280448198318481,0.30909815430641174,4.0,0.09587718557801422,0.2612491842771256,0.6224430685739012,-10.674532890319824,0.006817376706749201,0.05967474356293678,0.46875
MSAGAT-Net.ltla_timeseries.w-20.h-3.no_agam.seed-42.with_adj,ltla_timeseries,3,42,no_agam,level,,save_all,,,,,,,0.005169157395758206,,0.0,,0.0,0.25,4.0,0.8118869523086297,0.08753987659437984,0.4040176134276588,,-0.0029438231140375137,0.0058547998778522015,0.3854166666666667
MSAGAT-Net.ltla_timeseries.w-20.h-3.no_agam.seed-5,ltla_timeseries,3,5,no_agam,level,,save_all,,,,,,,0.005169157395758206,,0.0,,0.00014983117580413818,0.250112384557724,4.0,0.16573880706669225,0.6082213375743817,0.635402176474968,,-0.011825581081211567,0.025031516328454018,0.3958333333333333
MSAGAT-Net.ltla_timeseries.w-20.h-3.no_mtfm.seed-42.with_adj,ltla_timeseries,3,42,no_mtfm,level,,save_all,2.7618133887757975e-23,1.7261975812625584e-23,0.0,0.0,0.2846539616584778,0.845568634314363,0.005169157395758206,0.004370877359687256,0.004370877359687256,0.0,,,,0.13558939389890795,0.6657985166954529,0.6045178525949161,-10.585844993591309,-0.0036227235104888678,0.043305810540914536,0.4791666666666667
MSAGAT-Net.ltla_timeseries.w-20.h-3.no_mtfm.seed-5,ltla_timeseries,3,5,no_mtfm,level,,save_all,3.197388644745117e-30,2.062971520834348e-30,0.0,0.0,0.15835528075695038,0.7754561006379622,0.005169157395758206,0.004008454637698542,0.004008454637698542,0.0,,,,0.16862277382035276,0.6029817660344093,0.6116599951034069,-10.300636291503906,-0.0036935049574822187,0.03778297081589699,0.5208333333333334
MSAGAT-Net.ltla_timeseries.w-20.h-3.no_pprm.seed-42.with_adj,ltla_timeseries,3,42,no_pprm,level,,save_all,6.634804594796151e-05,7.114418258424848e-05,6.328370444862175e-13,3.871581277792302e-09,2.2027541737249662e-13,0.6931471805600554,0.005169157395758206,0.003582986874740959,0.0035829868753737963,1.766227637716916e-10,0.0,0.25,4.0,,,0.4334779575872439,-6.137213230133057,-0.0029552013147622347,0.016815507784485817,0.46875
MSAGAT-Net.ltla_timeseries.w-20.h-3.no_pprm.seed-5,ltla_timeseries,3,5,no_pprm,level,,save_all,2.3624414097866975e-05,3.962103437515907e-05,6.304439121359445e-15,5.075968118051222e-11,1.6862071788636968e-05,0.6931556116313807,0.005169157395758206,0.0035830304562756545,0.003583030456281959,1.7595270814140496e-12,0.0,0.25,4.0,,,0.45437122204415165,-7.850645065307617,0.0006548629025928676,0.021541086956858635,0.59375
MSAGAT-Net.ltla_timeseries.w-20.h-3.none.seed-1000.with_adj.loggrowth.quant.exp-nodecay-regpre,ltla_timeseries,3,1000,none,loggrowth,nodecay-regpre,save_all,0.03312287852168083,0.0097750099375844,6.536812975355133e-07,7.943765922391322e-06,0.9966559410095215,1.3108180844010202,0.005169157395758206,0.006775824995475139,0.006776478676772674,9.646327078045669e-05,0.012343376874923706,0.2552029490470886,4.0,0.3189690845067984,0.38407890969024455,0.6476997675105028,-11.512925148010254,-0.0019413757836446166,0.09452775865793228,0.5104166666666666
MSAGAT-Net.ltla_timeseries.w-20.h-3.none.seed-1000.with_adj.loggrowth.quant,ltla_timeseries,3,1000,none,loggrowth,,save_all,1.6553538759069064e-40,1.723709214996671e-40,0.0,0.0,0.00628509558737278,0.6962946661488222,0.005169157395758206,0.0035992567231501755,0.0035992567231501755,0.0,0.012266695499420166,0.25629204511642456,4.0,0.31736217968043906,0.38593491449155515,0.648062240832895,-9.284626960754395,-0.0019831859972327948,0.09463698416948318,0.5
MSAGAT-Net.ltla_timeseries.w-20.h-3.none.seed-1000.with_adj,ltla_timeseries,3,1000,none,level,,save_all,5.9126163250766695e-05,5.9237754612695426e-05,3.304091375500029e-11,3.168013407162107e-09,4.3102101748848654e-11,0.6931471805814963,0.005169157395758206,0.00358298687485179,0.003582986907892704,9.22161163419739e-09,0.0,0.25,4.0,0.8051664193313267,0.08932273269932889,0.4160529195357019,-1.3683788776397705,-0.0014140285784378648,0.005773880053311586,0.6354166666666666
MSAGAT-Net.ltla_timeseries.w-20.h-3.none.seed-123.with_adj.loggrowth.quant.exp-nodecay-regpre,ltla_timeseries,3,123,none,loggrowth,nodecay-regpre,save_all,0.03526093065738678,0.013220391236245632,3.567933219983388e-07,4.433323738339823e-06,1.0966390371322632,1.3848147876244445,0.005169157395758206,0.007158325601204227,0.0071586823945262255,4.984064138271524e-05,0.03151285648345947,0.2602972090244293,4.0,0.41934393260888503,0.2842128647441256,0.6462965069333546,-11.512925148010254,0.011364675126969814,0.07959819585084915,0.5
MSAGAT-Net.ltla_timeseries.w-20.h-3.none.seed-123.with_adj.loggrowth.quant,ltla_timeseries,3,123,none,loggrowth,,save_all,6.267004209803417e-05,6.897750427015126e-05,5.320586636201052e-13,3.3262299581338084e-09,1.754139232956406e-13,0.693147180560033,0.005169157395758206,0.0035829868747408434,0.003582986875272902,1.4849584498675576e-10,0.03340323269367218,0.26099663972854614,4.0,0.42173643988975656,0.2821802240870873,0.6466143787526762,-6.374411106109619,0.00726291025057435,0.07996805757284164,0.40625
MSAGAT-Net.ltla_timeseries.w-20.h-3.none.seed-123.with_adj,ltla_timeseries,3,123,none,level,,save_all,4.3057891634461985e-30,1.3604046876294364e-15,0.0,5.605193857299268e-45,3.8718651921954006e-05,0.693166540073298,0.005169157395758206,0.0035830869471120156,0.0035830869471120156,0.0,1.6942620277404785e-05,0.25001269578933716,4.0,0.21515088718434844,0.524425101289677,0.62329812761965,-8.41662311553955,0.007856865413486958,0.030378112569451332,0.5104166666666666
MSAGAT-Net.ltla_timeseries.w-20.h-3.none.seed-30.with_adj.loggrowth.quant.exp-nodecay-regpre,ltla_timeseries,3,30,none,loggrowth,nodecay-regpre,save_all,0.03686826303601265,0.012081339955329895,7.400929575851478e-07,0.00017167761689051986,1.0138746500015259,1.323423753407018,0.005169157395758206,0.006840985682645971,0.006841725775603556,0.00010817343194668732,0.18442700803279877,0.3650367259979248,4.0,0.12066211058496389,0.6962918848648796,0.6229726877134487,-11.512925148010254,-0.01142714824527502,0.12559205293655396,0.5520833333333334
MSAGAT-Net.ltla_timeseries.w-20.h-3.none.seed-30.with_adj.loggrowth.quant,ltla_timeseries,3,30,none,loggrowth,,save_all,1.0502708924775561e-08,6.1860170319505414e-09,2.179951786322249e-17,2.1739574400336489e-16,0.7170379161834717,1.1146026949898953,0.005169157395758206,0.005761556764139046,0.005761556764139067,3.783615914175573e-15,0.18442387878894806,0.3650367558002472,4.0,0.120655810537958,0.6963050450040569,0.6229807095668478,-11.21064567565918,-0.01142999529838562,0.12559093534946442,0.5520833333333334
MSAGAT-Net.ltla_timeseries.w-20.h-3.none.seed-30.with_adj,ltla_timeseries,3,30,none,level,,save_all,6.0426486015785486e-05,6.141525955172256e-05,3.278431692788075e-11,3.462019115829662e-09,1.444645791881527e-11,0.6931471805671685,0.005169157395758206,0.003582986874777728,0.003582986907562045,9.149996294624485e-09,0.0,0.25,4.0,0.8013397961281229,0.090354054417071,0.3903718294064662,-1.9474215507507324,0.0021937605924904346,0.005727112293243408,0.5729166666666666
MSAGAT-Net.ltla_timeseries.w-20.h-3.none.seed-42.with_adj.loggrowth.quant.exp-nodecay-regpre,ltla_timeseries,3,42,none,loggrowth,nodecay-regpre,save_all,0.03276989981532097,6.616185419261456e-05,4.3463316501402005e-07,4.357465968496399e-06,0.9890490174293518,1.305267686877859,0.005169157395758206,0.006747134117068891,0.006747568750233905,6.441329923447663e-05,0.054607048630714417,0.28718629479408264,4.0,0.1675792357610897,0.6048724272213064,0.583342642922909,-11.512925148010254,-0.03131730854511261,0.12322578579187393,0.5416666666666666
MSAGAT-Net.ltla_timeseries.w-20.h-3.none.seed-42.with_adj.loggrowth.quant,ltla_timeseries,3,42,none,loggrowth,,save_all,6.366604793583974e-05,6.584167567780241e-05,2.415626509585933e-12,3.6605165565362086e-09,5.223301717365014e-13,0.6931471805602064,0.005169157395758206,0.00358298687474174,0.0035829868771573665,6.741935129559889e-10,0.0,0.25,4.0,0.7398737611843121,0.10865024867044727,0.563681625205784,-5.242924690246582,-0.037214990705251694,0.06403903663158417,0.65625
MSAGAT-Net.ltla_timeseries.w-20.h-3.none.seed-42.with_adj,ltla_timeseries,3,42,none,level,,save_all,2.442008529992452e-37,2.5688166242881677e-38,0.0,0.0,0.0002699125907383859,0.6932821459619152,0.005169157395758206,0.003583684532146154,0.003583684532146154,0.0,0.0001461505889892578,0.25010961294174194,4.0,0.19596216026300506,0.5555001050525243,0.6274952291742539,-8.694330215454102,0.010775197297334671,0.02765115536749363,0.5416666666666666
MSAGAT-Net.ltla_timeseries.w-20.h-3.none.seed-45.with_adj.loggrowth.quant.exp-nodecay-regpre,ltla_timeseries,3,45,none,loggrowth,nodecay-regpre,save_all,0.041036419570446014,0.008195447735488415,3.9552301700496173e-07,3.14838212034374e-06,1.0063401460647583,1.3179006534763507,0.005169157395758206,0.006812435909791851,0.006812831432808856,5.8055600069630954e-05,0.010257527232170105,0.25762033462524414,4.0,0.18747056735678533,0.5698331375959217,0.6095498746974777,-11.512925148010254,-0.016542689874768257,0.08087825030088425,0.59375
MSAGAT-Net.ltla_timeseries.w-20.h-3.none.seed-45.with_adj.loggrowth.quant,ltla_timeseries,3,45,none,loggrowth,,save_all,3.268878992653717e-40,2.5146581202001707e-40,0.0,0.0,0.03814384713768959,0.7124009622387066,0.005169157395758206,0.003682512702701473,0.003682512702701473,0.0,0.010257527232170105,0.25762033462524414,4.0,0.1874938333110768,0.5697933658487301,0.609465735249974,-9.76309585571289,-0.01668737269937992,0.08100651949644089,0.59375
MSAGAT-Net.ltla_timeseries.w-20.h-3.none.seed-45.with_adj,ltla_timeseries,3,45,none,level,,save_all,3.9844351256684095e-18,2.095552897873887e-12,0.0,1.4290003834535422e-34,6.667674460913986e-05,0.6931805194879734,0.005169157395758206,0.003583159208906773,0.003583159208906773,0.0,2.5019049644470215e-05,0.25001877546310425,4.0,0.1541371841809443,0.629763105993722,0.656203628505643,-8.489542007446289,0.0064553203992545605,0.021760322153568268,0.3854166666666667
MSAGAT-Net.ltla_timeseries.w-20.h-3.none.seed-5,ltla_timeseries,3,5,none,level,,save_all,5.01215981785208e-05,5.021759352530353e-05,1.8741813656575346e-10,2.7155533377509755e-09,2.844650407496374e-05,0.6931614039131332,0.005169157395758206,0.003583060397491714,0.0035830605849098505,5.230671715545912e-08,0.0,0.25,4.0,0.81116240853566,0.08773036296036547,0.4117214035513309,-7.380242347717285,0.0010762300807982683,0.00663243280723691,0.375
MSAGAT-Net.ltla_timeseries.w-20.h-7.no_agam.seed-42.with_adj,ltla_timeseries,7,42,no_agam,level,,save_all,,,,,,,0.005169157395758206,,0.0,,0.06423124670982361,0.2910540699958801,4.0,0.10769060030949432,0.4705588716031747,0.6174174619219513,,0.00788002461194992,0.04834725335240364,0.4791666666666667
MSAGAT-Net.ltla_timeseries.w-20.h-7.no_agam.seed-5,ltla_timeseries,7,5,no_agam,level,,save_all,,,,,,,0.005169157395758206,,0.0,,0.00965835154056549,0.2540719509124756,4.0,0.14889735541228458,0.35264919858331667,0.5960079903616666,,0.0031888235826045275,0.026420192793011665,0.5520833333333334
MSAGAT-Net.ltla_timeseries.w-20.h-7.no_mtfm.seed-42.with_adj,ltla_timeseries,7,42,no_mtfm,level,,save_all,1.7650615326788963e-40,2.1679068152029947e-40,0.0,0.0,0.0020054259803146124,0.6941503962666886,0.005169157395758206,0.003588172654630443,0.003588172654630443,0.0,,,,0.13399330810820018,0.3914282081430739,0.6354425512385786,-9.043844223022461,-0.0054328553378582,0.018233731389045715,0.40625
MSAGAT-Net.ltla_timeseries.w-20.h-7.no_mtfm.seed-5,ltla_timeseries,7,5,no_mtfm,level,,save_all,2.1783324757775714e-40,2.8428141945757564e-40,0.0,0.0,0.0015066151972860098,0.6939007718947305,0.005169157395758206,0.0035868823069619745,0.0035868823069619745,0.0,,,,0.16428460377156082,0.3166392307959176,0.6232765610405777,-9.045883178710938,-0.003739961190149188,0.030160343274474144,0.4479166666666667
MSAGAT-Net.ltla_timeseries.w-20.h-7.no_pprm.seed-42.with_adj,ltla_timeseries,7,42,no_pprm,level,,save_all,5.952249557594769e-05,6.458758434746414e-05,1.0079112024163894e-12,2.170035928727998e-09,3.68441388509666e-13,0.6931471805601296,0.005169157395758206,0.0035829868747413425,0.0035829868757492537,2.813047430450386e-10,0.01919896900653839,0.2568705976009369,4.0,,,0.4944797827356424,-5.480715751647949,0.0033474068623036146,0.042728204280138016,0.5416666666666666
MSAGAT-Net.ltla_timeseries.w-20.h-7.no_pprm.seed-5,ltla_timeseries,7,5,no_pprm,level,,save_all,4.5665245124837384e-05,4.578839798341505e-05,4.9011593394876485e-12,1.8191358419628045e-09,2.8445481802918948e-05,0.6931614034019901,0.005169157395758206,0.0035830603948495345,0.003583060399750694,1.3678695842885224e-09,0.025081440806388855,0.2633363604545593,4.0,,,0.4759915857438146,-7.380274772644043,0.013456232845783234,0.03623531758785248,0.34375
MSAGAT-Net.ltla_timeseries.w-20.h-7.none.seed-1000.with_adj.loggrowth.quant.exp-nodecay-regpre,ltla_timeseries,7,1000,none,loggrowth,nodecay-regpre,save_all,0.6128206253051758,0.5992724299430847,0.3078325688838959,2.3964333534240723,1.4118403196334839,1.629926620307172,0.005169157395758206,0.008425347243903996,0.31625791612779985,0.973359252640812,0.11753661930561066,0.3161957859992981,4.0,0.13673597302146778,0.383984991747047,0.5890915354608532,-11.512925148010254,0.0021532170940190554,0.1222022995352745,0.4791666666666667
MSAGAT-Net.ltla_timeseries.w-20.h-7.none.seed-1000.with_adj.loggrowth.quant,ltla_timeseries,7,1000,none,loggrowth,,save_all,2.37133068736739e-08,1.802490423585823e-08,1.503405395526558e-16,1.0186047646765792e-15,0.7333359718322754,1.1255834667584022,0.005169157395758206,0.005818318101737356,0.005818318101737506,2.583917498559594e-14,0.15562084317207336,0.3408469259738922,4.0,0.12113743012432085,0.4282868871497452,0.5877533555567532,-11.2294282913208,0.002829891862347722,0.12012960761785507,0.4791666666666667
MSAGAT-Net.ltla_timeseries.w-20.h-7.none.seed-1000.with_adj,ltla_timeseries,7,1000,none,level,,save_all,2.382936064553638e-40,2.22465940300815e-40,0.0,0.0,0.05296209454536438,0.7199788097938042,0.005169157395758206,0.0037216837894348343,0.0037216837894348343,0.0,0.008030220866203308,0.25567275285720825,4.0,0.1305099999023043,0.40108977484391495,0.6216567906916683,-9.869535446166992,0.004710014443844557,0.03290531039237976,0.5625
MSAGAT-Net.ltla_timeseries.w-20.h-7.none.seed-123.with_adj.loggrowth.quant.exp-nodecay-regpre,ltla_timeseries,7,123,none,loggrowth,nodecay-regpre,save_all,1.092889666557312,0.9563651084899902,0.4757232367992401,6.71067476272583,1.2064493894577026,1.468242678428569,0.005169157395758206,0.007589577499966875,0.48331281429920697,0.984296759209723,0.10477744042873383,0.31662601232528687,4.0,0.15779513206619897,0.3313546839915732,0.6464906183985212,-11.512925148010254,0.011120609007775784,0.12842951714992523,0.4270833333333333
MSAGAT-Net.ltla_timeseries.w-20.h-7.none.seed-123.with_adj.loggrowth.quant,ltla_timeseries,7,123,none,loggrowth,,save_all,5.545654929468987e-23,3.6936474444590655e-23,0.0,5.605193857299268e-45,0.2915761470794678,0.8495249023372724,0.005169157395758206,0.00439132793179748,0.00439132793179748,0.0,0.10532046854496002,0.31559744477272034,4.0,0.15441107992683886,0.3392976410941944,0.6446122971374898,-10.599356651306152,0.010539737530052662,0.12767000496387482,0.4166666666666667
MSAGAT-Net.ltla_timeseries.w-20.h-7.none.seed-123.with_adj,ltla_timeseries,7,123,none,level,,save_all,2.1906919282329163e-40,2.3580209778579427e-40,0.0,0.0,0.048664674162864685,0.7177755197483981,0.005169157395758206,0.0037102946364016226,0.0037102946364016226,0.0,0.012527510523796082,0.25933656096458435,4.0,0.13095618654325578,0.39983900283735035,0.5829547632390779,-9.841243743896484,-0.01066669076681137,0.030174851417541504,0.5
MSAGAT-Net.ltla_timeseries.w-20.h-7.none.seed-30.with_adj.loggrowth,ltla_timeseries,7,30,none,loggrowth,,save_all,2.199590173481379e-40,2.322470035818022e-40,0.0,0.0,0.003957969602197409,0.6951281235501873,0.005169157395758206,0.0035932266808489746,0.0035932266808489746,0.0,0.09147389233112335,0.2877938747406006,4.0,0.3543253920973884,0.08371996958642323,0.6940427730350095,-9.182580947875977,-0.018013792112469673,0.08224130421876907,0.46875
MSAGAT-Net.ltla_timeseries.w-20.h-7.none.seed-30.with_adj.loggrowth.quant.exp-nodecay-regpre,ltla_timeseries,7,30,none,loggrowth,nodecay-regpre,save_all,1.7315019369125366,2.045714855194092,0.8938003182411194,11.268007278442383,3.0522074699401855,3.098379444204,0.005169157395758206,0.016016011018872307,0.9098163292599917,0.982396434858562,0.1074347198009491,0.3147004544734955,4.0,0.4347882909693302,0.047666900262745386,0.7544403426193318,-11.512925148010254,-0.021723123267292976,0.1373758614063263,0.6041666666666666
MSAGAT-Net.ltla_timeseries.w-20.h-7.none.seed-30.with_adj.loggrowth.quant,ltla_timeseries,7,30,none,loggrowth,,save_all,1.658548836405567e-40,2.2005430564371197e-40,0.0,0.0,0.015698714181780815,0.7010273435378703,0.005169157395758206,0.003623720677477511,0.003623720677477511,0.0,0.04872182011604309,0.2754300832748413,4.0,0.24377670900154128,0.18151137355770205,0.6648701065823461,-9.503487586975098,-0.017498215660452843,0.1286870688199997,0.5416666666666666
MSAGAT-Net.ltla_timeseries.w-20.h-7.none.seed-30.with_adj.pprm-multistep,ltla_timeseries,7,30,none,level,,save_all,3.2334857957998287e-32,2.1677571972790063e-32,0.0,0.0,0.13106666505336761,0.7608262867021475,0.005169157395758206,0.003932830826793659,0.003932830826793659,0.0,0.032812610268592834,0.27383315563201904,4.0,0.11447097550887436,0.44874663915220103,0.5714892171981956,-10.210874557495117,-0.007785411551594734,0.02906610630452633,0.5729166666666666
MSAGAT-Net.ltla_timeseries.w-20.h-7.none.seed-30.with_adj.pprm-multistep.sgate,ltla_timeseries,7,30,none,level,,save_all,3.233475510224259e-32,2.167764397181905e-32,0.0,0.0,0.13107019662857056,0.7608281680438767,0.005169157395758206,0.003932840551745172,0.003932840551745172,0.0,0.03286868333816528,0.2739397883415222,4.0,0.11542848609294462,0.4457489389327364,0.5717941336146783,-10.210874557495117,-0.0034302398562431335,0.02355056442320347,0.5416666666666666
MSAGAT-Net.ltla_timeseries.w-20.h-7.none.seed-30.with_adj,ltla_timeseries,7,30,none,level,,save_all,5.598260636071747e-36,3.686415645223225e-36,0.0,0.0,0.08874955773353577,0.7385061969762264,0.005169157395758206,0.0038174547699129278,0.0038174547699129278,0.0,0.014840766787528992,0.25878146290779114,4.0,0.12299136415833099,0.4227646874758518,0.5950487124498086,-10.053990364074707,-0.008495735935866833,0.034990910440683365,0.5416666666666666
MSAGAT-Net.ltla_timeseries.w-20.h-7.none.seed-30.with_adj.sgate,ltla_timeseries,7,30,none,level,,save_all,7.187859371415161e-32,4.7778958243162444e-32,0.0,0.0,0.13552819192409515,0.7632055078370518,0.005169157395758206,0.003945129395319294,0.003945129395319294,0.0,0.025667250156402588,0.26748281717300415,4.0,0.11389821667211694,0.45054941590567904,0.6137235051951696,-10.225177764892578,-0.005668912082910538,0.03404625505208969,0.59375
MSAGAT-Net.ltla_timeseries.w-20.h-7.none.seed-42.with_adj.loggrowth,ltla_timeseries,7,42,none,loggrowth,,save_all,1.252046202411174e-22,8.116435237081567e-23,0.0,2.382207389352189e-44,0.29930204153060913,0.853954366994249,0.005169157395758206,0.0044142245317883395,0.0044142245317883395,0.0,0.07665348052978516,0.2975309491157532,4.0,0.1662076055295014,0.31240550525818167,0.6602544672653208,-10.613846778869629,-0.010232449509203434,0.0966024175286293,0.5416666666666666
MSAGAT-Net.ltla_timeseries.w-20.h-7.none.seed-42.with_adj.loggrowth.quant.exp-nodecay-regpre,ltla_timeseries,7,42,none,loggrowth,nodecay-regpre,save_all,2.338257312774658,1.8961999416351318,1.057204008102417,10.54249382019043,3.1416616439819336,3.1839650402252073,0.005169157395758206,0.016458416435515707,1.0736624245379327,0.9846707716882251,0.1775006353855133,0.3788228929042816,4.0,0.7411147359483583,0.005584261124463071,0.7378289400701831,-11.512925148010254,-0.006639757659286261,0.11836662143468857,0.5208333333333334
MSAGAT-Net.ltla_timeseries.w-20.h-7.none.seed-42.with_adj.loggrowth.quant,ltla_timeseries,7,42,none,loggrowth,,save_all,1.2419512511099806e-35,8.22127432818165e-36,0.0,0.0,0.09300481528043747,0.7407304356917843,0.005169157395758206,0.0038289522099193853,0.0038289522099193853,0.0,0.04789842665195465,0.27430450916290283,4.0,0.2310035371850333,0.1984883719246903,0.6362830280249286,-10.068221092224121,-0.0014998912811279297,0.11537673324346542,0.5
MSAGAT-Net.ltla_timeseries.w-20.h-7.none.seed-42.with_adj.pprm-multistep,ltla_timeseries,7,42,none,level,,save_all,1.969791238316752e-40,1.970001433086401e-40,0.0,0.0,0.014591379091143608,0.7004694834123996,0.005169157395758206,0.0036208370106841354,0.0036208370106841354,0.0,0.003676995635032654,0.25275471806526184,4.0,0.1515360787860938,0.346195182569596,0.5723224833409444,-9.489484786987305,-0.002385706640779972,0.023140573874115944,0.53125
MSAGAT-Net.ltla_timeseries.w-20.h-7.none.seed-42.with_adj.pprm-multistep.sgate,ltla_timeseries,7,42,none,level,,save_all,2.950927173695345e-39,1.8865400965512147e-40,0.0,0.0,0.002474364824593067,0.6943851282822072,0.005169157395758206,0.003589386021364482,0.003589386021364482,0.0,0.0006263703107833862,0.25046974420547485,4.0,0.1938991733951642,0.25735618654117687,0.5381906901248222,-9.085419654846191,-0.00024827508605085313,0.018420057371258736,0.75
MSAGAT-Net.ltla_timeseries.w-20.h-7.none.seed-42.with_adj,ltla_timeseries,7,42,none,level,,save_all,1.5160523626573381e-25,3.3809968827843456e-40,0.0,0.0,0.0009563772473484278,0.693625483515795,0.005169157395758206,0.0035854592980020337,0.0035854592980020337,0.0,0.00024534761905670166,0.25018399953842163,4.0,0.20319017632230313,0.24115118120648382,0.5660337182426176,-8.905550956726074,0.002104188082739711,0.026637373492121696,0.4895833333333333
MSAGAT-Net.ltla_timeseries.w-20.h-7.none.seed-42.with_adj.sgate,ltla_timeseries,7,42,none,level,,save_all,1.8077450839022303e-40,1.7196734754194155e-40,0.0,0.0,0.006549125071614981,0.6964271044660718,0.005169157395758206,0.0035999413176572683,0.0035999413176572683,0.0,0.001668289303779602,0.25125083327293396,4.0,0.17503367924835758,0.2936884537166383,0.5837642954661848,-9.293915748596191,0.002269010292366147,0.016232362017035484,0.71875
MSAGAT-Net.ltla_timeseries.w-20.h-7.none.seed-45.with_adj.loggrowth,ltla_timeseries,7,45,none,loggrowth,,save_all,2.1154396020221932e-26,1.4202428329725548e-26,0.0,0.0,0.2228076457977295,0.8107436159706198,0.005169157395758206,0.004190861358558281,0.004190861358558281,0.0,0.07456499338150024,0.2956070601940155,4.0,0.1775198681939645,0.28862151745725,0.6510553271079246,-10.45488452911377,-0.0147007517516613,0.08599358797073364,0.53125
MSAGAT-Net.ltla_timeseries.w-20.h-7.none.seed-45.with_adj.loggrowth.quant.exp-nodecay-regpre,ltla_timeseries,7,45,none,loggrowth,nodecay-regpre,save_all,1.6148430109024048,1.2056803703308105,1.0099444389343262,7.742353916168213,2.093461036682129,2.2096960214453922,0.005169157395758206,0.011422266531631933,1.021366705465958,0.9888166840856429,0.03927895426750183,0.2732011675834656,4.0,0.23219659705485932,0.1968376150223405,0.6514265599503648,-11.512925148010254,0.01757277548313141,0.12421486526727676,0.4375
MSAGAT-Net.ltla_timeseries.w-20.h-7.none.seed-45.with_adj.loggrowth.quant,ltla_timeseries,7,45,none,loggrowth,,save_all,1.8660811389720724e-40,1.8663613986649374e-40,0.0,0.0,0.029988734051585197,0.708253958894826,0.005169157395758206,0.0036610761896962185,0.0036610761896962185,0.0,0.02260783314704895,0.2617950141429901,4.0,0.2632671077187478,0.15836231250251073,0.6128962166264077,-9.671975135803223,0.018125690519809723,0.11981502920389175,0.4583333333333333
MSAGAT-Net.ltla_timeseries.w-20.h-7.none.seed-45.with_adj.pprm-multistep,ltla_timeseries,7,45,none,level,,save_all,1.918910091077118e-40,1.7207524752369456e-40,0.0,0.0,0.006547228433191776,0.6964261530419904,0.005169157395758206,0.003599936399596441,0.003599936399596441,0.0,0.0017379969358444214,0.25119537115097046,4.0,0.21042781946490297,0.22923794900904573,0.5422598136252796,-9.293915748596191,-0.006699260324239731,0.03205295652151108,0.4583333333333333
MSAGAT-Net.ltla_timeseries.w-20.h-7.none.seed-45.with_adj.pprm-multistep.sgate,ltla_timeseries,7,45,none,level,,save_all,2.102129865287588e-40,1.772039999031234e-40,0.0,0.0,0.006546905264258385,0.6964259909285735,0.005169157395758206,0.0035999355616066733,0.0035999355616066733,0.0,0.001258954405784607,0.25082623958587646,4.0,0.20969566235813494,0.23041583216969322,0.5430865804157268,-9.293915748596191,-0.00032761250622570515,0.03277187421917915,0.4479166666666667
MSAGAT-Net.ltla_timeseries.w-20.h-7.none.seed-45.with_adj,ltla_timeseries,7,45,none,level,,save_all,1.3506882380766662e-34,8.63325525160861e-35,0.0,0.0,0.10274584591388702,0.7458391120936027,0.005169157395758206,0.00385535976232438,0.00385535976232438,0.0,0.025890782475471497,0.2650696933269501,4.0,0.146600816677891,0.35836411919538974,0.642193435352768,-10.110952377319336,-0.00595121318474412,0.05332291126251221,0.53125
MSAGAT-Net.ltla_timeseries.w-20.h-7.none.seed-45.with_adj.sgate,ltla_timeseries,7,45,none,level,,save_all,2.501457888666231e-40,2.218675858565483e-40,0.0,0.0,0.03566955402493477,0.711140988777468,0.005169157395758206,0.0036759997015658524,0.0036759997015658524,0.0,0.00866369903087616,0.25483939051628113,4.0,0.16982360553657658,0.30459713670188887,0.6105627516869424,-9.742408752441406,-0.0006607331451959908,0.04260936379432678,0.5208333333333334
MSAGAT-Net.ltla_timeseries.w-20.h-7.none.seed-5,ltla_timeseries,7,5,none,level,,save_all,4.301357974802356e-28,2.7744624185576835e-28,0.0,0.0,0.191875621676445,0.7936799808857471,0.005169157395758206,0.004102656743060791,0.004102656743060791,0.0,0.0428624302148819,0.2804923355579376,4.0,0.14031767414286203,0.3744774396853554,0.5857118310227231,-10.388449668884277,-0.0018190600676462054,0.034988973289728165,0.4583333333333333
MSAGAT-Net.nhs_timeseries.w-20.h-14.no_agam.seed-42.with_adj,nhs_timeseries,14,42,no_agam,level,,save_all,,,,,,,0.19700447525059056,,0.0,,0.17200154066085815,0.5860007405281067,2.0,0.08195808371835267,0.31745691455176345,0.6302525760839071,,-0.00751899927854538,0.0643959790468216,0.4375
MSAGAT-Net.nhs_timeseries.w-20.h-14.no_agam.seed-5.with_adj,nhs_timeseries,14,5,no_agam,level,,save_all,,,,,,,0.19700447525059056,,0.0,,0.17904356122016907,0.5895217657089233,2.0,0.07774236702281173,0.3367571813956945,0.6493800862547993,,-0.0019239609828218818,0.06054699420928955,0.53125
MSAGAT-Net.nhs_timeseries.w-20.h-14.no_mtfm.seed-42.with_adj,nhs_timeseries,14,42,no_mtfm,level,,save_all,5.900403386432629e-20,5.5307523973070495e-19,0.0,7.707141553786494e-41,0.020656216889619827,0.7035286229686017,0.19700447525059056,0.13859828719169995,0.13859828719169995,0.0,,,,0.08980612229598169,0.2844249910157577,0.6110034841145072,-9.58352279663086,0.00868188589811325,0.039017729461193085,0.40625
MSAGAT-Net.nhs_timeseries.w-20.h-14.no_mtfm.seed-5.with_adj,nhs_timeseries,14,5,no_mtfm,level,,save_all,0.003301061224192381,0.0037917594891041517,1.5998901972125168e-06,8.867912583809812e-06,0.4944450855255127,0.9706229032354579,0.19700447525059056,0.19121705571810613,0.19121865560830334,8.366810194972651e-06,,,,0.08231319516605032,0.3158825750731172,0.66905816205837,-10.928022384643555,-0.00760293984785676,0.06282952427864075,0.53125
MSAGAT-Net.nhs_timeseries.w-20.h-14.no_pprm.seed-42.with_adj,nhs_timeseries,14,42,no_pprm,level,,save_all,4.970339659848833e-07,1.2113216598663712e-06,1.70459197294413e-14,3.4621185584192415e-13,0.20914959907531738,0.8031799872757825,0.19700447525059056,0.15823005192504155,0.1582300519250586,1.0772871222664225e-13,0.1085594892501831,0.5542797446250916,2.0,,,0.6566281679931637,-10.385920524597168,0.031854141503572464,0.10702255368232727,0.4375
MSAGAT-Net.nhs_timeseries.w-20.h-14.no_pprm.seed-5.with_adj,nhs_timeseries,14,5,no_pprm,level,,save_all,0.1715237945318222,0.1773655116558075,0.015751365572214127,0.05482691898941994,0.9069234728813171,1.2460810348081954,0.19700447525059056,0.2454835403821014,0.26123490595431553,0.06029579207523174,0.1846199929714203,0.5923100113868713,2.0,,,0.6331632208085682,-11.41706657409668,0.009270254522562027,0.10037586838006973,0.4895833333333333
MSAGAT-Net.nhs_timeseries.w-20.h-14.none.seed-1000.with_adj.loggrowth.quant.attnfix,nhs_timeseries,14,1000,none,loggrowth,,save_all,1.457755446434021,1.2519766092300415,1.0903818607330322,3.7462940216064453,0.5530810952186584,1.0074474145384413,0.19700447525059056,0.1984716492437098,1.288853509976742,0.8460091486678798,0.1364603340625763,0.568230152130127,2.0,0.17419628493315367,0.08727004614339337,0.6845073051429014,-9.974632263183594,0.005013365764170885,0.12556616961956024,0.5
MSAGAT-Net.nhs_timeseries.w-20.h-14.none.seed-1000.with_adj.loggrowth.quant.exp-nodecay-regpre,nhs_timeseries,14,1000,none,loggrowth,nodecay-regpre,save_all,1.0621130466461182,0.9098957777023315,0.5930241942405701,1.62836754322052,0.380237340927124,0.9012305710518228,0.19700447525059056,0.17754645572985442,0.7705706499704245,0.7695909444037755,0.09736230969429016,0.5486811399459839,2.0,0.16211291503814,0.10335549653897139,0.6937108087376308,-11.512925148010254,0.014411491341888905,0.13041599094867706,0.4270833333333333
MSAGAT-Net.nhs_timeseries.w-20.h-14.none.seed-1000.with_adj.loggrowth.quant,nhs_timeseries,14,1000,none,loggrowth,,save_all,2.6417865228722803e-06,2.2157450985105243e-06,5.115140082334602e-13,7.571773069647847e-12,-0.11879270523786545,0.6355137550790495,0.19700447525059056,0.12519905383388047,0.12519905383439198,4.085606021512505e-12,0.1319970190525055,0.5659984946250916,2.0,0.16220183609738129,0.10322690987078798,0.6944203116267011,-10.111091613769531,0.01172765251249075,0.12826403975486755,0.4791666666666667
MSAGAT-Net.nhs_timeseries.w-20.h-14.none.seed-1000.with_adj,nhs_timeseries,14,1000,none,level,,save_all,3.528049143630592e-41,8.281533794313236e-41,0.0,0.0,0.00011408323916839436,0.6932042238064027,0.19700447525059056,0.13656433435247328,0.13656433435247328,0.0,6.338953971862793e-05,0.5000317096710205,2.0,0.12719913012351652,0.16850534279179516,0.5730100727344578,-8.564950942993164,-0.0012094001285731792,0.024478012695908546,0.4583333333333333
MSAGAT-Net.nhs_timeseries.w-20.h-14.none.seed-123.with_adj.loggrowth.quant.attnfix,nhs_timeseries,14,123,none,loggrowth,,save_all,0.9330540299415588,0.8784394264221191,0.5046027898788452,2.033949613571167,0.51927250623703,0.9861169099578246,0.19700447525059056,0.1942694443819751,0.6988722342608203,0.722024377478025,0.02430209517478943,0.5121510624885559,2.0,0.29622910692084453,0.01580850019018178,0.7278047626850178,-8.666019439697266,-0.01836157776415348,0.1324480026960373,0.5208333333333334
MSAGAT-Net.nhs_timeseries.w-20.h-14.none.seed-123.with_adj.loggrowth.quant.exp-nodecay-regpre,nhs_timeseries,14,123,none,loggrowth,nodecay-regpre,save_all,1.5240594148635864,1.4299345016479492,1.1781055927276611,3.6872706413269043,0.29381585121154785,0.8508074823965445,0.19700447525059056,0.1676128816088073,1.3457184743364685,0.8754472909414044,0.06571388244628906,0.5328569412231445,2.0,0.7049091887191467,5.1768503091181104e-05,0.7335670295805218,-11.512925148010254,-0.02600882016122341,0.13312625885009766,0.59375
MSAGAT-Net.nhs_timeseries.w-20.h-14.none.seed-123.with_adj.loggrowth.quant,nhs_timeseries,14,123,none,loggrowth,,save_all,1.221511871351943e-41,1.1630777253895982e-41,0.0,0.0,-0.3039248585700989,0.5526868740465222,0.19700447525059056,0.10888178759942434,0.10888178759942434,0.0,0.024660348892211914,0.512330174446106,2.0,0.44659668818534987,0.0019259158953641698,0.721643410067933,-7.71087121963501,-0.021460145711898804,0.1358402818441391,0.5625
MSAGAT-Net.nhs_timeseries.w-20.h-14.none.seed-123.with_adj,nhs_timeseries,14,123,none,level,,save_all,9.111917442794493e-09,2.6142263465089854e-08,9.583664119022013e-18,1.6781211610210285e-16,0.13798920810222626,0.7645200263627945,0.19700447525059056,0.15061386661217,0.15061386661217,6.363068908986916e-17,0.06445968151092529,0.5322298407554626,2.0,0.0860314366422141,0.29985984015198797,0.6499386313194179,-10.23298454284668,-0.011038587428629398,0.040047045797109604,0.5729166666666666
MSAGAT-Net.nhs_timeseries.w-20.h-14.none.seed-30.with_adj.loggrowth,nhs_timeseries,14,30,none,loggrowth,,save_all,0.19688189029693604,0.20175963640213013,0.02135433629155159,0.08998621255159378,0.9335922002792358,1.2651516295282321,0.19700447525059056,0.24924053288763892,0.2705948691791905,0.0789162645852333,0.18796944618225098,0.5939847230911255,2.0,0.10563474626160033,0.22789131605147028,0.6349593514102753,-11.448973655700684,0.0032786510419100523,0.08959729224443436,0.5416666666666666
MSAGAT-Net.nhs_timeseries.w-20.h-14.none.seed-30.with_adj.loggrowth.quant.attnfix,nhs_timeseries,14,30,none,loggrowth,,save_all,0.9944404363632202,0.8724659085273743,0.6475215554237366,3.0274300575256348,0.4727022349834442,0.9571729871334038,0.19700447525059056,0.18856736205425648,0.8360889174779931,0.7744649425290105,0.17306509613990784,0.5865325331687927,2.0,0.14383505229165344,0.1334950698103732,0.6992717186864423,-10.493390083312988,-0.003590016858652234,0.12501932680606842,0.5208333333333334
MSAGAT-Net.nhs_timeseries.w-20.h-14.none.seed-30.with_adj.loggrowth.quant.exp-nodecay-regpre,nhs_timeseries,14,30,none,loggrowth,nodecay-regpre,save_all,0.732422411441803,0.7577759027481079,0.43898633122444153,1.8879485130310059,0.529082179069519,0.992278599020277,0.19700447525059056,0.19548332470238083,0.6344696559268224,0.6918949190456994,0.16458845138549805,0.582294225692749,2.0,0.13555509925721002,0.14990232111043975,0.6649097757011292,-11.512925148010254,-0.01508015114814043,0.12315374612808228,0.5729166666666666
MSAGAT-Net.nhs_timeseries.w-20.h-14.none.seed-30.with_adj.loggrowth.quant,nhs_timeseries,14,30,none,loggrowth,,save_all,1.236926154459516e-41,1.2229131698162679e-41,0.0,0.0,-0.3082568049430847,0.5508498288527505,0.19700447525059056,0.10851988147501372,0.10851988147501372,0.0,0.09226024150848389,0.5461301207542419,2.0,0.5383171797008024,0.000533292493613468,0.6936306488565446,-7.840298652648926,-0.014888308942317963,0.13286925852298737,0.5416666666666666
MSAGAT-Net.nhs_timeseries.w-20.h-14.none.seed-30.with_adj,nhs_timeseries,14,30,none,level,,save_all,1.3598469195130747e-07,2.2657111742319103e-07,3.548081785007559e-16,7.912587075896253e-15,0.17516565322875977,0.7845604895708455,0.19700447525059056,0.15456192755025083,0.1545619275502512,2.295572940402161e-15,0.08515390753746033,0.5425769686698914,2.0,0.08275951534499316,0.3139149420911488,0.648223495292305,-10.339958190917969,0.004594889003783464,0.047768328338861465,0.5520833333333334
MSAGAT-Net.nhs_timeseries.w-20.h-14.none.seed-42.with_adj.loggrowth,nhs_timeseries,14,42,none,loggrowth,,save_all,0.19927646219730377,0.2032015472650528,0.028096571564674377,0.08889748901128769,0.9369248151779175,1.2675449164675912,0.19700447525059056,0.24971202112525145,0.27780859268992586,0.10113643819517912,0.19530829787254333,0.5976541638374329,2.0,0.10586132908701933,0.22716955381328258,0.6234279506201457,-11.448973655700684,0.007553363684564829,0.0866895318031311,0.46875
MSAGAT-Net.nhs_timeseries.w-20.h-14.none.seed-42.with_adj.loggrowth.quant.attnfix,nhs_timeseries,14,42,none,loggrowth,,save_all,0.33814379572868347,0.3317773938179016,0.06108938530087471,0.20965975522994995,0.9523698687553406,1.278665919722437,0.19700447525059056,0.25190290853573244,0.31299229383660715,0.1951785603154993,0.18849924206733704,0.5942496061325073,2.0,0.11174700688265146,0.20920134943519705,0.609990205845554,-11.337459564208984,0.02552577294409275,0.11492827534675598,0.46875
MSAGAT-Net.nhs_timeseries.w-20.h-14.none.seed-42.with_adj.loggrowth.quant,nhs_timeseries,14,42,none,loggrowth,,save_all,0.12557260692119598,0.12778568267822266,0.00740049360319972,0.03233500197529793,0.8341212272644043,1.194767423584175,0.19700447525059056,0.23537452932970046,0.24277502293290018,0.030482928242767045,0.18496066331863403,0.5924803614616394,2.0,0.11218148368009845,0.20793270786148485,0.6085375929652029,-11.35335922241211,0.020516900345683098,0.11705237627029419,0.46875
MSAGAT-Net.nhs_timeseries.w-20.h-14.none.seed-42.with_adj,nhs_timeseries,14,42,none,level,,save_all,5.602671520063484e-41,2.3761818059555923e-41,0.0,0.0,-0.054592523723840714,0.6662234154002807,0.19700447525059056,0.1312489943505885,0.1312489943505885,0.0,0.00015401840209960938,0.5000770092010498,2.0,0.1465604872045688,0.12849737268796194,0.5667830600006332,-8.681708335876465,0.0036307426635175943,0.03615787997841835,0.4166666666666667
MSAGAT-Net.nhs_timeseries.w-20.h-14.none.seed-45.with_adj.loggrowth,nhs_timeseries,14,45,none,loggrowth,,save_all,0.21356558799743652,0.21744167804718018,0.032623328268527985,0.13420452177524567,0.9522580504417419,1.2785852338306394,0.19700447525059056,0.2518870130539587,0.2845103413224867,0.11466482419192665,0.19113758206367493,0.5955687761306763,2.0,0.10478660456939798,0.23061342296534754,0.6323320338390412,-11.464949607849121,-0.008006557822227478,0.07939019054174423,0.5208333333333334
MSAGAT-Net.nhs_timeseries.w-20.h-14.none.seed-45.with_adj.loggrowth.quant.attnfix,nhs_timeseries,14,45,none,loggrowth,,save_all,0.38020843267440796,0.3957867920398712,0.09236758947372437,0.47122085094451904,0.8790918588638306,1.226334291145874,0.19700447525059056,0.24159334350899783,0.3339609329827222,0.27658202008467586,0.1934448480606079,0.596722424030304,2.0,0.11172470928264325,0.2092666652615222,0.6355443910097202,-11.35335922241211,-0.0003287500294391066,0.11671649664640427,0.5208333333333334
MSAGAT-Net.nhs_timeseries.w-20.h-14.none.seed-45.with_adj.loggrowth.quant.exp-nodecay-regpre,nhs_timeseries,14,45,none,loggrowth,nodecay-regpre,save_all,1.0551629066467285,0.9785036444664001,0.7633341550827026,2.551612377166748,0.42727455496788025,0.9294333942452713,0.19700447525059056,0.18310253811366492,0.9464366931963676,0.8065348274956678,0.09440305829048157,0.5472015142440796,2.0,0.21147704601196282,0.05178376249692854,0.7086807740437315,-11.512925148010254,-0.002228010445833206,0.12864002585411072,0.5625
MSAGAT-Net.nhs_timeseries.w-20.h-14.none.seed-45.with_adj.loggrowth.quant,nhs_timeseries,14,45,none,loggrowth,,save_all,1.1047809493902605e-06,7.685933383072552e-07,3.596589307841916e-14,8.493190417450946e-13,-0.16553661227226257,0.6138002669190111,0.19700447525059056,0.12092139949305221,0.12092139949308818,2.974319949090149e-13,0.11806824803352356,0.5590341091156006,2.0,0.21272688172229504,0.05088554702819604,0.7062901668700902,-9.718344688415527,-0.003111446974799037,0.1334204077720642,0.5520833333333334
MSAGAT-Net.nhs_timeseries.w-20.h-14.none.seed-45.with_adj,nhs_timeseries,14,45,none,level,,save_all,0.0012721304083243012,0.0014302325434982777,1.2911469582377322e-07,1.123050878959475e-06,0.41836321353912354,0.9240495411801241,0.19700447525059056,0.1820418949657393,0.18204202408043513,7.092576369438959e-07,0.14378494024276733,0.571892499923706,2.0,0.0841953509285904,0.3076677189337328,0.6620818377794119,-10.849624633789062,-0.0045204670168459415,0.06095828115940094,0.53125
MSAGAT-Net.nhs_timeseries.w-20.h-14.none.seed-5.with_adj,nhs_timeseries,14,5,none,level,,save_all,3.712717779020365e-15,1.0226270276815583e-14,0.0,2.754823109061659e-29,0.041758161038160324,0.7142442132458441,0.19700447525059056,0.14070930643126842,0.14070930643126842,0.0,0.02089226245880127,0.5104461312294006,2.0,0.0860677701662898,0.29970734943285143,0.659847808130432,-9.783875465393066,0.0034401670563966036,0.03637530654668808,0.40625
MSAGAT-Net.nhs_timeseries.w-20.h-3.no_agam.seed-42.with_adj,nhs_timeseries,3,42,no_agam,level,,save_all,,,,,,,0.19700447525059056,,0.0,,0.0,0.5,2.0,0.3724871411982352,0.3271091330352762,0.5467216564664705,,0.004067428410053253,0.014418035745620728,0.6354166666666666
MSAGAT-Net.nhs_timeseries.w-20.h-3.no_agam.seed-5.with_adj,nhs_timeseries,3,5,no_agam,level,,save_all,,,,,,,0.19700447525059056,,0.0,,0.0,0.5,2.0,0.5249400109757358,0.20704481057695126,0.5047706347424195,,-0.0007761875167489052,0.012630462646484375,0.375
MSAGAT-Net.nhs_timeseries.w-20.h-3.no_mtfm.seed-42.with_adj,nhs_timeseries,3,42,no_mtfm,level,,save_all,3.169008138075361e-27,2.5799534127137863e-26,0.0,0.0,0.005542927887290716,0.6959224850048696,0.19700447525059056,0.13709984397347133,0.13709984397347133,0.0,,,,0.1150029554919313,0.7082140740770173,0.6820540662329283,-9.2771635055542,-0.007688239216804504,0.05804423615336418,0.5416666666666666
MSAGAT-Net.nhs_timeseries.w-20.h-3.no_mtfm.seed-5.with_adj,nhs_timeseries,3,5,no_mtfm,level,,save_all,6.592085100010081e-08,1.4151740401757706e-07,2.0624298030087572e-16,7.803551065695049e-15,0.16167274117469788,0.7772472584124047,0.19700447525059056,0.15312118828349594,0.15312118828349613,1.3469264614053756e-15,,,,0.14735339611153211,0.6427109505896113,0.5249694073485078,-10.302754402160645,-0.004928271751850843,0.04011243209242821,0.5208333333333334
MSAGAT-Net.nhs_timeseries.w-20.h-3.no_pprm.seed-42.with_adj,nhs_timeseries,3,42,no_pprm,level,,save_all,4.05324179507489e-40,2.0821921907371743e-39,0.0,0.0,-6.60886726109311e-05,0.693114136769604,0.19700447525059056,0.1365465868030619,0.1365465868030619,0.0,0.008677959442138672,0.5043389797210693,2.0,,,0.5070910490756461,-8.791475296020508,-0.009720377624034882,0.0629551112651825,0.5
MSAGAT-Net.nhs_timeseries.w-20.h-3.no_pprm.seed-5.with_adj,nhs_timeseries,3,5,no_pprm,level,,save_all,1.5031228883799486e-07,3.2188452792070166e-07,3.943700434423501e-16,8.81082485887797e-15,0.16895580291748047,0.7811891038407365,0.19700447525059056,0.1538977494736234,0.15389774947362378,2.5625458773192804e-15,0.08497574925422668,0.5424878597259521,2.0,,,0.538982683804095,-10.335125923156738,-0.0008609630167484283,0.08277998119592667,0.5208333333333334
MSAGAT-Net.nhs_timeseries.w-20.h-3.none.seed-1000.with_adj.loggrowth.quant.attnfix,nhs_timeseries,3,1000,none,loggrowth,,save_all,1.025442361831665,1.0142749547958374,0.5672581791877747,1.9673113822937012,0.41809403896331787,0.9238872129494173,0.19700447525059056,0.18200991557783058,0.7492680947656052,0.757083056319422,0.0,0.5,2.0,0.3487822303773358,0.3512185178906995,0.6387268910774181,-6.967868328094482,-0.008423078805208206,0.10460668057203293,0.5104166666666666
MSAGAT-Net.nhs_timeseries.w-20.h-3.none.seed-1000.with_adj.loggrowth.quant.exp-nodecay-regpre,nhs_timeseries,3,1000,none,loggrowth,nodecay-regpre,save_all,0.9514878988265991,0.8431850075721741,0.13631479442119598,1.585279941558838,-0.49608752131462097,0.4755559032316407,0.19700447525059056,0.09368664116847,0.230001435589666,0.5926693199619344,0.0,0.5,2.0,0.3684945997275091,0.3310506814435406,0.5921885060326868,-11.512925148010254,0.01852392964065075,0.08725029230117798,0.5625
MSAGAT-Net.nhs_timeseries.w-20.h-3.none.seed-1000.with_adj.loggrowth.quant,nhs_timeseries,3,1000,none,loggrowth,,save_all,1.3947123615424904e-41,2.3756212865698624e-41,0.0,0.0,-0.05672556161880493,0.6651865695017701,0.19700447525059056,0.1310447310684367,0.1310447310684367,0.0,0.0,0.5,2.0,0.34233709264863493,0.35807555121044565,0.5964116688055069,-6.76207160949707,0.020851904526352882,0.09183105826377869,0.5729166666666666
MSAGAT-Net.nhs_timeseries.w-20.h-3.none.seed-1000.with_adj,nhs_timeseries,3,1000,none,level,,save_all,1.4083925378004615e-38,2.132841955574379e-37,0.0,0.0,0.0006421697326004505,0.6934683169739903,0.19700447525059056,0.13661636188837115,0.13661636188837115,0.0,0.00030291080474853516,0.5001514554023743,2.0,0.2880735700017012,0.4213798017736451,0.4973505908858101,-8.83821964263916,-0.004721133504062891,0.012157969176769257,0.3958333333333333
MSAGAT-Net.nhs_timeseries.w-20.h-3.none.seed-123.with_adj.loggrowth.quant.attnfix,nhs_timeseries,3,123,none,loggrowth,,save_all,1.0993084907531738,1.2388125658035278,0.7838875651359558,3.3431103229522705,0.680246114730835,1.09003009759391,0.19700447525059056,0.21474080738383824,0.9986283725197941,0.7849642436635438,5.328655242919922e-05,0.5000266432762146,2.0,0.3448420562993325,0.35539473811577227,0.6058350837115388,-8.035603523254395,0.016088001430034637,0.10345510393381119,0.4791666666666667
MSAGAT-Net.nhs_timeseries.w-20.h-3.none.seed-123.with_adj.loggrowth.quant.exp-nodecay-regpre,nhs_timeseries,3,123,none,loggrowth,nodecay-regpre,save_all,0.8030555248260498,0.8017774224281311,0.1550227552652359,1.7629207372665405,0.21393468976020813,0.8058246550771977,0.19700447525059056,0.15875106331747146,0.31377381858270736,0.49405892424505643,0.018582910299301147,0.5092914700508118,2.0,0.23959575435780323,0.4873429164803957,0.6519803327056657,-11.512925148010254,0.0021448589395731688,0.12076503038406372,0.4791666666666667
MSAGAT-Net.nhs_timeseries.w-20.h-3.none.seed-123.with_adj.loggrowth.quant,nhs_timeseries,3,123,none,loggrowth,,save_all,2.2061705327134204e-23,1.1386324904828906e-22,0.0,2.802596928649634e-45,-0.05332673341035843,0.6668392393057142,0.19700447525059056,0.1313703144159252,0.1313703144159252,0.0,0.022033393383026123,0.5110167264938354,2.0,0.23845906238162667,0.48900762961472616,0.6519851203320989,-9.41932201385498,0.0015731323510408401,0.12105613201856613,0.4895833333333333
MSAGAT-Net.nhs_timeseries.w-20.h-3.none.seed-123.with_adj,nhs_timeseries,3,123,none,level,,save_all,1.98934130236358e-21,2.3539377171144495e-21,0.0,5.773349673018246e-43,0.01610947772860527,0.7012343584825683,0.19700447525059056,0.13814630682054288,0.13814630682054288,0.0,0.011844068765640259,0.5059220194816589,2.0,0.1263166074613245,0.6845799623949698,0.691361880941269,-9.514394760131836,-0.012036391533911228,0.04254643991589546,0.4166666666666667
MSAGAT-Net.nhs_timeseries.w-20.h-3.none.seed-30.with_adj.loggrowth,nhs_timeseries,3,30,none,loggrowth,,save_all,2.4695568219679363e-34,9.452094055309357e-34,0.0,0.0,0.001538668991997838,0.6939168109936984,0.19700447525059056,0.1367047172173768,0.1367047172173768,0.0,0.0008701086044311523,0.5004350543022156,2.0,0.5288497747773164,0.20463050836610203,0.5906076791916345,-8.994417190551758,-0.004468224477022886,0.021866587921977043,0.5520833333333334
MSAGAT-Net.nhs_timeseries.w-20.h-3.none.seed-30.with_adj.loggrowth.quant.attnfix,nhs_timeseries,3,30,none,loggrowth,,save_all,0.8111276626586914,0.9292161464691162,0.4881853461265564,3.231518030166626,0.6295786499977112,1.056685383504205,0.19700447525059056,0.20817174948221492,0.6963570956087713,0.7010560374914735,0.12162211537361145,0.5608110427856445,2.0,0.1449517423266747,0.6473583803220222,0.6728189494025913,-10.67677116394043,0.005247639957815409,0.12366211414337158,0.4583333333333333
MSAGAT-Net.nhs_timeseries.w-20.h-3.none.seed-30.with_adj.loggrowth.quant.exp-nodecay-regpre,nhs_timeseries,3,30,none,loggrowth,nodecay-regpre,save_all,0.6527494192123413,0.5879259705543518,0.11396843940019608,2.0109317302703857,0.37270957231521606,0.8967664374740942,0.19700447525059056,0.17666700143692546,0.29063544083712156,0.39213538125952946,0.027956992387771606,0.5139784812927246,2.0,0.22817374504045743,0.5043316280543512,0.6670436590960943,-11.512925148010254,-0.01051120925694704,0.1194615364074707,0.4895833333333333
MSAGAT-Net.nhs_timeseries.w-20.h-3.none.seed-30.with_adj.loggrowth.quant,nhs_timeseries,3,30,none,loggrowth,,save_all,3.1061181760223895e-41,4.519748066833265e-41,0.0,0.0,-0.012331720441579819,0.6870003291348415,0.19700447525059056,0.13534213933819247,0.13534213933819247,0.0,0.0,0.5,2.0,0.5753975863224375,0.17796066095836738,0.5971464407141719,-5.987880706787109,-0.010023419745266438,0.09550436586141586,0.40625
MSAGAT-Net.nhs_timeseries.w-20.h-3.none.seed-30.with_adj.pprm-multistep,nhs_timeseries,3,30,none,level,,save_all,4.682013747630265e-31,1.67893394291788e-30,0.0,0.0,0.003104620845988393,0.6947006958162804,0.19700447525059056,0.13685914603550645,0.13685914603550645,0.0,0.0021484792232513428,0.5010742545127869,2.0,0.13487498029590728,0.6672270135065237,0.6466791659855824,-9.119831085205078,-0.014330637641251087,0.04269154742360115,0.5729166666666666
MSAGAT-Net.nhs_timeseries.w-20.h-3.none.seed-30.with_adj.pprm-multistep.sgate,nhs_timeseries,3,30,none,level,,save_all,2.572599103271765e-30,9.487817770910596e-30,0.0,0.0,0.0036563463509082794,0.6949770248430484,0.19700447525059056,0.13691358409042137,0.13691358409042137,0.0,0.002226531505584717,0.50111323595047,2.0,0.13498944238047528,0.6669979362552261,0.6417499326631333,-9.151249885559082,-0.014957237057387829,0.04346596077084541,0.4895833333333333
MSAGAT-Net.nhs_timeseries.w-20.h-3.none.seed-30.with_adj,nhs_timeseries,3,30,none,level,,save_all,1.1000276134994966e-31,3.672504136220358e-31,0.0,0.0,0.002864391077309847,0.6945804016902801,0.19700447525059056,0.13683544755433805,0.13683544755433805,0.0,0.0019121170043945312,0.5009560585021973,2.0,0.13561060208946898,0.6657561568975771,0.6470238626752537,-9.104137420654297,-0.014378921128809452,0.042932718992233276,0.5729166666666666
MSAGAT-Net.nhs_timeseries.w-20.h-3.none.seed-30.with_adj.sgate,nhs_timeseries,3,30,none,level,,save_all,1.4508276173804347e-24,1.5617510255929848e-24,0.0,0.0,0.010304266586899757,0.698312586033415,0.19700447525059056,0.13757070457239579,0.13757070457239579,0.0,0.006053924560546875,0.5030269622802734,2.0,0.12253619987192174,0.6923881296406862,0.6514505967065168,-9.38768482208252,-0.014753338880836964,0.05051253363490105,0.5416666666666666
MSAGAT-Net.nhs_timeseries.w-20.h-3.none.seed-42.with_adj.loggrowth,nhs_timeseries,3,42,none,loggrowth,,save_all,6.100833124130956e-41,3.247929580612061e-41,0.0,0.0,0.00015433609951287508,0.6932243515871557,0.19700447525059056,0.1365682996153585,0.1365682996153585,0.0,2.4139881134033203e-06,0.5000011920928955,2.0,0.5829067549565954,0.17399647042802,0.5857305680709466,-8.605029106140137,0.0035394534934312105,0.025159098207950592,0.5
MSAGAT-Net.nhs_timeseries.w-20.h-3.none.seed-42.with_adj.loggrowth.quant.attnfix,nhs_timeseries,3,42,none,loggrowth,,save_all,1.150551438331604,1.3689560890197754,1.112282395362854,2.9259469509124756,0.5676731467247009,1.0167358278234717,0.19700447525059056,0.20030150822883783,1.3125839035916917,0.8473990823133346,0.0,0.5,2.0,0.6237130063566318,0.1539482119645332,0.6139827708468023,-6.546701431274414,0.02902487851679325,0.07796654850244522,0.4270833333333333
MSAGAT-Net.nhs_timeseries.w-20.h-3.none.seed-42.with_adj.loggrowth.quant,nhs_timeseries,3,42,none,loggrowth,,save_all,4.0532558080595334e-41,2.9124587282527e-41,0.0,0.0,-0.012495660223066807,0.6869188680119844,0.19700447525059056,0.13532609113243066,0.13532609113243066,0.0,1.9162893295288086e-05,0.5000095963478088,2.0,0.4547897215122254,0.25554183000062736,0.6467794618443319,-8.356212615966797,0.008281896822154522,0.09272078424692154,0.4270833333333333
MSAGAT-Net.nhs_timeseries.w-20.h-3.none.seed-42.with_adj.pprm-multistep,nhs_timeseries,3,42,none,level,,save_all,2.1478734152058873e-21,1.3104493339891268e-20,0.0,1.3203034130868426e-41,0.015895932912826538,0.7011267317692211,0.19700447525059056,0.13812510387635696,0.13812510387635696,0.0,0.011168867349624634,0.5055844187736511,2.0,0.147588228242536,0.6422583224993208,0.6091784473895715,-9.514394760131836,0.010726545937359333,0.0359131321310997,0.4791666666666667
MSAGAT-Net.nhs_timeseries.w-20.h-3.none.seed-42.with_adj.pprm-multistep.sgate,nhs_timeseries,3,42,none,level,,save_all,2.294630927067993e-21,1.4917612658089983e-20,0.0,1.4195153443610397e-41,0.0161655992269516,0.7012626456425377,0.19700447525059056,0.13815187951764898,0.13815187951764898,0.0,0.009443283081054688,0.5047216415405273,2.0,0.15256358753851218,0.6327431137821217,0.5956531074661563,-9.514394760131836,0.004230063874274492,0.03855020925402641,0.4895833333333333
MSAGAT-Net.nhs_timeseries.w-20.h-3.none.seed-42.with_adj,nhs_timeseries,3,42,none,level,,save_all,1.3727010519986416e-25,7.460518890849963e-25,0.0,0.0,0.007870224304497242,0.6970900352460371,0.19700447525059056,0.1373298565960612,0.1373298565960612,0.0,0.006042271852493286,0.5030211210250854,2.0,0.1609475335706859,0.6170269353309328,0.5996554519795508,-9.34028148651123,0.008947732858359814,0.032845389097929,0.4791666666666667
MSAGAT-Net.nhs_timeseries.w-20.h-3.none.seed-42.with_adj.sgate,nhs_timeseries,3,42,none,level,,save_all,2.991002635424434e-19,3.64395021474872e-18,0.0,1.0857300858984455e-37,0.021598992869257927,0.7040049904227009,0.19700447525059056,0.13869213371202124,0.13869213371202124,0.0,0.012528061866760254,0.5062640309333801,2.0,0.14602943093078324,0.6452688077572332,0.6019818308238778,-9.5938138961792,0.005556339398026466,0.03900162875652313,0.4270833333333333
MSAGAT-Net.nhs_timeseries.w-20.h-3.none.seed-45.with_adj.loggrowth,nhs_timeseries,3,45,none,loggrowth,,save_all,0.06160074099898338,0.06530686467885971,0.0013512878213077784,0.006612905766814947,0.7382634878158569,1.1289148450740598,0.19700447525059056,0.2224012766564169,0.22375256447772468,0.006039205961558057,0.18028554320335388,0.5901427865028381,2.0,0.11740759597413437,0.7031234571112663,0.6436962919057987,-11.242288589477539,0.011340595781803131,0.08146961778402328,0.4791666666666667
MSAGAT-Net.nhs_timeseries.w-20.h-3.none.seed-45.with_adj.loggrowth.quant.attnfix,nhs_timeseries,3,45,none,loggrowth,,save_all,0.9004647135734558,0.891241192817688,0.5725173950195312,2.328383207321167,0.5364241600036621,0.9969049638722831,0.19700447525059056,0.19639473928236809,0.7689121343018993,0.7445810379092583,3.5762786865234375e-07,0.5000001788139343,2.0,0.32779779063914144,0.3740396871147233,0.6503831846944521,-6.788823127746582,0.028960682451725006,0.08522667735815048,0.4895833333333333
MSAGAT-Net.nhs_timeseries.w-20.h-3.none.seed-45.with_adj.loggrowth.quant.exp-nodecay-regpre,nhs_timeseries,3,45,none,loggrowth,nodecay-regpre,save_all,0.6964585781097412,0.7281582355499268,0.11636684089899063,1.1026554107666016,0.08645544946193695,0.7373089325451049,0.19700447525059056,0.14525315935362146,0.2616200002526121,0.4447933674284475,8.940696716308594e-08,0.5000000596046448,2.0,0.38617195832528073,0.31395177898581733,0.626670639230209,-11.512925148010254,0.03654704615473747,0.08902385085821152,0.4583333333333333
MSAGAT-Net.nhs_timeseries.w-20.h-3.none.seed-45.with_adj.loggrowth.quant,nhs_timeseries,3,45,none,loggrowth,,save_all,1.5719766172795798e-41,1.256684462806496e-41,0.0,0.0,-0.013251264579594135,0.6865434976111764,0.19700447525059056,0.13525214148359488,0.13525214148359488,0.0,8.940696716308594e-08,0.5000000596046448,2.0,0.3938627419985156,0.3067910978649575,0.6244095911772978,-7.382167816162109,0.041377417743206024,0.09065651148557663,0.4583333333333333
MSAGAT-Net.nhs_timeseries.w-20.h-3.none.seed-45.with_adj.pprm-multistep,nhs_timeseries,3,45,none,level,,save_all,7.395224168593719e-30,3.9745753300059654e-29,0.0,0.0,0.003668377175927162,0.6949830512708538,0.19700447525059056,0.13691477132366883,0.13691477132366883,0.0,0.001893848180770874,0.5009469389915466,2.0,0.19828562037992603,0.5516415215555279,0.5678857698775382,-9.16696548461914,0.002386854961514473,0.0318148247897625,0.5833333333333334
MSAGAT-Net.nhs_timeseries.w-20.h-3.none.seed-45.with_adj.pprm-multistep.sgate,nhs_timeseries,3,45,none,level,,save_all,5.860650567345682e-41,4.911831377151349e-41,0.0,0.0,7.690979941799014e-07,0.6931475651090163,0.19700447525059056,0.1365531723355263,0.1365531723355263,0.0,4.470348358154297e-07,0.5000002384185791,2.0,0.4040846191852798,0.29752594207209415,0.48863632185660044,-7.974565505981445,-0.005027311854064465,0.01278738398104906,0.3854166666666667
MSAGAT-Net.nhs_timeseries.w-20.h-3.none.seed-45.with_adj,nhs_timeseries,3,45,none,level,,save_all,6.421545266916936e-19,8.580809369516811e-18,0.0,2.0053134817641233e-37,0.02273055538535118,0.7045770416307872,0.19700447525059056,0.13880483036008673,0.13880483036008673,0.0,0.011541366577148438,0.5057706832885742,2.0,0.1537737231170861,0.6304501636091367,0.6087449283743491,-9.609718322753906,0.004842458292841911,0.04145209863781929,0.4375
MSAGAT-Net.nhs_timeseries.w-20.h-3.none.seed-45.with_adj.sgate,nhs_timeseries,3,45,none,level,,save_all,2.9656708996336583e-21,1.5406881266244576e-19,0.0,2.0162723083784063e-40,0.018139051273465157,0.7022578337804863,0.19700447525059056,0.13834793603454115,0.13834793603454115,0.0,0.009008049964904785,0.5045040249824524,2.0,0.1631168716631148,0.6130243537824454,0.6030986630673053,-9.546138763427734,-0.0035627800971269608,0.03446083888411522,0.4375
MSAGAT-Net.nhs_timeseries.w-20.h-3.none.seed-5.with_adj,nhs_timeseries,3,5,none,level,,save_all,1.7187720686706598e-06,2.830788389474037e-06,1.3451380580144917e-13,3.072331234907355e-12,0.22034235298633575,0.8093749637531497,0.19700447525059056,0.15945049001515502,0.15945049001528952,8.436086072143823e-13,0.10505926609039307,0.5525296330451965,2.0,0.09705494219812058,0.747392477708274,0.6523920373687656,-10.448750495910645,-0.003457464277744293,0.05764031410217285,0.4479166666666667
MSAGAT-Net.nhs_timeseries.w-20.h-7.no_agam.seed-42.with_adj,nhs_timeseries,7,42,no_agam,level,,save_all,,,,,,,0.19700447525059056,,0.0,,3.6656856536865234e-06,0.500001847743988,2.0,0.23131961141858334,0.19804969797083685,0.517660883947809,,-0.0022402696777135134,0.023950999602675438,0.34375
MSAGAT-Net.nhs_timeseries.w-20.h-7.no_agam.seed-5.with_adj,nhs_timeseries,7,5,no_agam,level,,save_all,,,,,,,0.19700447525059056,,0.0,,2.9802322387695312e-08,0.5,2.0,0.3898654034977776,0.06528076664249713,0.4638126322388184,,0.004407769069075584,0.020115837454795837,0.40625
MSAGAT-Net.nhs_timeseries.w-20.h-7.no_mtfm.seed-42.with_adj,nhs_timeseries,7,42,no_mtfm,level,,save_all,5.0600754884253445e-30,1.7607196112492223e-29,0.0,0.0,0.0036486447788774967,0.6949731670245514,0.19700447525059056,0.13691282408291278,0.13691282408291278,0.0,,,,0.11643194703291376,0.4426288682582732,0.5867876036544458,-9.16696548461914,-0.0006614563171751797,0.02509690821170807,0.4166666666666667
MSAGAT-Net.nhs_timeseries.w-20.h-7.no_mtfm.seed-5.with_adj,nhs_timeseries,7,5,no_mtfm,level,,save_all,4.3402876236629806e-13,1.5414615113854002e-12,0.0,3.6385908500099054e-25,0.060519617050886154,0.7238647472396145,0.19700447525059056,0.14260459468234163,0.14260459468234163,0.0,,,,0.1317922319416292,0.39750585175837017,0.5122760007945987,-9.90345573425293,0.000403999030822888,0.033090341836214066,0.4166666666666667
MSAGAT-Net.nhs_timeseries.w-20.h-7.no_pprm.seed-42.with_adj,nhs_timeseries,7,42,no_pprm,level,,save_all,3.521039815268523e-08,1.0943208650360248e-07,5.371232125780816e-17,1.9348441153698185e-15,0.1375400573015213,0.7642800061084561,0.19700447525059056,0.15056658154791455,0.1505665815479146,3.5673467980486335e-16,0.062412261962890625,0.5312061309814453,2.0,,,0.5524723312559786,-10.27878475189209,-0.015550310723483562,0.08913490921258926,0.5625
MSAGAT-Net.nhs_timeseries.w-20.h-7.no_pprm.seed-5.with_adj,nhs_timeseries,7,5,no_pprm,level,,save_all,4.576684808910159e-09,9.629961716939306e-09,2.635465673994482e-19,1.0627789390829323e-17,0.11818203330039978,0.7539830562540893,0.19700447525059056,0.14853803634517337,0.14853803634517337,1.7742699034139476e-18,0.0646446943283081,0.532322347164154,2.0,,,0.6545547874403224,-10.189780235290527,-0.0012059310683980584,0.11219311505556107,0.4375
MSAGAT-Net.nhs_timeseries.w-20.h-7.none.seed-1000.with_adj.loggrowth.quant.attnfix,nhs_timeseries,7,1000,none,loggrowth,,save_all,1.26913583278656,1.0130338668823242,0.7339128851890564,2.272392511367798,0.2780775725841522,0.8418208753535429,0.19700447525059056,0.16584247980401753,0.899755364993074,0.8156804768757404,0.008530765771865845,0.5042653679847717,2.0,0.522634655794363,0.02577262000820388,0.6724626544493838,-8.129964828491211,-0.06275706738233566,0.11709395051002502,0.625
MSAGAT-Net.nhs_timeseries.w-20.h-7.none.seed-1000.with_adj.loggrowth.quant.exp-nodecay-regpre,nhs_timeseries,7,1000,none,loggrowth,nodecay-regpre,save_all,1.065441370010376,1.1133207082748413,0.6606315970420837,2.347996950149536,0.3446316719055176,0.8802364951282681,0.19700447525059056,0.17341052881916347,0.8340421258612472,0.7920842084084224,0.07710269093513489,0.5385513305664062,2.0,0.3308801701326519,0.0986515641658556,0.6376428346685318,-11.512925148010254,-0.05979633331298828,0.11686510592699051,0.6145833333333334
MSAGAT-Net.nhs_timeseries.w-20.h-7.none.seed-1000.with_adj.loggrowth.quant,nhs_timeseries,7,1000,none,loggrowth,,save_all,1.9341322371172105e-17,3.319540318263079e-17,0.0,1.0168762655291974e-33,-0.14561299979686737,0.6229887356517132,0.19700447525059056,0.12273156895409464,0.12273156895409464,0.0,0.002379179000854492,0.5011895895004272,2.0,0.22143882991842398,0.2122327329681682,0.6325770396683806,-9.568538665771484,-0.05889860913157463,0.12008589506149292,0.6145833333333334
MSAGAT-Net.nhs_timeseries.w-20.h-7.none.seed-1000.with_adj,nhs_timeseries,7,1000,none,level,,save_all,9.007477402844799e-11,1.9298404541068237e-10,9.587781994353796e-23,2.4911188362404068e-21,0.09156770259141922,0.73997874642234,0.19700447525059056,0.1457791246355229,0.1457791246355229,6.576923834825581e-22,0.04508712887763977,0.5225435495376587,2.0,0.1037986142968222,0.48355495967274353,0.6281657115190898,-10.050453186035156,0.007554343435913324,0.047001492232084274,0.4479166666666667
MSAGAT-Net.nhs_timeseries.w-20.h-7.none.seed-123.with_adj.loggrowth.quant.attnfix,nhs_timeseries,7,123,none,loggrowth,,save_all,1.1495360136032104,1.2425718307495117,0.9436623454093933,2.5701262950897217,0.7921174764633179,1.1656685780366784,0.19700447525059056,0.2296419265322179,1.1733042719416111,0.8042776012805263,0.053086668252944946,0.5265433192253113,2.0,0.2920995304882619,0.12941943520396387,0.7049290986545338,-8.651965141296387,0.005543464329093695,0.12124291807413101,0.5416666666666666
MSAGAT-Net.nhs_timeseries.w-20.h-7.none.seed-123.with_adj.loggrowth.quant.exp-nodecay-regpre,nhs_timeseries,7,123,none,loggrowth,nodecay-regpre,save_all,0.6278843879699707,0.6889684796333313,0.2255622148513794,1.1696487665176392,0.4582735300064087,0.9483092204917628,0.19700447525059056,0.1868211603582763,0.41238337520965573,0.5469721342105597,0.14401733875274658,0.5720086693763733,2.0,0.12634013042386108,0.412969758378598,0.6521567242818299,-11.512925148010254,0.01914261095225811,0.1254708617925644,0.46875
MSAGAT-Net.nhs_timeseries.w-20.h-7.none.seed-123.with_adj.loggrowth.quant,nhs_timeseries,7,123,none,loggrowth,,save_all,9.946080188146114e-39,4.4541740249354923e-38,0.0,0.0,-0.06935195624828339,0.6590722937186745,0.19700447525059056,0.12984019137625055,0.12984019137625055,0.0,0.010728597640991211,0.5053642988204956,2.0,0.3216619601943244,0.10522717217843652,0.6478754028029925,-8.710329055786133,0.026129648089408875,0.12071581929922104,0.4895833333333333
MSAGAT-Net.nhs_timeseries.w-20.h-7.none.seed-123.with_adj,nhs_timeseries,7,123,none,level,,save_all,5.394964880321684e-26,7.831796275892232e-25,0.0,0.0,0.008349297568202019,0.6973305431649713,0.19700447525059056,0.13737723773242447,0.13737723773242447,0.0,0.004130363464355469,0.5020651817321777,2.0,0.11868157908969458,0.43571319852489915,0.5704496808826635,-9.344925880432129,-0.002893359400331974,0.029563777148723602,0.6145833333333334
MSAGAT-Net.nhs_timeseries.w-20.h-7.none.seed-30.with_adj.loggrowth,nhs_timeseries,7,30,none,loggrowth,,save_all,2.0446660740217747e-20,1.4754565988950405e-20,0.0,3.0169115157834717e-40,-0.07804132252931595,0.6548876321808499,0.19700447525059056,0.1290157943258901,0.1290157943258901,0.0,0.009386807680130005,0.5046933889389038,2.0,0.24909680619597233,0.17487608468735585,0.628025129554078,-9.478946685791016,0.0007063783705234528,0.06527597457170486,0.5
MSAGAT-Net.nhs_timeseries.w-20.h-7.none.seed-30.with_adj.loggrowth.quant.attnfix,nhs_timeseries,7,30,none,loggrowth,,save_all,1.070888876914978,1.1640626192092896,0.7810899615287781,2.5152478218078613,0.8455542922019958,1.2027526258736283,0.19700447525059056,0.23694764991650402,1.018037611445282,0.7672505934430895,0.05181953310966492,0.5259097814559937,2.0,0.32515407876439195,0.1026860964597862,0.6817028117976481,-8.710877418518066,-0.035632576793432236,0.11801785230636597,0.5104166666666666
MSAGAT-Net.nhs_timeseries.w-20.h-7.none.seed-30.with_adj.loggrowth.quant.exp-nodecay-regpre,nhs_timeseries,7,30,none,loggrowth,nodecay-regpre,save_all,0.943885326385498,1.0603761672973633,0.6091439127922058,2.0646610260009766,0.9412156343460083,1.2706296367461505,0.19700447525059056,0.2503197248250239,0.8594636376172298,0.7087489058652808,0.06421184539794922,0.5321059226989746,2.0,0.32465792432839924,0.10304335362813874,0.6405149664036315,-11.512925148010254,-0.04883722960948944,0.14232029020786285,0.59375
MSAGAT-Net.nhs_timeseries.w-20.h-7.none.seed-30.with_adj.loggrowth.quant,nhs_timeseries,7,30,none,loggrowth,,save_all,1.1119505671786101e-07,1.6308047179336427e-07,8.710073677933861e-16,1.6166555534590302e-14,0.09399872273206711,0.7412506055317624,0.19700447525059056,0.14602968657196735,0.14602968657196821,5.964591092675701e-15,0.04816251993179321,0.5240812301635742,2.0,0.17276894970194273,0.29838142897920805,0.6440741617595089,-10.202484130859375,-0.03958780691027641,0.13722074031829834,0.5625
MSAGAT-Net.nhs_timeseries.w-20.h-7.none.seed-30.with_adj.pprm-multistep,nhs_timeseries,7,30,none,level,,save_all,2.932357166446112e-41,3.15978790720603e-41,0.0,0.0,7.37721857149154e-05,0.6931840673330948,0.19700447525059056,0.13656036343702638,0.13656036343702638,0.0,6.079673767089844e-05,0.5000303983688354,2.0,0.1792050332701011,0.28523689515990985,0.51950235748355,-8.506698608398438,-0.0005995436222292483,0.018974462524056435,0.6354166666666666
MSAGAT-Net.nhs_timeseries.w-20.h-7.none.seed-30.with_adj.pprm-multistep.sgate,nhs_timeseries,7,30,none,level,,save_all,3.292493674374519e-39,7.419227968709388e-39,0.0,0.0,0.0005093269282951951,0.6934018764508325,0.19700447525059056,0.13660327280797108,0.13660327280797108,0.0,0.00032451748847961426,0.5001622438430786,2.0,0.1591162104314581,0.3283045901435624,0.531030122166026,-8.798806190490723,0.0003379404079169035,0.013820637948811054,0.40625
MSAGAT-Net.nhs_timeseries.w-20.h-7.none.seed-30.with_adj,nhs_timeseries,7,30,none,level,,save_all,6.067061831140728e-41,2.2628167601917146e-41,0.0,0.0,0.0001506939879618585,0.693222530392511,0.19700447525059056,0.1365679408318632,0.1365679408318632,0.0,0.00011730194091796875,0.500058650970459,2.0,0.17020304729567803,0.3037891720776351,0.5541414852848983,-8.608697891235352,0.0007832582923583686,0.02588196098804474,0.625
MSAGAT-Net.nhs_timeseries.w-20.h-7.none.seed-30.with_adj.sgate,nhs_timeseries,7,30,none,level,,save_all,6.408978656435983e-41,6.036793784311312e-41,0.0,0.0,9.47370153880911e-06,0.6931519174219336,0.19700447525059056,0.1365540297606487,0.1365540297606487,0.0,6.943941116333008e-06,0.500003457069397,2.0,0.20841856151079757,0.23248491667493365,0.5252924380119686,-8.245599746704102,0.0037790786009281874,0.012800845317542553,0.3229166666666667
MSAGAT-Net.nhs_timeseries.w-20.h-7.none.seed-42.with_adj.loggrowth,nhs_timeseries,7,42,none,loggrowth,,save_all,0.004857120104134083,0.00553069869056344,4.735334641736699e-06,3.440518776187673e-05,0.4630485773086548,0.9512371407046204,0.19700447525059056,0.18739797374338593,0.18740270907802767,2.526822939237809e-05,0.13798686861991882,0.5689934492111206,2.0,0.1287335285580305,0.4061085868249902,0.6823309595832066,-10.958965301513672,0.0007444194634445012,0.08230113238096237,0.5104166666666666
MSAGAT-Net.nhs_timeseries.w-20.h-7.none.seed-42.with_adj.loggrowth.quant.attnfix,nhs_timeseries,7,42,none,loggrowth,,save_all,0.9740533828735352,1.0763599872589111,0.7389271855354309,2.2455031871795654,0.5933725833892822,1.0332139447889457,0.19700447525059056,0.2035477710147389,0.9424749565501698,0.7840284565652502,0.023557573556900024,0.5117787718772888,2.0,0.4740338572555745,0.03621662538544091,0.6686148492904908,-8.418336868286133,-0.04456865414977074,0.11620286107063293,0.625
MSAGAT-Net.nhs_timeseries.w-20.h-7.none.seed-42.with_adj.loggrowth.quant,nhs_timeseries,7,42,none,loggrowth,,save_all,1.9860603134875632e-41,2.2597339035702e-41,0.0,0.0,-0.10881270468235016,0.6402201242235573,0.19700447525059056,0.1261262296175298,0.1261262296175298,0.0,0.11034226417541504,0.5551711320877075,2.0,0.8414137258149236,0.0027672642541250684,0.690815800510696,-6.557929515838623,-0.03176066279411316,0.10160539299249649,0.6666666666666666
MSAGAT-Net.nhs_timeseries.w-20.h-7.none.seed-42.with_adj.pprm-multistep,nhs_timeseries,7,42,none,level,,save_all,3.5838208225107197e-41,7.069831012211567e-41,0.0,0.0,5.092057563160779e-06,0.693149726591968,0.19700447525059056,0.13655359815734097,0.13655359815734097,0.0,2.4139881134033203e-06,0.5000011920928955,2.0,0.18716333005121333,0.2697813911463085,0.5082011485207761,-8.173381805419922,0.0036932395305484533,0.014497595839202404,0.4270833333333333
MSAGAT-Net.nhs_timeseries.w-20.h-7.none.seed-42.with_adj.pprm-multistep.sgate,nhs_timeseries,7,42,none,level,,save_all,4.199073761385894e-28,1.328244260276387e-27,0.0,0.0,0.005188699811697006,0.6957448957877357,0.19700447525059056,0.1370648581029397,0.1370648581029397,0.0,0.002559751272201538,0.501279890537262,2.0,0.11929821503556556,0.43383651679955276,0.5919444013088808,-9.241011619567871,0.0013235172955319285,0.020273469388484955,0.5104166666666666
MSAGAT-Net.nhs_timeseries.w-20.h-7.none.seed-42.with_adj,nhs_timeseries,7,42,none,level,,save_all,2.6310779966162765e-41,8.218054973879322e-41,0.0,0.0,3.009075498994207e-06,0.6931486850988267,0.19700447525059056,0.1365533929785312,0.1365533929785312,0.0,1.519918441772461e-06,0.5000007748603821,2.0,0.1889191382586285,0.26648589387963484,0.5354331266292972,-8.115699768066406,0.0027912247460335493,0.016697939485311508,0.59375
MSAGAT-Net.nhs_timeseries.w-20.h-7.none.seed-42.with_adj.sgate,nhs_timeseries,7,42,none,level,,save_all,3.6297834121405737e-41,8.728407874586421e-41,0.0,0.0,2.0081822640349856e-06,0.6931481846515815,0.19700447525059056,0.13655329438818425,0.13655329438818425,0.0,1.043081283569336e-06,0.500000536441803,2.0,0.19742086668384068,0.2510894404705997,0.5298711242134632,-8.07249641418457,0.0004343182372394949,0.016633739694952965,0.3645833333333333
MSAGAT-Net.nhs_timeseries.w-20.h-7.none.seed-45.with_adj.loggrowth,nhs_timeseries,7,45,none,loggrowth,,save_all,0.11260411888360977,0.1173311099410057,0.005353077780455351,0.02778485417366028,0.8274305462837219,1.1901072384492193,0.19700447525059056,0.2344564520026179,0.23980952978307324,0.022322206232995138,0.18790006637573242,0.5939500331878662,2.0,0.10965930158708219,0.46411862081990907,0.6422625972753256,-11.337459564208984,0.02568589150905609,0.08977064490318298,0.4270833333333333
MSAGAT-Net.nhs_timeseries.w-20.h-7.none.seed-45.with_adj.loggrowth.quant.attnfix,nhs_timeseries,7,45,none,loggrowth,,save_all,0.9070032238960266,0.8429569005966187,0.7813436388969421,2.8573644161224365,0.5583363175392151,1.0107868926766577,0.19700447525059056,0.19912954138193995,0.9804731802788821,0.7969046523788643,0.1116718053817749,0.5558359026908875,2.0,0.11458762635995594,0.44838036197381903,0.6702522197166774,-10.787343978881836,-0.0183100588619709,0.12268475443124771,0.53125
MSAGAT-Net.nhs_timeseries.w-20.h-7.none.seed-45.with_adj.loggrowth.quant.exp-nodecay-regpre,nhs_timeseries,7,45,none,loggrowth,nodecay-regpre,save_all,0.7433266043663025,0.6751369833946228,0.32453039288520813,1.8061891794204712,0.4537978172302246,0.9455697563685633,0.19700447525059056,0.18628147366621758,0.5108118665514257,0.6353227364825444,0.1136544942855835,0.5568272471427917,2.0,0.09665962094781118,0.5083336037535506,0.6814529924667508,-11.512925148010254,-0.013179142959415913,0.11857076734304428,0.53125
MSAGAT-Net.nhs_timeseries.w-20.h-7.none.seed-45.with_adj.loggrowth.quant,nhs_timeseries,7,45,none,loggrowth,,save_all,1.7572118204967069e-09,1.577863506518895e-09,6.761906178292926e-20,2.8168266776579582e-18,-0.04029688239097595,0.6732017054736426,0.19700447525059056,0.13262374872463756,0.13262374872463756,5.098563600650782e-19,0.023144513368606567,0.5115722417831421,2.0,0.12552693900934614,0.41532722600018085,0.6875341076752713,-10.050426483154297,-0.015982260927557945,0.12384382635354996,0.5208333333333334
MSAGAT-Net.nhs_timeseries.w-20.h-7.none.seed-45.with_adj.pprm-multistep,nhs_timeseries,7,45,none,level,,save_all,6.777660282399843e-41,3.6603317186628547e-41,0.0,0.0,9.045953629538417e-05,0.6931924113509589,0.19700447525059056,0.13656200724588716,0.13656200724588716,0.0,5.7309865951538086e-05,0.500028669834137,2.0,0.11956419633573075,0.43302952148691365,0.6209450445243886,-8.535812377929688,0.006673767697066069,0.031208431348204613,0.5833333333333334
MSAGAT-Net.nhs_timeseries.w-20.h-7.none.seed-45.with_adj.pprm-multistep.sgate,nhs_timeseries,7,45,none,level,,save_all,7.496791394403072e-30,1.9227357594818142e-29,0.0,0.0,0.003642126452177763,0.6949699019207545,0.19700447525059056,0.13691218084285262,0.13691218084285262,0.0,0.0019364356994628906,0.5009682178497314,2.0,0.10406174113924416,0.482665125384081,0.649196528352417,-9.16696548461914,0.0006605216185562313,0.02666458487510681,0.5104166666666666
MSAGAT-Net.nhs_timeseries.w-20.h-7.none.seed-45.with_adj,nhs_timeseries,7,45,none,level,,save_all,4.1386029802845115e-15,1.7398890217023427e-14,0.0,1.5328166473027585e-29,0.03988206014037132,0.7132870197948838,0.19700447525059056,0.1405207350377487,0.1405207350377487,0.0,0.021051079034805298,0.5105255246162415,2.0,0.08886907000521879,0.5368248024980441,0.6796981479372375,-9.778559684753418,0.011235588230192661,0.04740533605217934,0.4583333333333333
MSAGAT-Net.nhs_timeseries.w-20.h-7.none.seed-45.with_adj.sgate,nhs_timeseries,7,45,none,level,,save_all,3.6719624959167507e-41,2.991632091487052e-41,0.0,0.0,9.049041545949876e-05,0.6931924267912395,0.19700447525059056,0.13656201028769155,0.13656201028769155,0.0,5.0634145736694336e-05,0.5000253319740295,2.0,0.12737478186081744,0.4099896050975806,0.6260482697407808,-8.535812377929688,0.0005462018889375031,0.026063621044158936,0.5416666666666666
MSAGAT-Net.nhs_timeseries.w-20.h-7.none.seed-5.with_adj,nhs_timeseries,7,5,none,level,,save_all,5.3642628117245295e-09,1.3115093899784824e-08,1.3336927699285687e-18,3.018955787678865e-17,0.12507843971252441,0.7576407039938076,0.19700447525059056,0.14925860931878807,0.14925860931878807,8.93544952626521e-18,0.07508024573326111,0.5375401377677917,2.0,0.08970255065683941,0.533701889858722,0.663003464501371,-10.204941749572754,0.0011033657938241959,0.06290359050035477,0.5208333333333334
MSAGAT-Net.region785.w-20.h-10.none.seed-1000.with_adj.loggrowth.quant.exp-nodecay-regpre,region785,10,1000,none,loggrowth,nodecay-regpre,save_all,0.6670935750007629,0.8716697096824646,0.6363316178321838,2.363908529281616,0.6266821622848511,1.054796684106638,0.12321036787014798,0.12996188747699114,0.766293505309175,0.8304019457602533,0.12446203827857971,0.5622310042381287,2.0,0.158822589465671,0.20428771836430243,0.7357126451277263,-11.512925148010254,0.024026760831475258,0.13346059620380402,0.4270833333333333
MSAGAT-Net.region785.w-20.h-10.none.seed-1000.with_adj.loggrowth.quant,region785,10,1000,none,loggrowth,,save_all,0.03684208169579506,0.063230961561203,0.00015950857778079808,0.003268882166594267,0.3388717770576477,0.876869168913667,0.12321036787014798,0.10803937287584384,0.10819888145362463,0.0014742165134966337,0.1247413158416748,0.5623706579208374,2.0,0.14173947949788307,0.2423445524481102,0.7192567382981438,-10.456778526306152,0.02687794156372547,0.13178320229053497,0.4270833333333333
MSAGAT-Net.region785.w-20.h-10.none.seed-1000.with_adj,region785,10,1000,none,level,,save_all,7.305249154218136e-41,5.468847516720464e-41,0.0,0.0,3.5829617051064133e-10,0.6931471807390933,0.12321036787014798,0.08540291912701964,0.08540291912701964,0.0,0.1028890609741211,0.5514445304870605,2.0,0.8947732011586998,0.0001300317363430185,0.6714028870426355,-7.3161845207214355,0.008301093243062496,0.030872905626893044,0.34375
MSAGAT-Net.region785.w-20.h-10.none.seed-123.with_adj.loggrowth.quant.exp-nodecay-regpre,region785,10,123,none,loggrowth,nodecay-regpre,save_all,0.8422285914421082,0.8786850571632385,1.3115310668945312,3.54693603515625,0.6995121836662292,1.102860122357538,0.12321036787014798,0.13588380138498868,1.44741486827952,0.9061196590121338,0.012062638998031616,0.506031334400177,2.0,0.159009095533165,0.20390706445606593,0.7669475423892792,-11.512925148010254,0.03940705955028534,0.13020212948322296,0.46875
MSAGAT-Net.region785.w-20.h-10.none.seed-123.with_adj.loggrowth.quant,region785,10,123,none,loggrowth,,save_all,0.4525492191314697,0.6460180282592773,0.19288194179534912,1.9657535552978516,0.04775160551071167,0.7173079832178971,0.12321036787014798,0.08837978048847105,0.2812617222838202,0.6857738771887084,0.09054580330848694,0.5452728867530823,2.0,0.6206765096409272,0.0020157476778369186,0.8062327243801822,-7.060632228851318,0.046756383031606674,0.14700108766555786,0.4479166666666667
MSAGAT-Net.region785.w-20.h-10.none.seed-123.with_adj,region785,10,123,none,level,,save_all,7.986840727265727e-41,8.474772852543629e-41,0.0,0.0,3.39405892280098e-10,0.6931471807296483,0.12321036787014798,0.08540291912585592,0.08540291912585592,0.0,0.0,0.5,2.0,0.9367197369254265,8.548262925642007e-05,0.639976042071722,-6.76487398147583,0.0023272947873920202,0.01725953258574009,0.3020833333333333
MSAGAT-Net.region785.w-20.h-10.none.seed-30.with_adj.loggrowth.quant.exp-nodecay-regpre,region785,10,30,none,loggrowth,nodecay-regpre,save_all,0.728070080280304,0.9137988090515137,0.7307407259941101,2.1754705905914307,0.7345682382583618,1.126416074592912,0.12321036787014798,0.13878613892544073,0.8695268649195509,0.8403889005335317,0.09769558906555176,0.5488477945327759,2.0,0.14643265254791915,0.23123366903345935,0.748241335273584,-11.512925148010254,-0.01348839420825243,0.1275404840707779,0.4791666666666667
MSAGAT-Net.region785.w-20.h-10.none.seed-30.with_adj.loggrowth.quant,region785,10,30,none,loggrowth,,save_all,7.987681506344322e-41,9.36922166232216e-41,0.0,0.0,-0.19726917147636414,0.5993691185436234,0.12321036787014798,0.07384848958576617,0.07384848958576617,0.0,0.048448771238327026,0.5242244005203247,2.0,0.3287128312776926,0.037360984555245974,0.7885758251249017,-8.533452987670898,-0.018953992053866386,0.13880853354930878,0.5
MSAGAT-Net.region785.w-20.h-10.none.seed-30.with_adj,region785,10,30,none,level,,save_all,3.799054801744573e-30,2.818986386746491e-31,0.0,0.0,0.00963615346699953,0.6979768641802434,0.12321036787014798,0.0859979862005001,0.0859979862005001,0.0,0.004891097545623779,0.5024455785751343,2.0,0.43150858616874016,0.013365401860903488,0.5065168912690513,-9.385591506958008,-2.54227652476402e-05,3.424705573706888e-05,0.5
MSAGAT-Net.region785.w-20.h-10.none.seed-42.with_adj.loggrowth.quant.exp-nodecay-regpre,region785,10,42,none,loggrowth,nodecay-regpre,save_all,1.64402174949646,1.1414129734039307,2.018425703048706,4.793903827667236,0.661785364151001,1.0778140737007122,0.12321036787014798,0.13279786851628755,2.1512235715649934,0.9382686810094414,0.07629087567329407,0.5381454229354858,2.0,0.7792240640900581,0.00041292662637295457,0.8013710465175353,-11.512925148010254,0.024819156154990196,0.13386142253875732,0.46875
MSAGAT-Net.region785.w-20.h-10.none.seed-42.with_adj.loggrowth.quant,region785,10,42,none,loggrowth,,save_all,0.39827775955200195,0.49964332580566406,0.17570210993289948,1.454506278038025,0.15305489301681519,0.7725999983913536,0.12321036787014798,0.09519233001827442,0.2708944399511739,0.6485999120711672,0.02526402473449707,0.5126320123672485,2.0,0.204558275159312,0.1293048154299955,0.7423337355226318,-9.607292175292969,0.03519376739859581,0.134146049618721,0.4166666666666667
MSAGAT-Net.region785.w-20.h-10.none.seed-42.with_adj,region785,10,42,none,level,,save_all,7.062964649736375e-41,6.021659760896604e-41,0.0,0.0,8.114480198884166e-10,0.6931471809656693,0.12321036787014798,0.08540291915493615,0.08540291915493615,0.0,0.0,0.5,2.0,0.8731746767418919,0.00016138031600252103,0.6396761206530501,-7.402846813201904,-0.0011384639656171203,0.014978076331317425,0.4791666666666667
MSAGAT-Net.region785.w-20.h-10.none.seed-45.with_adj.loggrowth.quant.exp-nodecay-regpre,region785,10,45,none,loggrowth,nodecay-regpre,save_all,0.689433217048645,0.7530000805854797,0.8547581434249878,2.2140424251556396,0.8404908180236816,1.1992127443440121,0.12321036787014798,0.14775544338519547,1.0025135868101833,0.8526150215526489,0.1664731204509735,0.583236575126648,2.0,0.12641147906661274,0.28248924761321914,0.7143039660039325,-11.512925148010254,0.008915499784052372,0.13013288378715515,0.4375
MSAGAT-Net.region785.w-20.h-10.none.seed-45.with_adj.loggrowth.quant,region785,10,45,none,loggrowth,,save_all,0.00041866666288115084,0.0006912361714057624,4.9528704693102554e-08,8.161395044226083e-07,-0.0457155741751194,0.6705506099421822,0.12321036787014798,0.08261878732652837,0.08261883685523307,5.994844103153869e-07,0.011904001235961914,0.505952000617981,2.0,0.42833832423920987,0.013795908139852885,0.784199034148811,-7.898553371429443,0.011882943101227283,0.14152340590953827,0.4895833333333333
MSAGAT-Net.region785.w-20.h-10.none.seed-45.with_adj,region785,10,45,none,level,,save_all,2.2220767448288825e-09,5.878247888446708e-10,7.628740246136354e-21,5.320830501453342e-19,0.16878466308116913,0.78109632593771,0.12321036787014798,0.09623916566080626,0.09623916566080626,7.926856175191454e-20,0.07614848017692566,0.538074254989624,2.0,0.2680526582664796,0.06852705949010282,0.6326525103407433,-10.322696685791016,0.0021533153485506773,0.020964762195944786,0.5520833333333334
MSAGAT-Net.region785.w-20.h-15.none.seed-1000.with_adj.loggrowth.quant.exp-nodecay-regpre,region785,15,1000,none,loggrowth,nodecay-regpre,save_all,0.9523599147796631,1.0176697969436646,1.6355901956558228,3.7072110176086426,0.7122106552124023,1.1113615653970534,0.12321036787014798,0.13693126730931449,1.7725214629651371,0.922747752187863,0.06281757354736328,0.5314087867736816,2.0,0.19219548345535487,0.05597040266353953,0.7943161596326797,-11.512925148010254,7.698343688389286e-05,0.1531410962343216,0.4791666666666667
MSAGAT-Net.region785.w-20.h-15.none.seed-1000.with_adj.loggrowth.quant,region785,15,1000,none,loggrowth,,save_all,0.0001502722006989643,0.00015565691865049303,1.93410487625556e-09,2.7257419432658025e-08,0.09600955992937088,0.742303747701888,0.12321036787014798,0.09145951782573913,0.09145951975984401,2.1147113841557075e-08,0.08649885654449463,0.5432494282722473,2.0,0.18209998281921091,0.06512155085124641,0.7854958401695338,-9.764952659606934,0.0006449154461733997,0.14868764579296112,0.5
MSAGAT-Net.region785.w-20.h-15.none.seed-1000.with_adj,region785,15,1000,none,level,,save_all,1.0703713471116316e-08,1.6916674843225032e-18,0.0,1.810712341022236e-26,2.0505415143645678e-09,0.693147181585216,0.12321036787014798,0.08540291923127073,0.08540291923127073,0.0,0.0,0.5,2.0,0.9161801274015439,1.0755247122791452e-06,0.6548847603570035,-7.4773030281066895,0.0008720096084289253,0.013514372520148754,0.5729166666666666
MSAGAT-Net.region785.w-20.h-15.none.seed-123.with_adj.loggrowth.quant.exp-nodecay-regpre,region785,15,123,none,loggrowth,nodecay-regpre,save_all,0.9420391321182251,1.0220483541488647,2.1313774585723877,5.103609561920166,0.9198826551437378,1.2553299438194867,0.12321036787014798,0.15466966417641115,2.2860471227487986,0.9323418740421971,0.01677119731903076,0.5083855986595154,2.0,0.21728844889269716,0.03841425234658272,0.7761816186301113,-11.512925148010254,-0.0011593539966270328,0.12864132225513458,0.5104166666666666
MSAGAT-Net.region785.w-20.h-15.none.seed-123.with_adj.loggrowth.quant,region785,15,123,none,loggrowth,,save_all,0.0634821429848671,0.09080104529857635,0.000636083132121712,0.009783110581338406,0.31919217109680176,0.8654250218285527,0.12321036787014798,0.10662933530352683,0.10726541843564855,0.005929992549307171,0.06860131025314331,0.534300684928894,2.0,0.1380777936931049,0.12603862071357255,0.7308971189976621,-10.389595031738281,-0.0048066917806863785,0.12202873080968857,0.46875
MSAGAT-Net.region785.w-20.h-15.none.seed-123.with_adj,region785,15,123,none,level,,save_all,6.102234422595281e-41,7.165679827171385e-41,0.0,0.0,6.898919764353195e-07,0.6931475255059929,0.12321036787014798,0.08540296160587617,0.08540296160587617,0.0,3.5762786865234375e-07,0.5000001788139343,2.0,0.8546591353506429,2.7064113377294847e-06,0.6557438157718432,-7.964953422546387,-0.00894438847899437,0.02380841039121151,0.5729166666666666
MSAGAT-Net.region785.w-20.h-15.none.seed-30.with_adj.loggrowth,region785,15,30,none,loggrowth,,save_all,0.41227543354034424,0.5611847043037415,0.3701995611190796,1.5773793458938599,0.26895684003829956,0.8366407000891556,0.12321036787014798,0.10308280843312301,0.4732823695522026,0.7821959678518026,0.023329854011535645,0.5116649270057678,2.0,0.1650657121807882,0.0840800731245439,0.7707840444707026,-9.857274055480957,-0.01950700394809246,0.14567415416240692,0.5625
MSAGAT-Net.region785.w-20.h-15.none.seed-30.with_adj.loggrowth.quant.exp-nodecay-regpre,region785,15,30,none,loggrowth,nodecay-regpre,save_all,0.655171275138855,0.6800597310066223,0.8894904851913452,1.9870891571044922,0.8500385284423828,1.2058920603586767,0.12321036787014798,0.14857840436848324,1.0380688895598285,0.8568703812793341,0.1230611503124237,0.561530590057373,2.0,0.1207720259491963,0.16339570383228771,0.7276698356151782,-11.512925148010254,0.02920493483543396,0.1294126957654953,0.4270833333333333
MSAGAT-Net.region785.w-20.h-15.none.seed-30.with_adj.loggrowth.quant,region785,15,30,none,loggrowth,,save_all,0.44550755620002747,0.6065011620521545,0.22711142897605896,1.7744816541671753,0.19939285516738892,0.7978050861326286,0.12321036787014798,0.09829785815107626,0.32540928712713524,0.6979254678964588,0.001997023820877075,0.5009984970092773,2.0,0.17800658341771355,0.06924538690210016,0.7807788827083181,-9.52871322631836,0.033697426319122314,0.14336107671260834,0.4270833333333333
MSAGAT-Net.region785.w-20.h-15.none.seed-30.with_adj,region785,15,30,none,level,,save_all,8.142665116498647e-41,6.297435298675728e-41,0.0,0.0,0.00016930693527683616,0.6932318376106885,0.12321036787014798,0.08541334973131162,0.08541334973131162,0.0,8.666515350341797e-05,0.5000433325767517,2.0,0.7478340209148684,1.3436840750295445e-05,0.5917999814868216,-8.624441146850586,-0.0007900131749920547,0.008942163549363613,0.59375
MSAGAT-Net.region785.w-20.h-15.none.seed-42.with_adj.loggrowth,region785,15,42,none,loggrowth,,save_all,0.4780413508415222,0.6202235221862793,0.2371971309185028,1.7261875867843628,-0.06676869094371796,0.6603199888682472,0.12321036787014798,0.08135826874046875,0.31855539965897156,0.7446024495972551,0.07504680752754211,0.5375233888626099,2.0,1.0344507133355418,1.8245528638850792e-07,0.886882332493313,-3.3566856384277344,-0.00013370811939239502,0.14834067225456238,0.4479166666666667
MSAGAT-Net.region785.w-20.h-15.none.seed-42.with_adj.loggrowth.quant.exp-nodecay-regpre,region785,15,42,none,loggrowth,nodecay-regpre,save_all,0.7075641751289368,0.7090097069740295,0.7707088589668274,2.1805288791656494,0.7254301905632019,1.120249675841677,0.12321036787014798,0.13802637466686704,0.9087352336336945,0.848111562578078,0.11806225776672363,0.5590311288833618,2.0,0.12552942305414244,0.15214194490946403,0.6946202295882309,-11.512925148010254,0.0065046935342252254,0.11999516934156418,0.5520833333333334
MSAGAT-Net.region785.w-20.h-15.none.seed-42.with_adj.loggrowth.quant,region785,15,42,none,loggrowth,,save_all,0.412407249212265,0.5088079571723938,0.3575952351093292,1.4337221384048462,0.38375937938690186,0.9033239121115061,0.12321036787014798,0.11129887151715989,0.4688941066264891,0.7626353798346667,0.062415748834609985,0.5312078595161438,2.0,0.14033217734893785,0.12184778706286964,0.7168343545658863,-10.416448593139648,0.004532398656010628,0.12534908950328827,0.5416666666666666
MSAGAT-Net.region785.w-20.h-15.none.seed-42.with_adj,region785,15,42,none,level,,save_all,3.5554217902245e-05,2.297202081535943e-05,3.744943938288614e-11,5.90236026720703e-10,0.3631221055984497,0.8911006750507766,0.12321036787014798,0.10979284198234339,0.10979284201979284,3.410918115785268e-10,0.138050377368927,0.5690251588821411,2.0,0.2071397809085132,0.04473063284047676,0.5928274483389995,-10.727140426635742,-0.0009103091433644295,0.010533458553254604,0.46875
MSAGAT-Net.region785.w-20.h-15.none.seed-45.with_adj.loggrowth,region785,15,45,none,loggrowth,,save_all,0.2782176733016968,0.38371604681015015,0.07565169781446457,0.728004515171051,0.24953551590442657,0.8256783243869453,0.12321036787014798,0.10173213009012291,0.17738382790458748,0.42648587928295617,0.026117563247680664,0.5130587816238403,2.0,0.1512836751418735,0.10338916319113566,0.759309575591369,-10.16227912902832,0.002903899410739541,0.12431638687849045,0.5104166666666666
MSAGAT-Net.region785.w-20.h-15.none.seed-45.with_adj.loggrowth.quant.exp-nodecay-regpre,region785,15,45,none,loggrowth,nodecay-regpre,save_all,0.7051084637641907,0.733897864818573,0.8481418490409851,2.2868568897247314,0.7501750588417053,1.13698990568998,0.12321036787014798,0.1400889445447073,0.9882307935856924,0.85824268434663,0.19104817509651184,0.5955240726470947,2.0,0.12915568817747694,0.14408738507482588,0.7040948842058324,-11.512925148010254,-0.0019738618284463882,0.13576380908489227,0.4479166666666667
MSAGAT-Net.region785.w-20.h-15.none.seed-45.with_adj.loggrowth.quant,region785,15,45,none,loggrowth,,save_all,0.027685433626174927,0.04543743282556534,0.00010513451707083732,0.0017497576773166656,0.297298401594162,0.8528042237060858,0.12321036787014798,0.1050743221240428,0.10517945664111364,0.0009995727343369944,0.12668344378471375,0.5633417367935181,2.0,0.13930443855500454,0.12374075612229009,0.7232849903072863,-10.349353790283203,-0.007651841267943382,0.1431189477443695,0.4583333333333333
MSAGAT-Net.region785.w-20.h-15.none.seed-45.with_adj,region785,15,45,none,level,,save_all,3.384976570423028e-41,6.609364336834432e-41,0.0,0.0,0.00038767934893257916,0.6933410390213212,0.12321036787014798,0.08542680447728761,0.08542680447728761,0.0,0.00020325183868408203,0.500101625919342,2.0,0.7189186461562034,2.073308773900431e-05,0.6446617527941081,-8.752457618713379,0.004759810399264097,0.02309752255678177,0.6875
MSAGAT-Net.region785.w-20.h-3.none.seed-1000.with_adj.loggrowth.quant.exp-nodecay-regpre,region785,3,1000,none,loggrowth,nodecay-regpre,save_all,0.4791567623615265,0.4447516202926636,0.16690415143966675,0.4493262469768524,0.9042509198188782,1.2441779196804652,0.12321036787014798,0.15329561917974555,0.3201997706194123,0.5212500655974801,0.18221831321716309,0.5911091566085815,2.0,0.12218804471142888,0.693111682939326,0.6264656422039726,-11.512925148010254,0.018294304609298706,0.09786821156740189,0.3958333333333333
MSAGAT-Net.region785.w-20.h-3.none.seed-1000.with_adj.loggrowth.quant,region785,3,1000,none,loggrowth,,save_all,0.10560982674360275,0.16279125213623047,0.01132809929549694,0.04816388711333275,0.7653302550315857,1.1473085462274621,0.12321036787014798,0.1413603080412503,0.15268840733674724,0.07419095852190886,0.18181538581848145,0.5909076929092407,2.0,0.12214851911740619,0.6931938747652276,0.6269248454013499,-11.244261741638184,0.018440930172801018,0.09813999384641647,0.3958333333333333
MSAGAT-Net.region785.w-20.h-3.none.seed-1000.with_adj,region785,3,1000,none,level,,save_all,5.554887242430007e-41,3.5986745862325627e-41,0.0,0.0,0.0005954168154858053,0.6934449332828355,0.12321036787014798,0.08543960532746839,0.08543960532746839,0.0,0.0003692805767059326,0.5001846551895142,2.0,0.2943358239975387,0.4135373376450377,0.660594140619511,-8.823953628540039,0.0006942258332856,0.019874099642038345,0.4583333333333333
MSAGAT-Net.region785.w-20.h-3.none.seed-123.with_adj.loggrowth.quant.exp-nodecay-regpre,region785,3,123,none,loggrowth,nodecay-regpre,save_all,0.39432424306869507,0.44784015417099,0.1416979283094406,0.5329558849334717,0.8794338703155518,1.226575980188585,0.12321036787014798,0.1511268777397229,0.2928248060491635,0.48390001592163745,0.18183991312980652,0.5909199714660645,2.0,0.12063705618100343,0.6963442223662557,0.6606740924264991,-11.512925148010254,0.004647490102797747,0.1029687151312828,0.46875
MSAGAT-Net.region785.w-20.h-3.none.seed-123.with_adj.loggrowth.quant,region785,3,123,none,loggrowth,,save_all,0.060655463486909866,0.10425414890050888,0.0016684007132425904,0.016275163739919662,0.7220215201377869,1.1179541854477173,0.12321036787014798,0.13774354645098488,0.13941194716422747,0.011967415613793931,0.1814500391483307,0.5907250046730042,2.0,0.12183779957567868,0.6938403426730211,0.66077106996818,-11.214595794677734,0.004994647111743689,0.10277414321899414,0.46875
MSAGAT-Net.region785.w-20.h-3.none.seed-123.with_adj,region785,3,123,none,level,,save_all,9.97009844382464e-41,5.963646004473556e-41,0.0,0.0,2.11181561127205e-08,0.6931471911190235,0.12321036787014798,0.08540292040593465,0.08540292040593465,0.0,0.0,0.5,2.0,0.5830334104126035,0.17393037017983326,0.5307899576470798,-7.656991958618164,-0.0021675245370715857,0.011066488921642303,0.4895833333333333
MSAGAT-Net.region785.w-20.h-3.none.seed-30.with_adj.loggrowth.quant.exp-nodecay-regpre,region785,3,30,none,loggrowth,nodecay-regpre,save_all,0.6084669828414917,0.6128961443901062,0.5678826570510864,1.6640000343322754,0.9038543701171875,1.2438956628956157,0.12321036787014798,0.1532608422174504,0.7211434992685368,0.7874752495544861,0.14279904961585999,0.5713995099067688,2.0,0.133273735612081,0.6704399053920972,0.6175763354003656,-11.512925148010254,0.008472069166600704,0.1158948615193367,0.4583333333333333
MSAGAT-Net.region785.w-20.h-3.none.seed-30.with_adj.loggrowth.quant,region785,3,30,none,loggrowth,,save_all,1.8778626326820813e-05,3.115706567768939e-05,4.0189695321712904e-11,6.140122299491679e-10,0.25271543860435486,0.8274668829973788,0.12321036787014798,0.10195249905447173,0.10195249909466143,3.9420019792155703e-10,0.12170326709747314,0.5608516335487366,2.0,0.25844422170317716,0.4605505464145113,0.6353358522333807,-10.139534950256348,0.012000118382275105,0.12508763372898102,0.4583333333333333
MSAGAT-Net.region785.w-20.h-3.none.seed-30.with_adj,region785,3,30,none,level,,save_all,6.33797303902347e-28,2.0953156334593702e-29,0.0,0.0,0.013108466751873493,0.6997228927696746,0.12321036787014798,0.08621311502531571,0.08621311502531571,0.0,0.0065926313400268555,0.5032963156700134,2.0,0.3406965659140544,0.3598421925222235,0.6139481808669055,-9.461959838867188,1.8253611415275373e-05,0.02071310020983219,0.3958333333333333
MSAGAT-Net.region785.w-20.h-3.none.seed-42.with_adj.loggrowth.quant.exp-nodecay-regpre,region785,3,42,none,loggrowth,nodecay-regpre,save_all,0.6255470514297485,0.6319918036460876,0.37761303782463074,1.1996562480926514,0.8299842476844788,1.1918848228116419,0.12321036787014798,0.14685256747746855,0.5244656053020993,0.7199958090809797,0.11881476640701294,0.5594074130058289,2.0,0.15589523738498504,0.6264503784608736,0.6961901283040964,-11.512925148010254,-0.0180810559540987,0.11657258123159409,0.6041666666666666
MSAGAT-Net.region785.w-20.h-3.none.seed-42.with_adj.loggrowth.quant,region785,3,42,none,loggrowth,,save_all,0.0001144219349953346,0.00012663783854804933,1.2423962969521085e-09,2.104384044798735e-08,0.33782368898391724,0.8762573065099848,0.12321036787014798,0.10796398508400025,0.10796398632639655,1.1507506708728762e-08,0.08848762512207031,0.5442438125610352,2.0,0.20163790046358754,0.546121554136758,0.7142399925617084,-10.411714553833008,-0.021782932803034782,0.1244310513138771,0.6041666666666666
MSAGAT-Net.region785.w-20.h-3.none.seed-42.with_adj,region785,3,42,none,level,,save_all,1.535932418180217e-39,3.69788651750676e-41,0.0,0.0,0.001499876263551414,0.6938973998952953,0.12321036787014798,0.08549535390523852,0.08549535390523852,0.0,0.0009939968585968018,0.5004969835281372,2.0,0.44400047658797676,0.26394845799503236,0.574854728246043,-8.989412307739258,0.0014653936959803104,0.01984599605202675,0.4583333333333333
MSAGAT-Net.region785.w-20.h-3.none.seed-45.with_adj.loggrowth.quant.exp-nodecay-regpre,region785,3,45,none,loggrowth,nodecay-regpre,save_all,0.4692324697971344,0.5314251184463501,0.2159939557313919,0.8436678647994995,0.8788290619850159,1.2261485970957422,0.12321036787014798,0.15107421971163226,0.36706817544302417,0.5884300797003259,0.16760584712028503,0.5838029384613037,2.0,0.12301066048638498,0.6914032980103815,0.651115487895276,-11.512925148010254,-0.0033049583435058594,0.126994326710701,0.5416666666666666
MSAGAT-Net.region785.w-20.h-3.none.seed-45.with_adj.loggrowth.quant,region785,3,45,none,loggrowth,,save_all,1.060122401475522e-30,1.8875659465165113e-30,0.0,0.0,0.039356011897325516,0.713018785973759,0.12321036787014798,0.08785130691815315,0.08785130691815315,0.0,0.06128159165382385,0.5306407809257507,2.0,0.545966268031346,0.19438806087496344,0.6823394089610945,-9.030287742614746,-0.001287995488382876,0.13576866686344147,0.5
MSAGAT-Net.region785.w-20.h-3.none.seed-45.with_adj,region785,3,45,none,level,,save_all,5.57156524199356e-30,3.135701475380631e-31,0.0,0.0,0.009343328885734081,0.6978297571874537,0.12321036787014798,0.0859798610938022,0.0859798610938022,0.0,0.0065198540687561035,0.5032598972320557,2.0,0.12931557253502135,0.6784484916615353,0.7098276555909665,-9.37814998626709,-0.007555813994258642,0.010686640627682209,0.3541666666666667
MSAGAT-Net.region785.w-20.h-5.none.seed-1000.with_adj.loggrowth.quant.exp-nodecay-regpre,region785,5,1000,none,loggrowth,nodecay-regpre,save_all,1.031982660293579,1.1046746969223022,0.9143003225326538,3.206509590148926,0.7099596858024597,1.10985197328537,0.12321036787014798,0.1367452699099001,1.051045592442554,0.869895967507828,0.042414456605911255,0.5212072134017944,2.0,0.29982484561641676,0.22332565686950204,0.7295487448995365,-11.512925148010254,-0.019296590238809586,0.1423337310552597,0.5104166666666666
MSAGAT-Net.region785.w-20.h-5.none.seed-1000.with_adj.loggrowth.quant,region785,5,1000,none,loggrowth,,save_all,1.5582216757155548e-30,1.1161486251453177e-30,0.0,0.0,-0.08766218274831772,0.6502763640560166,0.12321036787014798,0.08012079003260408,0.08012079003260408,0.0,0.03433394432067871,0.5171669721603394,2.0,0.5086690452267124,0.07860301463610478,0.7353050730668951,-8.520848274230957,-0.012152605690062046,0.14546643197536469,0.5104166666666666
MSAGAT-Net.region785.w-20.h-5.none.seed-1000.with_adj,region785,5,1000,none,level,,save_all,0.006138959433883429,0.004879787098616362,3.375938831595704e-06,3.3514381357235834e-05,0.5892319083213806,1.0305487419808896,0.12321036787014798,0.12697428960758364,0.12697766554641524,2.6586871140434283e-05,0.1382383108139038,0.5691191554069519,2.0,0.14703686541411373,0.47941708128377025,0.6621477244305131,-11.055013656616211,0.002358202589675784,0.045189689844846725,0.5208333333333334
MSAGAT-Net.region785.w-20.h-5.none.seed-123.with_adj.loggrowth.quant.exp-nodecay-regpre,region785,5,123,none,loggrowth,nodecay-regpre,save_all,0.9445304870605469,0.8584965467453003,0.7601954936981201,2.2001287937164307,0.590369462966919,1.0312805529630182,0.12321036787014798,0.1270644563079031,0.8872599500060232,0.8567900463589724,0.042812615633010864,0.5214062929153442,2.0,0.24595677892174517,0.2923557505084741,0.7299987337709556,-11.512925148010254,0.016071273013949394,0.1348891258239746,0.4895833333333333
MSAGAT-Net.region785.w-20.h-5.none.seed-123.with_adj.loggrowth.quant,region785,5,123,none,loggrowth,,save_all,0.18184010684490204,0.27578771114349365,0.011824069544672966,0.16907671093940735,0.6379955410957336,1.0621845380330426,0.12321036787014798,0.13087214767703437,0.14269621722170733,0.082861828960062,0.148026704788208,0.574013352394104,2.0,0.12791054316337802,0.5275283263579509,0.6764169608171606,-11.096275329589844,0.013416760601103306,0.1276695877313614,0.4895833333333333
MSAGAT-Net.region785.w-20.h-5.none.seed-123.with_adj,region785,5,123,none,level,,save_all,2.9236218779260525e-07,1.5115432461243472e-07,1.4915434931936497e-15,3.431608634947049e-14,0.23922815918922424,0.8198980301969887,0.12321036787014798,0.10101993791658068,0.10101993791658216,1.4764842702886048e-14,0.09670320153236389,0.5483515858650208,2.0,0.20686720168744532,0.3554623265690499,0.6765143813592187,-10.510732650756836,0.0031666152644902468,0.05429674685001373,0.5208333333333334
MSAGAT-Net.region785.w-20.h-5.none.seed-30.with_adj.loggrowth.quant.exp-nodecay-regpre,region785,5,30,none,loggrowth,nodecay-regpre,save_all,1.3636802434921265,1.0659915208816528,1.7315025329589844,4.5536065101623535,0.9863681793212891,1.3033143342339866,0.12321036787014798,0.16058183857140648,1.8920843715303908,0.9151296628270749,0.07454326748847961,0.5372716188430786,2.0,0.8997917440808684,0.011120570134294792,0.7374294682701704,-11.512925148010254,0.0030382026452571154,0.14080379903316498,0.5
MSAGAT-Net.region785.w-20.h-5.none.seed-30.with_adj.loggrowth.quant,region785,5,30,none,loggrowth,,save_all,0.512946367263794,0.5279325842857361,0.1785350739955902,1.64075767993927,0.4441768229007721,0.9396971184518272,0.12321036787014798,0.11578042765096766,0.29431550164655784,0.6066111808476612,0.0728980004787445,0.5364490151405334,2.0,0.15862126868647178,0.45243718487577034,0.7102643594231915,-10.524138450622559,0.002287639304995537,0.12526212632656097,0.4895833333333333
MSAGAT-Net.region785.w-20.h-5.none.seed-30.with_adj,region785,5,30,none,level,,save_all,3.680230156856267e-41,6.363156196652562e-41,0.0,0.0,0.00020064553245902061,0.6932475083585036,0.12321036787014798,0.08541528052991472,0.08541528052991472,0.0,0.00010499358177185059,0.5000525116920471,2.0,0.4993928774046187,0.08233455549833639,0.6238259434127054,-8.650015830993652,-0.0009357529343105853,0.026095202192664146,0.5625
MSAGAT-Net.region785.w-20.h-5.none.seed-42.with_adj.loggrowth.quant.exp-nodecay-regpre,region785,5,42,none,loggrowth,nodecay-regpre,save_all,1.3635201454162598,0.977573037147522,1.6456915140151978,4.43125057220459,1.0671042203903198,1.3627568687639318,0.12321036787014798,0.167905775117975,1.8135972891331726,0.9074183799655837,0.18019530177116394,0.5900976657867432,2.0,0.5589982417997817,0.061115411595876835,0.7196354800096969,-11.512925148010254,0.016902701929211617,0.1429552435874939,0.46875
MSAGAT-Net.region785.w-20.h-5.none.seed-42.with_adj.loggrowth.quant,region785,5,42,none,loggrowth,,save_all,0.20200946927070618,0.282387912273407,0.02877473272383213,0.28833407163619995,0.3609284460544586,0.889807445625857,0.12321036787014798,0.10963350270915855,0.1384082354329907,0.20789754766986537,0.026095420122146606,0.5130476951599121,2.0,0.15311621581811397,0.46506361370235494,0.7016767215999542,-10.672831535339355,0.013439527712762356,0.12747903168201447,0.4583333333333333
MSAGAT-Net.region785.w-20.h-5.none.seed-42.with_adj,region785,5,42,none,level,,save_all,5.329915465238877e-34,1.2018517839379633e-35,0.0,0.0,0.004623087123036385,0.6954613957359027,0.12321036787014798,0.08568805440810714,0.08568805440810714,0.0,0.002608060836791992,0.501304030418396,2.0,0.40229169917785756,0.13379339517937236,0.6681415017764697,-9.216635704040527,-0.0033846695441752672,0.02456030435860157,0.5729166666666666
MSAGAT-Net.region785.w-20.h-5.none.seed-45.with_adj.loggrowth.quant.exp-nodecay-regpre,region785,5,45,none,loggrowth,nodecay-regpre,save_all,0.45926573872566223,0.49567052721977234,0.2727449834346771,0.7947312593460083,0.9918234944343567,1.3072907635217206,0.12321036787014798,0.16107177588675783,0.43381675932143493,0.6287101122171902,0.19103902578353882,0.595519483089447,2.0,0.11600382343622616,0.559887662989225,0.6400104570268736,-11.512925148010254,0.00068640400422737,0.11444153636693954,0.4583333333333333
MSAGAT-Net.region785.w-20.h-5.none.seed-45.with_adj.loggrowth.quant,region785,5,45,none,loggrowth,,save_all,0.38129356503486633,0.7301196455955505,0.1393565833568573,1.6605861186981201,-0.025478560477495193,0.6804890427569763,0.12321036787014798,0.08384330528969192,0.22319988864654922,0.6243577638048783,0.1365841031074524,0.5682920813560486,2.0,0.9963630073162363,0.006861597198456504,0.6978432636849411,-6.938378810882568,-0.003877845825627446,0.14545369148254395,0.4479166666666667
MSAGAT-Net.region785.w-20.h-5.none.seed-45.with_adj,region785,5,45,none,level,,save_all,5.942648385826033e-06,2.935095608336269e-06,4.742841319335667e-13,1.1012205904104011e-11,0.309212327003479,0.859657565219295,0.12321036787014798,0.10591872485302507,0.10591872485349936,4.477811950526869e-12,0.12801074981689453,0.5640053749084473,2.0,0.20541959020469236,0.3580445170453571,0.663429330866916,-10.632254600524902,0.011698715388774872,0.030580848455429077,0.40625
MSAGAT-Net.state360.w-20.h-10.none.seed-1000.with_adj.loggrowth.quant.exp-nodecay-regpre,state360,10,1000,none,loggrowth,nodecay-regpre,save_all,1.488487958908081,1.588615894317627,1.022413730621338,6.137466907501221,1.4001799821853638,1.6205617912978707,0.0635147051061718,0.10292950428061379,1.1253432349019517,0.9085350130624087,0.2189941108226776,0.4067462980747223,4.0,0.16844057272143068,0.1855546692874194,0.7891934166689198,-11.512925148010254,0.017126841470599174,0.13431333005428314,0.5
MSAGAT-Net.state360.w-20.h-10.none.seed-1000.with_adj.loggrowth.quant,state360,10,1000,none,loggrowth,,save_all,5.061490053141239e-41,8.092778891168684e-41,0.0,0.0,0.05601261556148529,0.7215456137216584,0.0635147051061718,0.04582875687618288,0.04582875687618288,0.0,0.2133549302816391,0.3941744267940521,4.0,0.17025860979238974,0.1822116969289853,0.7780183925915841,-9.35527229309082,0.019018899649381638,0.13265031576156616,0.4895833333333333
MSAGAT-Net.state360.w-20.h-10.none.seed-1000.with_adj,state360,10,1000,none,level,,save_all,3.2027404543839134e-26,5.363092049374437e-27,0.0,0.0,0.14236347377300262,0.7668602007604199,0.0635147051061718,0.04870689950895778,0.04870689950895778,0.0,0.04161611199378967,0.28054147958755493,4.0,0.18636014482008395,0.15511299181296798,0.6698344468604563,-10.259547233581543,0.0003774648066610098,0.05416269600391388,0.5520833333333334
MSAGAT-Net.state360.w-20.h-10.none.seed-123.with_adj.loggrowth.quant.exp-nodecay-regpre,state360,10,123,none,loggrowth,nodecay-regpre,save_all,1.2092103958129883,1.344733715057373,0.8115076422691345,5.309216022491455,1.3033159971237183,1.5436152050824672,0.0635147051061718,0.09804226454821581,0.9095499068173504,0.8922079329420414,0.2421417087316513,0.42553991079330444,4.0,0.15177518842079454,0.21920412970121364,0.7494501060095068,-11.512925148010254,-0.019427508115768433,0.13800787925720215,0.4791666666666667
MSAGAT-Net.state360.w-20.h-10.none.seed-123.with_adj.loggrowth.quant,state360,10,123,none,loggrowth,,save_all,1.1649414523471502e-39,7.55319490449577e-40,0.0,0.0,0.0799260064959526,0.7339084921675313,0.0635147051061718,0.04661398145493594,0.04661398145493594,0.0,0.20223699510097504,0.39407530426979065,4.0,0.17863048235317416,0.16757825822698322,0.7483791463767762,-9.472681045532227,-0.0075555103830993176,0.1432534009218216,0.4895833333333333
MSAGAT-Net.state360.w-20.h-10.none.seed-123.with_adj,state360,10,123,none,level,,save_all,5.725235056839269e-28,1.3160098384529157e-28,0.0,0.0,0.12099260091781616,0.7554722671121356,0.0635147051061718,0.047983598261518344,0.047983598261518344,0.0,0.031811654567718506,0.2733613848686218,4.0,0.1816805468741712,0.1625441748797591,0.6752804568706968,-10.185174942016602,0.005999282002449036,0.05500832200050354,0.5104166666666666
MSAGAT-Net.state360.w-20.h-10.none.seed-30.with_adj.loggrowth.quant.exp-nodecay-regpre,state360,10,30,none,loggrowth,nodecay-regpre,save_all,1.1262431144714355,1.5371595621109009,0.7346581220626831,5.921308994293213,1.1906284093856812,1.456087992733842,0.0635147051061718,0.0924829994671276,0.8271411215298107,0.8881895760470973,0.22954900562763214,0.40403303503990173,4.0,0.13500695160705056,0.25922223990802723,0.7459066188580107,-11.512925148010254,-0.00597888370975852,0.13891784846782684,0.5
MSAGAT-Net.state360.w-20.h-10.none.seed-30.with_adj.loggrowth.quant,state360,10,30,none,loggrowth,,save_all,6.10147326763973e-25,5.948930741359077e-25,0.0,0.0,0.2375633865594864,0.8189668924472102,0.0635147051061718,0.05201644066550247,0.05201644066550247,0.0,0.19976221024990082,0.38531118631362915,4.0,0.1367310178510023,0.25479138198778745,0.736268264938316,-10.25379467010498,-0.008096539415419102,0.14082543551921844,0.5
MSAGAT-Net.state360.w-20.h-10.none.seed-30.with_adj,state360,10,30,none,level,,save_all,4.4333074811220285e-07,2.4409354537624495e-08,1.2624836819901194e-16,4.478562194763867e-15,0.5944044589996338,1.0338787377211758,0.0635147051061718,0.06566650314190162,0.06566650314190174,1.9225687703545912e-15,0.15088339149951935,0.34679460525512695,4.0,0.11329628296157651,0.32207758037500156,0.6642883622370659,-11.060898780822754,-0.0028043321799486876,0.06890056282281876,0.5416666666666666
MSAGAT-Net.state360.w-20.h-10.none.seed-42.with_adj.loggrowth.quant.exp-nodecay-regpre,state360,10,42,none,loggrowth,nodecay-regpre,save_all,1.5145454406738281,1.7373625040054321,0.9382184147834778,5.558744430541992,1.0867156982421875,1.377385212919616,0.0635147051061718,0.08748421561619106,1.0257026303996688,0.9147080128066919,0.27482137084007263,0.4297298789024353,4.0,0.17695133183237244,0.17041590694566425,0.7749606294904814,-11.512925148010254,0.004529386758804321,0.15252532064914703,0.5104166666666666
MSAGAT-Net.state360.w-20.h-10.none.seed-42.with_adj.loggrowth.quant,state360,10,42,none,loggrowth,,save_all,6.022780799668064e-41,6.096769358584414e-41,0.0,0.0,0.10286203771829605,0.7459001916124106,0.0635147051061718,0.0473756307088993,0.0473756307088993,0.0,0.20654091238975525,0.38403770327568054,4.0,0.1692950348092457,0.1839759294582171,0.761582737781517,-9.46707820892334,0.0020544256549328566,0.15126672387123108,0.5208333333333334
MSAGAT-Net.state360.w-20.h-10.none.seed-42.with_adj,state360,10,42,none,level,,save_all,1.1392939443437994e-31,1.515121999018503e-32,0.0,0.0,0.08112244307994843,0.7345307829848359,0.0635147051061718,0.046653506072687326,0.046653506072687326,0.0,0.022345155477523804,0.26656246185302734,4.0,0.22637541345031412,0.1039594734133389,0.6733704083515039,-10.031267166137695,0.0025365296751260757,0.05379314348101616,0.4895833333333333
MSAGAT-Net.state360.w-20.h-10.none.seed-45.with_adj.loggrowth.quant.exp-nodecay-regpre,state360,10,45,none,loggrowth,nodecay-regpre,save_all,1.2334634065628052,1.2920693159103394,0.786487340927124,7.204557418823242,1.0918769836425781,1.3812471400291146,0.0635147051061718,0.0877295047776924,0.8742168457048164,0.8996478903275279,0.22192376852035522,0.4019646644592285,4.0,0.1362483114638474,0.25602424943364316,0.7593540608491882,-11.512925148010254,0.01071231346577406,0.11964605003595352,0.4375
MSAGAT-Net.state360.w-20.h-10.none.seed-45.with_adj.loggrowth.quant,state360,10,45,none,loggrowth,,save_all,1.2811231080243208e-40,1.065435248395445e-40,0.0,0.0,0.1232648566365242,0.7566776857858827,0.0635147051061718,0.04806016007311086,0.04806016007311086,0.0,0.2249804586172104,0.4073494076728821,4.0,0.16112207126278488,0.1996437576101072,0.7610081413839539,-9.545538902282715,0.012537021189928055,0.12431514263153076,0.4375
MSAGAT-Net.state360.w-20.h-10.none.seed-45.with_adj,state360,10,45,none,level,,save_all,1.3059401038275133e-40,1.063179157867882e-40,0.0,0.0,0.001424355199560523,0.6938596117581709,0.0635147051061718,0.04407028862590308,0.04407028862590308,0.0,0.013563603162765503,0.2570677697658539,4.0,0.36353981695308674,0.026373431199810074,0.6278613660939005,-9.227202415466309,0.006143983453512192,0.04479706287384033,0.4791666666666667
MSAGAT-Net.state360.w-20.h-15.none.seed-1000.with_adj.loggrowth.quant.exp-nodecay-regpre,state360,15,1000,none,loggrowth,nodecay-regpre,save_all,1.7607144117355347,1.7913471460342407,1.0678569078445435,6.786465167999268,1.2675292491912842,1.5155810734493351,0.0635147051061718,0.09626168494462982,1.1641185927891733,0.9173093827889207,0.20744380354881287,0.3982012867927551,4.0,0.1620044201075036,0.08803099579190464,0.7721193318025168,-11.512925148010254,-0.016379304230213165,0.14939111471176147,0.5625
MSAGAT-Net.state360.w-20.h-15.none.seed-1000.with_adj.loggrowth.quant,state360,15,1000,none,loggrowth,,save_all,5.74868682004613e-41,5.616684504706732e-41,0.0,0.0,-0.020378701388835907,0.6830097404010735,0.0635147051061718,0.04338116224621714,0.04338116224621714,0.0,0.17371481657028198,0.36121654510498047,4.0,0.23991983831055136,0.027356596944196752,0.7772507856257963,-7.889328479766846,-0.02585950307548046,0.15951332449913025,0.5520833333333334
MSAGAT-Net.state360.w-20.h-15.none.seed-1000.with_adj,state360,15,1000,none,level,,save_all,1.8900993946505998e-40,1.1950413433608472e-40,0.0,0.0,-0.003240954363718629,0.6915280163506599,0.0635147051061718,0.04392219803116811,0.04392219803116811,0.0,0.0005660504102706909,0.25042447447776794,4.0,0.4430918759205684,0.0012987173715789443,0.6711948724243695,-9.06062126159668,0.004563103895634413,0.04036885127425194,0.5416666666666666
MSAGAT-Net.state360.w-20.h-15.none.seed-123.with_adj.loggrowth.quant.exp-nodecay-regpre,state360,15,123,none,loggrowth,nodecay-regpre,save_all,1.8271689414978027,1.7861082553863525,1.1630319356918335,6.723924160003662,1.2045732736587524,1.4667990002794302,0.0635147051061718,0.09316330595277561,1.2561952416446092,0.9258369217902733,0.23768845200538635,0.41645193099975586,4.0,0.19553002415539789,0.05323972970782161,0.7818904710559779,-11.512925148010254,0.009862552396953106,0.15292711555957794,0.4895833333333333
MSAGAT-Net.state360.w-20.h-15.none.seed-123.with_adj.loggrowth.quant,state360,15,123,none,loggrowth,,save_all,5.196154835562854e-41,5.740979678492343e-41,0.0,0.0,0.008133777417242527,0.6972223390376543,0.0635147051061718,0.04428387125741195,0.04428387125741195,0.0,0.18467803299427032,0.3831113576889038,4.0,0.17882020978557858,0.06840542485289794,0.7630960266919347,-8.844829559326172,-0.0013975327601656318,0.1403806358575821,0.5
MSAGAT-Net.state360.w-20.h-15.none.seed-123.with_adj,state360,15,123,none,level,,save_all,1.2379771283077596e-40,1.0635575084532497e-40,0.0,0.0,0.00841168500483036,0.6973618675918628,0.0635147051061718,0.04429273337238639,0.04429273337238639,0.0,0.0014277249574661255,0.2510705888271332,4.0,0.40359670455031826,0.002348565487056418,0.6746331226227391,-9.23276424407959,-0.010478495620191097,0.040913794189691544,0.5729166666666666
MSAGAT-Net.state360.w-20.h-15.none.seed-30.with_adj.loggrowth.quant.exp-nodecay-regpre,state360,15,30,none,loggrowth,nodecay-regpre,save_all,1.437335729598999,1.8511366844177246,1.076645016670227,5.385427474975586,1.4714425802230835,1.6781266450116559,0.0635147051061718,0.10658571898872476,1.1832307356589518,0.909919751256828,0.26373571157455444,0.4413011074066162,4.0,0.16459053968389228,0.08468150202118722,0.787993237786818,-11.512925148010254,-0.01595008186995983,0.14718805253505707,0.5729166666666666
MSAGAT-Net.state360.w-20.h-15.none.seed-30.with_adj.loggrowth.quant,state360,15,30,none,loggrowth,,save_all,8.179098876571092e-41,4.2990435587021063e-41,0.0,0.0,-0.0034006712958216667,0.6914482904819956,0.0635147051061718,0.043917134266130566,0.043917134266130566,0.0,0.15813922882080078,0.36246517300605774,4.0,0.20928200946714134,0.04331613233963017,0.7906899517713664,-8.323790550231934,-0.015139497816562653,0.14951924979686737,0.5625
MSAGAT-Net.state360.w-20.h-15.none.seed-30.with_adj,state360,15,30,none,level,,save_all,3.35934121631667e-39,6.4627464785121266e-40,0.0,0.0,0.033800769597291946,0.7101903700639051,0.0635147051061718,0.04510753192385195,0.04510753192385195,0.0,0.00892135500907898,0.2566696107387543,4.0,0.310702120971606,0.0094614293374871,0.6638197369052004,-9.719915390014648,0.02280214987695217,0.05201239883899689,0.28125
MSAGAT-Net.state360.w-20.h-15.none.seed-42.with_adj.loggrowth.quant.exp-nodecay-regpre,state360,15,42,none,loggrowth,nodecay-regpre,save_all,1.7340670824050903,1.9048210382461548,1.1406110525131226,5.410214900970459,1.4924521446228027,1.695246599313189,0.0635147051061718,0.1076730878376178,1.2482841403507403,0.9137431259782216,0.2641015648841858,0.43021026253700256,4.0,0.19931747213552403,0.05029940243168184,0.8084282238428504,-11.512925148010254,-0.029411325231194496,0.16183513402938843,0.5520833333333334
MSAGAT-Net.state360.w-20.h-15.none.seed-42.with_adj.loggrowth.quant,state360,15,42,none,loggrowth,,save_all,1.3579563028232505e-40,6.039035861854232e-41,0.0,0.0,0.08536901324987411,0.7367423942417737,0.0635147051061718,0.04679397590948122,0.04679397590948122,0.0,0.22430425882339478,0.3937925398349762,4.0,0.1478437893440779,0.10886389571351683,0.7770665287255077,-9.495080947875977,-0.032501738518476486,0.16031447052955627,0.5625
MSAGAT-Net.state360.w-20.h-15.none.seed-42.with_adj,state360,15,42,none,level,,save_all,4.89999252613316e-35,1.1435404051735586e-35,0.0,0.0,0.05584162101149559,0.7214577262615367,0.0635147051061718,0.04582317473007072,0.04582317473007072,0.0,0.015690773725509644,0.2570996582508087,4.0,0.28051156161490887,0.014880949751569741,0.6751036613188355,-9.88939380645752,-0.0017957357922568917,0.04860970377922058,0.5416666666666666
MSAGAT-Net.state360.w-20.h-15.none.seed-45.with_adj.loggrowth.quant.exp-nodecay-regpre,state360,15,45,none,loggrowth,nodecay-regpre,save_all,1.6280280351638794,1.625687837600708,1.0835942029953003,5.329544544219971,1.283212661743164,1.5278401664916585,0.0635147051061718,0.09704031762408212,1.1806345206193825,0.9178066404723004,0.249821737408638,0.42763739824295044,4.0,0.17891710061053379,0.06830607919232638,0.7732496629769329,-11.512925148010254,0.010554623790085316,0.15236209332942963,0.4375
MSAGAT-Net.state360.w-20.h-15.none.seed-45.with_adj.loggrowth.quant,state360,15,45,none,loggrowth,,save_all,7.247795917180819e-41,5.102407968299524e-41,0.0,0.0,-0.05445268377661705,0.6662914297364386,0.0635147051061718,0.04231930367447949,0.04231930367447949,0.0,0.2060544192790985,0.3904529809951782,4.0,0.3012339471698201,0.010905269049093398,0.7735345912077572,-7.716573238372803,0.008409772999584675,0.15578800439834595,0.4583333333333333
MSAGAT-Net.state360.w-20.h-15.none.seed-45.with_adj,state360,15,45,none,level,,save_all,1.7892899831270724e-40,1.9345205559696965e-40,0.0,0.0,-0.0012902667513117194,0.6925022552828112,0.0635147051061718,0.04398407652964665,0.04398407652964665,0.0,9.03010368347168e-06,0.250006765127182,4.0,0.6231311545203123,8.722955789457287e-05,0.6780221522940059,-8.395136833190918,0.006371654570102692,0.040357548743486404,0.5
MSAGAT-Net.state360.w-20.h-3.none.seed-1000.with_adj.loggrowth.quant.exp-nodecay-regpre,state360,3,1000,none,loggrowth,nodecay-regpre,save_all,1.1967272758483887,1.5914684534072876,0.832338809967041,4.905449867248535,0.9475200772285461,1.2751687155351803,0.0635147051061718,0.08099196492783285,0.9133307748948739,0.9113224177328797,0.20639532804489136,0.3845619261264801,4.0,0.2546745953776341,0.46578841821284034,0.7506170959765381,-11.512925148010254,0.00521016726270318,0.1418805867433548,0.4479166666666667
MSAGAT-Net.state360.w-20.h-3.none.seed-1000.with_adj.loggrowth.quant,state360,3,1000,none,loggrowth,,save_all,9.172058968391658e-41,9.493937225647068e-41,0.0,0.0,-0.031762585043907166,0.6773919904633793,0.0635147051061718,0.043024352515564274,0.043024352515564274,0.0,0.15422169864177704,0.34596380591392517,4.0,0.540039364160453,0.19787533011505912,0.7352847245127209,-8.176939010620117,0.009536859579384327,0.14504872262477875,0.4583333333333333
MSAGAT-Net.state360.w-20.h-3.none.seed-1000.with_adj,state360,3,1000,none,level,,save_all,8.777453320837789e-41,1.169958100849433e-40,0.0,0.0,0.00564754381775856,0.6959749393074229,0.0635147051061718,0.04420464303139678,0.04420464303139678,0.0,0.0009524226188659668,0.2507142722606659,4.0,0.30744792420440636,0.3975860968018798,0.6511578263953719,-9.131802558898926,0.002946478547528386,0.045775990933179855,0.4270833333333333
MSAGAT-Net.state360.w-20.h-3.none.seed-123.with_adj.loggrowth.quant.exp-nodecay-regpre,state360,3,123,none,loggrowth,nodecay-regpre,save_all,1.3616641759872437,2.000459909439087,0.9522396922111511,6.400767803192139,1.1047269105911255,1.3908838291700207,0.0635147051061718,0.08834157624667689,1.040581268457828,0.9151036262861029,0.18171247839927673,0.3780555725097656,4.0,0.5441832090825156,0.1954306630350405,0.7053586811740433,-11.512925148010254,0.019175119698047638,0.12215817719697952,0.46875
MSAGAT-Net.state360.w-20.h-3.none.seed-123.with_adj.loggrowth.quant,state360,3,123,none,loggrowth,,save_all,6.72385042136977e-41,4.203895392974451e-41,0.0,0.0,0.0006893431418575346,0.6934919115301188,0.0635147051061718,0.04404693425435088,0.04404693425435088,0.0,0.14177770912647247,0.3539469242095947,4.0,0.5671445576072393,0.1824218033051148,0.6895903606911057,-8.616620063781738,0.013026353903114796,0.12262909859418869,0.4791666666666667
MSAGAT-Net.state360.w-20.h-3.none.seed-123.with_adj,state360,3,123,none,level,,save_all,1.0284511645127429e-21,7.576982488921403e-23,0.0,7.567011707354012e-44,0.21788844466209412,0.8080141225812447,0.0635147051061718,0.05132077871736991,0.05132077871736991,0.0,0.05466814339160919,0.2885854244232178,4.0,0.14650535792708166,0.6443481626170037,0.6916949037252397,-10.443376541137695,0.007206962909549475,0.05782337859272957,0.4479166666666667
MSAGAT-Net.state360.w-20.h-3.none.seed-30.with_adj.loggrowth.quant.exp-nodecay-regpre,state360,3,30,none,loggrowth,nodecay-regpre,save_all,1.401639699935913,1.6009575128555298,0.8883257508277893,5.588379383087158,1.0627117156982422,1.3594904824826335,0.0635147051061718,0.08634763708953168,0.9746733879173209,0.9114086440032604,0.24279023706912994,0.4189600348472595,4.0,0.3217378157326263,0.38090188862103785,0.7127455502621607,-11.512925148010254,-0.004128969740122557,0.13253013789653778,0.4895833333333333
MSAGAT-Net.state360.w-20.h-3.none.seed-30.with_adj.loggrowth.quant,state360,3,30,none,loggrowth,,save_all,5.777133178871923e-41,4.3141775821168143e-41,0.0,0.0,-0.0014375763712450862,0.6924286507025285,0.0635147051061718,0.04397940155643553,0.04397940155643553,0.0,0.17735612392425537,0.37735554575920105,4.0,0.528134081853276,0.20507033819241896,0.7031249741497438,-8.60383129119873,-0.006939616519957781,0.13296638429164886,0.4791666666666667
MSAGAT-Net.state360.w-20.h-3.none.seed-30.with_adj,state360,3,30,none,level,,save_all,5.257538714792603e-39,1.5656889910701543e-39,0.0,0.0,0.039898745715618134,0.7132955289590256,0.0635147051061718,0.045304755175383335,0.045304755175383335,0.0,0.008524090051651001,0.25632280111312866,4.0,0.1852400462085703,0.5736589984083073,0.6931679906230113,-9.73212718963623,-0.007128578145056963,0.053342487663030624,0.5
MSAGAT-Net.state360.w-20.h-3.none.seed-42.with_adj.loggrowth.quant.exp-nodecay-regpre,state360,3,42,none,loggrowth,nodecay-regpre,save_all,1.315579891204834,1.7502126693725586,0.9909762740135193,6.655989646911621,0.9050551056861877,1.2447504234244948,0.0635147051061718,0.07905995607458927,1.0700362300881086,0.9261146923332874,0.21220286190509796,0.400431364774704,4.0,0.45558700288428566,0.254931344162627,0.716897263688891,-11.512925148010254,-0.02538987249135971,0.13256989419460297,0.625
MSAGAT-Net.state360.w-20.h-3.none.seed-42.with_adj.loggrowth.quant,state360,3,42,none,loggrowth,,save_all,6.388799958549706e-41,5.620468010560409e-41,0.0,0.0,-0.022907458245754242,0.6817590439583394,0.0635147051061718,0.04330172463047954,0.04330172463047954,0.0,0.1245456337928772,0.33067482709884644,4.0,0.9483634964873856,0.05812900643929578,0.7164802242499724,-7.128602027893066,-0.0228115301579237,0.14771904051303864,0.5625
MSAGAT-Net.state360.w-20.h-3.none.seed-42.with_adj,state360,3,42,none,level,,save_all,1.9747378218958187e-40,1.0562006915155444e-40,0.0,0.0,0.015622206963598728,0.7009887904003325,0.0635147051061718,0.04452309630500919,0.04452309630500919,0.0,0.00394594669342041,0.25295594334602356,4.0,0.21753375727668436,0.5206895584988603,0.66647956173673,-9.483031272888184,-0.005723190028220415,0.052590806037187576,0.5625
MSAGAT-Net.state360.w-20.h-3.none.seed-45.with_adj.loggrowth.quant.exp-nodecay-regpre,state360,3,45,none,loggrowth,nodecay-regpre,save_all,1.45717191696167,1.7963076829910278,0.9729594588279724,5.190317630767822,1.0302287340164185,1.3354500730239582,0.0635147051061718,0.0848207175721323,1.0577801764001047,0.9198125286665905,0.18052895367145538,0.359004408121109,4.0,0.5377359633277268,0.1992474239788823,0.6736980769113826,-11.512925148010254,0.019715553149580956,0.1461392194032669,0.4375
MSAGAT-Net.state360.w-20.h-3.none.seed-45.with_adj.loggrowth.quant,state360,3,45,none,loggrowth,,save_all,1.1201419404426858e-40,5.574365291084122e-41,0.0,0.0,-0.015359356999397278,0.6854969905013188,0.0635147051061718,0.04353913920285952,0.04353913920285952,0.0,0.1249072402715683,0.3176911473274231,4.0,0.6677825520582159,0.13488298473237975,0.6586130035741584,-8.024943351745605,0.01663685217499733,0.14479617774486542,0.46875
MSAGAT-Net.state360.w-20.h-3.none.seed-45.with_adj,state360,3,45,none,level,,save_all,7.46695899700122e-41,1.183452605060881e-40,0.0,0.0,0.02468891814351082,0.7055678305315504,0.0635147051061718,0.04481393268861282,0.04481393268861282,0.0,0.006057813763618469,0.25453269481658936,4.0,0.2497537148386651,0.47271569232493277,0.6687090051970592,-9.57461166381836,3.1455419957637787e-06,0.0439145565032959,0.5520833333333334
MSAGAT-Net.state360.w-20.h-5.none.seed-1000.with_adj.loggrowth.quant.exp-nodecay-regpre,state360,5,1000,none,loggrowth,nodecay-regpre,save_all,1.211421251296997,1.3249049186706543,0.8071198463439941,4.603001594543457,1.2107765674591064,1.4715748364092713,0.0635147051061718,0.09346664177619787,0.900586488120192,0.8962158071333135,0.23208659887313843,0.3906826376914978,4.0,0.17251188070695933,0.42208042457824785,0.7344971386302694,-11.512925148010254,-0.0008728336542844772,0.13609743118286133,0.5
MSAGAT-Net.state360.w-20.h-5.none.seed-1000.with_adj.loggrowth.quant,state360,5,1000,none,loggrowth,,save_all,1.820850027140596e-39,1.2084027242181844e-39,0.0,0.0,0.09356746077537537,0.7410248706879738,0.0635147051061718,0.04706597613808575,0.04706597613808575,0.0,0.19154129922389984,0.3650992810726166,4.0,0.24072678749622842,0.30010167727999476,0.7290178925436966,-9.691689491271973,-0.0002941650745924562,0.14198653399944305,0.5
MSAGAT-Net.state360.w-20.h-5.none.seed-1000.with_adj,state360,5,1000,none,level,,save_all,1.1831157154505462e-15,6.848148220243221e-17,0.0,7.355461355955403e-32,0.35012394189834595,0.8834548637776711,0.0635147051061718,0.05611237514745196,0.05611237514745196,0.0,0.0922907143831253,0.3152555227279663,4.0,0.15004143480343898,0.47226870080123456,0.6827395185749175,-10.698026657104492,-0.006558204535394907,0.06146165728569031,0.5416666666666666
MSAGAT-Net.state360.w-20.h-5.none.seed-123.with_adj.loggrowth.quant.exp-nodecay-regpre,state360,5,123,none,loggrowth,nodecay-regpre,save_all,1.3214489221572876,1.5981338024139404,1.1341623067855835,5.9699320793151855,0.959306001663208,1.2836758020856558,0.0635147051061718,0.08153229002139899,1.2156945968069826,0.9329335753934062,0.21443602442741394,0.40526649355888367,4.0,0.3058913665338297,0.2166533143645815,0.7649227797599326,-11.512925148010254,0.023167630657553673,0.12764620780944824,0.4270833333333333
MSAGAT-Net.state360.w-20.h-5.none.seed-123.with_adj.loggrowth.quant,state360,5,123,none,loggrowth,,save_all,2.4452759454710282e-20,9.124032377626475e-21,0.0,2.2387004136206845e-40,0.36540350317955017,0.8924468637388365,0.0635147051061718,0.05668349937330009,0.05668349937330009,0.0,0.16786372661590576,0.36548539996147156,4.0,0.1427139496892414,0.4898922801634225,0.7238254401284807,-10.49526596069336,0.020563025027513504,0.11563104391098022,0.4270833333333333
MSAGAT-Net.state360.w-20.h-5.none.seed-123.with_adj,state360,5,123,none,level,,save_all,8.810306660002708e-17,1.1203330907695757e-17,0.0,9.110335603197086e-34,0.3295100927352905,0.8714133796485721,0.0635147051061718,0.05534756383395159,0.05534756383395159,0.0,0.08436372876167297,0.3085896670818329,4.0,0.14683226146096917,0.47990778539115286,0.6840580659634236,-10.663166046142578,0.01079950574785471,0.060115665197372437,0.4375
MSAGAT-Net.state360.w-20.h-5.none.seed-30.with_adj.loggrowth.quant.exp-nodecay-regpre,state360,5,30,none,loggrowth,nodecay-regpre,save_all,0.9624956250190735,1.292876958847046,0.677290141582489,4.770776748657227,1.177007794380188,1.445659602078729,0.0635147051061718,0.09182064330993613,0.7691107848924251,0.8806145419963406,0.21799632906913757,0.38621073961257935,4.0,0.13535590306623316,0.5082511746395407,0.7161521801892412,-11.512925148010254,0.011336907744407654,0.11909103393554688,0.4479166666666667
MSAGAT-Net.state360.w-20.h-5.none.seed-30.with_adj.loggrowth.quant,state360,5,30,none,loggrowth,,save_all,4.81986887149244e-28,4.524912700509535e-28,0.0,0.0,0.22125323116779327,0.8098804795374452,0.0635147051061718,0.05143931982906584,0.05143931982906584,0.0,0.18684709072113037,0.36553460359573364,4.0,0.16468545284801808,0.4389247625797267,0.7248480228652414,-10.162301063537598,0.008933723904192448,0.12425422668457031,0.4583333333333333
MSAGAT-Net.state360.w-20.h-5.none.seed-30.with_adj,state360,5,30,none,level,,save_all,9.317640607386121e-32,4.02251962799479e-33,0.0,0.0,0.08213863521814346,0.735059605623427,0.0635147051061718,0.04668709408663091,0.04668709408663091,0.0,0.01890704035758972,0.2611180245876312,4.0,0.18286871851975178,0.40077961447282234,0.7002209879738559,-10.025579452514648,0.0019448449602350593,0.061666931957006454,0.5208333333333334
MSAGAT-Net.state360.w-20.h-5.none.seed-42.with_adj.loggrowth.quant.exp-nodecay-regpre,state360,5,42,none,loggrowth,nodecay-regpre,save_all,1.681779384613037,1.8875279426574707,1.1657166481018066,5.69057559967041,0.8324145674705505,1.193577804130394,0.0635147051061718,0.07580974225061406,1.2415263903524207,0.9389382756261068,0.20970067381858826,0.40318286418914795,4.0,0.5807570208149759,0.0548153451043084,0.7246924443680113,-11.512925148010254,0.013501363806426525,0.14257808029651642,0.4583333333333333
MSAGAT-Net.state360.w-20.h-5.none.seed-42.with_adj.loggrowth.quant,state360,5,42,none,loggrowth,,save_all,6.478864540401616e-27,2.9813322353776524e-27,0.0,0.0,0.21455571055412292,0.8061683015037325,0.0635147051061718,0.051203541935952966,0.051203541935952966,0.0,0.17711295187473297,0.3605996072292328,4.0,0.19958981072304574,0.36863471643112833,0.6741390690640369,-10.208017349243164,0.010271991603076458,0.1284017562866211,0.4375
MSAGAT-Net.state360.w-20.h-5.none.seed-42.with_adj,state360,5,42,none,level,,save_all,3.599854622500559e-17,3.564973077813688e-18,0.0,1.2861682918959079e-34,0.31169620156288147,0.8610907512233881,0.0635147051061718,0.054691925133605435,0.054691925133605435,0.0,0.07708026468753815,0.3022110164165497,4.0,0.18451271665988797,0.3974987127334378,0.6720209834314139,-10.634149551391602,-0.004620246589183807,0.06403999775648117,0.5625
MSAGAT-Net.state360.w-20.h-5.none.seed-45.with_adj.loggrowth.quant.exp-nodecay-regpre,state360,5,45,none,loggrowth,nodecay-regpre,save_all,0.9992395639419556,1.2091476917266846,0.6159860491752625,4.1666646003723145,1.277392864227295,1.5232861681073027,0.0635147051061718,0.09675107175964577,0.7127371209349083,0.8642541984725927,0.25146710872650146,0.40912479162216187,4.0,0.15577077322120164,0.45893170717336906,0.6994382106798865,-11.512925148010254,-0.026377812027931213,0.15181903541088104,0.5729166666666666
MSAGAT-Net.state360.w-20.h-5.none.seed-45.with_adj.loggrowth.quant,state360,5,45,none,loggrowth,,save_all,2.751841300784261e-18,4.07380247827772e-18,0.0,1.1605286087796409e-35,0.3745730519294739,0.8978702482820383,0.0635147051061718,0.05702796404323892,0.05702796404323892,0.0,0.22774885594844818,0.39628931879997253,4.0,0.1454530588440793,0.4832286730404906,0.6861585199053718,-10.570405006408691,-0.028806030750274658,0.1508318930864334,0.5729166666666666
MSAGAT-Net.state360.w-20.h-5.none.seed-45.with_adj,state360,5,45,none,level,,save_all,2.1448233383125626e-05,5.046341016168299e-07,3.7504331237836475e-13,8.435145811003242e-12,0.6569768786430359,1.0746446985616225,0.0635147051061718,0.06825574112305234,0.06825574112342739,5.4946779011624975e-12,0.16364023089408875,0.35535016655921936,4.0,0.1156472869138263,0.5608866551691403,0.6655326480593672,-11.1376314163208,-0.002288099145516753,0.0592171885073185,0.4895833333333333
MSAGAT-Net.japan.w-20.h-3.no_agam.seed-42.with_adj.loggrowth.quant,japan,3,42,no_agam,loggrowth,,save_attn,,,,,,,0.06853141215618694,,0.0,,0.13115490972995758,0.3348883390426636,4.0,0.13718303429782577,0.6626229834898728,0.7020220775634436,,-0.0034454502165317535,0.12015841156244278,0.5104166666666666
MSAGAT-Net.japan.w-20.h-3.none.seed-42.with_adj.loggrowth.quant.exp-nodecay-regent,japan,3,42,none,loggrowth,nodecay-regent,save_attn,0.6299998164176941,0.6381003260612488,0.23243017494678497,1.6407946348190308,0.9074286222457886,1.2464409143016537,0.06853141215618694,0.08542035602634111,0.3178505309731261,0.73125621100956,0.15239031612873077,0.34011077880859375,4.0,0.12520470004998394,0.6868673439102032,0.7029456926064611,-11.512925148010254,-0.004777985159307718,0.13393773138523102,0.4791666666666667
MSAGAT-Net.japan.w-20.h-3.none.seed-42.with_adj.loggrowth.quant.exp-nodecay-regpre-adjstd-lrx10,japan,3,42,none,loggrowth,nodecay-regpre-adjstd-lrx10,save_attn,2.624203681945801,3.192681074142456,2.3101320266723633,10.214391708374023,-1.8043770790100098,0.15235788208446976,0.06853141215618694,0.010441300812374528,2.320573327484738,0.9955005512264109,0.11691790819168091,0.31980061531066895,4.0,0.36179186137353553,0.33777489917941567,0.7440477810708668,-11.512925148010254,-0.020200029015541077,0.14354665577411652,0.5104166666666666
MSAGAT-Net.japan.w-20.h-3.none.seed-42.with_adj.loggrowth.quant.exp-nodecay-regpre-adjstd,japan,3,42,none,loggrowth,nodecay-regpre-adjstd,save_attn,1.806370735168457,1.6071072816848755,1.320491075515747,7.883187770843506,-0.42121458053588867,0.5045555687779916,0.06853141215618694,0.03457790563962387,1.3550689811553709,0.9744825495081869,0.06836313009262085,0.28880009055137634,4.0,0.5762905671568159,0.17748455259804313,0.7421169460443043,-11.512925148010254,-0.02199559472501278,0.14045430719852448,0.5208333333333334
MSAGAT-Net.japan.w-20.h-3.none.seed-42.with_adj.loggrowth.quant.exp-nodecay-regpre-init10,japan,3,42,none,loggrowth,nodecay-regpre-init10,save_attn,1.7900853157043457,1.6198081970214844,1.2764273881912231,6.579117298126221,0.8451698422431946,1.2024836672484243,0.06853141215618694,0.0824079038112849,1.358835292002508,0.9393540156807079,0.11067569255828857,0.3196185827255249,4.0,0.3216115020089781,0.3810462553802537,0.7416122022613048,-11.512925148010254,-0.022026225924491882,0.14696989953517914,0.5208333333333334
MSAGAT-Net.japan.w-20.h-3.none.seed-42.with_adj.loggrowth.quant.exp-nodecay-regpre-lrx10,japan,3,42,none,loggrowth,nodecay-regpre-lrx10,save_attn,2.2552030086517334,2.6698355674743652,2.2791783809661865,10.908069610595703,-0.16081678867340088,0.6159680635893622,0.06853141215618694,0.042213161240890945,2.3213915422070777,0.9818155789433278,0.11009623110294342,0.3137906789779663,4.0,0.3149927278468297,0.3886880506063725,0.7436669687169435,-11.512925148010254,-0.01848127320408821,0.14855509996414185,0.5104166666666666
MSAGAT-Net.japan.w-20.h-3.none.seed-42.with_adj.loggrowth.quant.exp-nodecay-regpre-multgate,japan,3,42,none,loggrowth,nodecay-regpre-multgate,save_attn,0.10800056904554367,0.07969158887863159,1.1998211448371876e-05,6.115451833466068e-05,1.3590826988220215,1.587728143088874,0.06853141215618694,0.10880925176600098,0.10882124997744935,0.00011025614437307258,0.05527997016906738,0.2908175587654114,4.0,0.8685121385245812,0.07386350503441974,0.7321982416949493,-11.512925148010254,-0.028729945421218872,0.14449936151504517,0.5416666666666666
MSAGAT-Net.japan.w-20.h-3.none.seed-42.with_adj.loggrowth.quant.exp-nodecay-regpre-rank16,japan,3,42,none,loggrowth,nodecay-regpre-rank16,save_attn,0.6324069499969482,0.7529860138893127,0.4197007715702057,4.627612590789795,1.0403108596801758,1.3428900353966393,0.06853141215618694,0.09203015049620356,0.5117309220664092,0.8201590982140015,0.10082046687602997,0.3119780421257019,4.0,0.1395830563988583,0.6578691884313509,0.7200932800376634,-11.512925148010254,-0.012187938205897808,0.1260918378829956,0.5208333333333334
MSAGAT-Net.japan.w-20.h-3.none.seed-42.with_adj.loggrowth.quant.exp-nodecay-regpre-rank2,japan,3,42,none,loggrowth,nodecay-regpre-rank2,save_attn,1.559937596321106,1.6846240758895874,0.5717157125473022,3.944310188293457,0.8727188110351562,1.2218350924505281,0.06853141215618694,0.08373408430761992,0.6554497968549222,0.8722494312922127,0.09869424998760223,0.3174281716346741,4.0,0.18040004608912957,0.58204929340366,0.7413288669704602,-11.512925148010254,-0.0027722325176000595,0.13695742189884186,0.4479166666666667
MSAGAT-Net.japan.w-20.h-3.none.seed-42.with_adj.loggrowth.quant.exp-nodecay-regpre-renewal_lag0.renewal,japan,3,42,none,loggrowth,nodecay-regpre-renewal_lag0,save_attn,1.9332603216171265,1.6875838041305542,1.1825988292694092,12.801987648010254,0.3878776729106903,0.905775431999515,0.06853141215618694,0.06207406945130704,1.2446728987207163,0.9501282067641167,0.1151992529630661,0.3195456862449646,4.0,0.24655593551260668,0.47727243597275665,0.7900364674479391,-11.512925148010254,-0.013604383915662766,0.15758132934570312,0.5208333333333334
MSAGAT-Net.japan.w-20.h-3.none.seed-42.with_adj.loggrowth.quant.exp-nodecay-regpre-renewres-renewal_lag0.renewal7,japan,3,42,none,loggrowth,nodecay-regpre-renewres-renewal_lag0,save_attn,1.9802948236465454,1.8070157766342163,1.260025143623352,9.292232513427734,0.35075777769088745,0.8838267507543942,0.06853141215618694,0.0605698953306129,1.320595038953965,0.9541343912827434,0.07909069955348969,0.30893903970718384,4.0,0.3706464325133782,0.32892046750725734,0.7403031618700417,-11.512925148010254,-0.012261900119483471,0.1704314947128296,0.53125
MSAGAT-Net.japan.w-20.h-3.none.seed-42.with_adj.loggrowth.quant.exp-nodecay-regpre-renewres.renewal7,japan,3,42,none,loggrowth,nodecay-regpre-renewres,save_attn,1.806337594985962,1.7336359024047852,1.5447624921798706,13.648805618286133,0.28476542234420776,0.8456322449820416,0.06853141215618694,0.057952371913425935,1.6027148640932964,0.9638411215795324,0.09446555376052856,0.31580013036727905,4.0,0.26770218840285787,0.4479352603268006,0.7251834751997424,-11.512925148010254,-0.022909441962838173,0.16793310642242432,0.5208333333333334
MSAGAT-Net.japan.w-20.h-3.none.seed-42.with_adj.loggrowth.quant.exp-nodecay-regpre-reniter-giunif.renewal7,japan,3,42,none,loggrowth,nodecay-regpre-reniter-giunif,save_attn,2.0572316646575928,2.359426498413086,2.512511730194092,11.223113059997559,0.43206948041915894,0.9323381375386873,0.06853141215618694,0.06389444917259549,2.5764061793666873,0.9752001645997055,0.025969401001930237,0.26140791177749634,4.0,0.1866035005977632,0.5713173171986549,0.3595237919359639,-11.512925148010254,-0.02317388914525509,0.17127226293087006,0.5104166666666666
MSAGAT-Net.japan.w-20.h-3.none.seed-42.with_adj.loggrowth.quant.exp-nodecay-regpre-reniter-renewres.renewal7,japan,3,42,none,loggrowth,nodecay-regpre-reniter-renewres,save_attn,2.1423380374908447,2.3197646141052246,1.7908737659454346,10.507837295532227,0.6122028231620789,1.0453837939553619,0.06853141215618694,0.07164162764495331,1.862515393590388,0.9615350144801492,0.02585636079311371,0.26388800144195557,4.0,0.2349094048827698,0.4942428839796502,0.4840677151948873,-11.512925148010254,-0.022267261520028114,0.17284978926181793,0.5
MSAGAT-Net.japan.w-20.h-3.none.seed-42.with_adj.loggrowth.quant.exp-nodecay-regpre-reniter.renewal14,japan,3,42,none,loggrowth,nodecay-regpre-reniter,save_attn,2.0802645683288574,1.79154634475708,2.2920408248901367,9.623394012451172,0.39704859256744385,0.9112493278253287,0.06853141215618694,0.062449203262245914,2.354490028152383,0.9734765479931757,0.0415479838848114,0.2689789831638336,4.0,0.11793663233368999,0.7020084085749484,0.47143262689703713,-11.512925148010254,-0.018695304170250893,0.16734826564788818,0.5
MSAGAT-Net.japan.w-20.h-3.none.seed-42.with_adj.loggrowth.quant.exp-nodecay-regpre-reniter.renewal7.gifix5.2-1.72,japan,3,42,none,loggrowth,nodecay-regpre-reniter,save_attn,2.069622039794922,2.204375982284546,2.5599350929260254,10.141660690307617,0.35012364387512207,0.8834546889430627,0.06853141215618694,0.060544397409272956,2.620479490335298,0.9768956797286263,0.049273282289505005,0.2815715968608856,4.0,0.1704693152975336,0.5996507084340081,0.32276809083999186,-11.512925148010254,-0.027881542220711708,0.16933603584766388,0.4895833333333333
MSAGAT-Net.japan.w-20.h-3.none.seed-42.with_adj.loggrowth.quant.exp-nodecay-regpre-reniter.renewal7,japan,3,42,none,loggrowth,nodecay-regpre-reniter,save_attn,2.1407392024993896,2.0000252723693848,1.684554100036621,11.759439468383789,0.6406134963035583,1.0638982415880136,0.06853141215618694,0.0729104488865107,1.7574645489231318,0.9585138437465577,0.022920742630958557,0.2600535452365875,4.0,0.1710251190011537,0.5986516773093924,0.5021564992070995,-11.512925148010254,-0.010452091693878174,0.1701890081167221,0.5
MSAGAT-Net.japan.w-20.h-3.none.seed-42.with_adj.loggrowth.quant.exp-nodecay-regpre-scorenorm,japan,3,42,none,loggrowth,nodecay-regpre-scorenorm,save_attn,0.9507370591163635,0.7006700038909912,0.12324207276105881,0.8439376354217529,-0.29589566588401794,0.5561039340015423,0.06853141215618694,0.03811058790273668,0.1613526606637955,0.7638056432044446,0.08340084552764893,0.2973223328590393,4.0,0.36297124298530203,0.33658191438541224,0.7443012833249909,-11.512925148010254,-0.022459501400589943,0.14982695877552032,0.5
MSAGAT-Net.japan.w-20.h-3.none.seed-42.with_adj.loggrowth.quant.exp-nodecay-regpre-temp,japan,3,42,none,loggrowth,nodecay-regpre-temp,save_attn,1.0784211158752441,1.191169023513794,0.5925804376602173,2.894606590270996,0.40614742040634155,0.9167001751165279,0.06853141215618694,0.06282275752455951,0.6554031951847767,0.9041463972313288,0.13522611558437347,0.3354251980781555,4.0,0.2832340300055931,0.4275422820924295,0.740975368756044,-11.512925148010254,-0.021531283855438232,0.14639632403850555,0.5208333333333334
MSAGAT-Net.japan.w-20.h-3.none.seed-42.with_adj.loggrowth.quant.exp-nodecay-regpre,japan,3,42,none,loggrowth,nodecay-regpre,save_attn,0.5745760798454285,0.5912007689476013,0.18922916054725647,1.7319310903549194,0.8392442464828491,1.1983420922695398,0.06853141215618694,0.08212407582943122,0.2713532363766877,0.6973536158034687,0.14922338724136353,0.3387466371059418,4.0,0.12520881957323557,0.6868588552646749,0.7031550701956855,-11.512925148010254,-0.004687956068664789,0.13349543511867523,0.4791666666666667
MSAGAT-Net.japan.w-20.h-3.none.seed-42.with_adj.loggrowth.quant.exp-nodecay-regpre.renewal,japan,3,42,none,loggrowth,nodecay-regpre,save_attn,1.9691487550735474,1.7477144002914429,1.60169517993927,16.307802200317383,0.36910805106163025,0.8946354946471886,0.06853141215618694,0.061310633813220654,1.6630058137524906,0.9631326401229614,0.05761818587779999,0.2803821861743927,4.0,0.1536412818635118,0.6307007062090583,0.7943130239507774,-11.512925148010254,-0.004659682512283325,0.1599612981081009,0.5104166666666666
MSAGAT-Net.japan.w-20.h-3.none.seed-42.with_adj.loggrowth.quant.exp-nodecay-regpre.renewal21,japan,3,42,none,loggrowth,nodecay-regpre,save_attn,3.1764984130859375,2.6159443855285645,2.438809633255005,25.72096061706543,0.27669134736061096,0.8410322450723262,0.06853141215618694,0.05763712742369481,2.4964467606786998,0.9769123346303507,0.055216655135154724,0.2889523506164551,4.0,0.24250541514352125,0.48310742143495855,0.8232882358760447,-11.512925148010254,-0.016277337446808815,0.15953148901462555,0.5104166666666666
MSAGAT-Net.japan.w-20.h-3.none.seed-42.with_adj.loggrowth.quant.exp-nodecay-regpre.renewal7,japan,3,42,none,loggrowth,nodecay-regpre,save_attn,1.8742676973342896,1.861302375793457,1.6321641206741333,13.10980224609375,0.3684273064136505,0.8942330648433977,0.06853141215618694,0.06128305473047313,1.6934471754046063,0.9638116525743822,0.07884642481803894,0.2932504117488861,4.0,0.4292330450201173,0.2759048731815652,0.7742224032386047,-11.512925148010254,-0.005299225449562073,0.16649329662322998,0.4791666666666667
MSAGAT-Net.japan.w-20.h-5.no_agam.seed-42.with_adj.loggrowth.quant,japan,5,42,no_agam,loggrowth,,save_attn,,,,,,,0.06853141215618694,,0.0,,0.08965599536895752,0.3110203742980957,4.0,0.1315528590009204,0.5180081542741319,0.7357286383279715,,0.0007996540516614914,0.12190859764814377,0.5104166666666666
MSAGAT-Net.japan.w-20.h-5.none.seed-42.with_adj.loggrowth.quant.exp-nodecay-regent,japan,5,42,none,loggrowth,nodecay-regent,save_attn,1.3654494285583496,1.3854888677597046,1.1010724306106567,5.749783039093018,1.3418340682983398,1.574029222667872,0.06853141215618694,0.10787044540453448,1.2089428760151912,0.9107729177741736,0.06693202257156372,0.2827889025211334,4.0,0.1711238447425112,0.4250199271638471,0.7793321102182824,-11.512925148010254,0.02020847424864769,0.14907407760620117,0.4375
MSAGAT-Net.japan.w-20.h-5.none.seed-42.with_adj.loggrowth.quant.exp-nodecay-regpre-adjstd-lrx10,japan,5,42,none,loggrowth,nodecay-regpre-adjstd-lrx10,save_attn,2.276008129119873,2.4341375827789307,2.1698853969573975,9.762285232543945,-1.155636191368103,0.2737280390171958,0.06853141215618694,0.018758969060592264,2.1886443660179897,0.9914289551322939,0.11063167452812195,0.304087370634079,4.0,0.1378375036836788,0.5019837559805735,0.7632630256568023,-11.512925148010254,0.018154432997107506,0.14285190403461456,0.4270833333333333
MSAGAT-Net.japan.w-20.h-5.none.seed-42.with_adj.loggrowth.quant.exp-nodecay-regpre-adjstd,japan,5,42,none,loggrowth,nodecay-regpre-adjstd,save_attn,2.0445339679718018,2.1970584392547607,1.5074695348739624,7.225861549377441,-0.38372817635536194,0.519577176950021,0.06853141215618694,0.035607357660509965,1.5430768925344724,0.9769244437313648,0.022123560309410095,0.26280301809310913,4.0,0.3897203569701999,0.14247314048686016,0.8034463072772242,-11.512925148010254,0.030648114159703255,0.14766132831573486,0.4375
MSAGAT-Net.japan.w-20.h-5.none.seed-42.with_adj.loggrowth.quant.exp-nodecay-regpre-init10,japan,5,42,none,loggrowth,nodecay-regpre-init10,save_attn,1.874164342880249,1.6425819396972656,1.2468410730361938,6.8502326011657715,1.2286174297332764,1.4853481418053318,0.06853141215618694,0.1017930057014876,1.3486340787376814,0.924521404800355,0.077392578125,0.28851112723350525,4.0,0.16223269923443737,0.4443407765563534,0.7754066079493984,-11.512925148010254,0.02313895709812641,0.1467338651418686,0.4270833333333333
MSAGAT-Net.japan.w-20.h-5.none.seed-42.with_adj.loggrowth.quant.exp-nodecay-regpre-lrx10,japan,5,42,none,loggrowth,nodecay-regpre-lrx10,save_attn,2.44254207611084,2.938490867614746,2.342693328857422,11.374646186828613,1.6498671770095825,1.8255630145891963,0.06853141215618694,0.12510841136990333,2.4678017402273253,0.9493037024285513,0.07761555910110474,0.29023295640945435,4.0,0.19593440994229477,0.37543420241937686,0.7836303750442313,-11.512925148010254,0.015187989920377731,0.1482830047607422,0.4375
MSAGAT-Net.japan.w-20.h-5.none.seed-42.with_adj.loggrowth.quant.exp-nodecay-regpre-multgate,japan,5,42,none,loggrowth,nodecay-regpre-multgate,save_attn,0.11949329823255539,0.07501117885112762,1.043118209054228e-05,5.3482410294236615e-05,1.1769187450408936,1.4455915326433506,0.06853141215618694,0.09906842913307543,0.09907886031516597,0.00010528161161080273,0.07954700291156769,0.2869015336036682,4.0,0.16556528788352504,0.4369980966370639,0.7770931262347159,-11.512925148010254,0.01955234259366989,0.14710743725299835,0.4375
MSAGAT-Net.japan.w-20.h-5.none.seed-42.with_adj.loggrowth.quant.exp-nodecay-regpre-rank16,japan,5,42,none,loggrowth,nodecay-regpre-rank16,save_attn,1.1411300897598267,1.1097407341003418,1.1634677648544312,6.848984241485596,1.0410975217819214,1.3434713675624375,0.06853141215618694,0.09206999001045751,1.2555377548648887,0.9266688798057169,0.07516682147979736,0.2945859730243683,4.0,0.1470254374977418,0.47944447575797816,0.7642780464113501,-11.512925148010254,0.015576564706861973,0.12574827671051025,0.4479166666666667
MSAGAT-Net.japan.w-20.h-5.none.seed-42.with_adj.loggrowth.quant.exp-nodecay-regpre-rank2,japan,5,42,none,loggrowth,nodecay-regpre-rank2,save_attn,1.4194649457931519,1.7645514011383057,0.5973873138427734,4.938737392425537,1.2502357959747314,1.5021123703358783,0.06853141215618694,0.10294188195639499,0.7003291957991684,0.8530092953801182,0.13278962671756744,0.33150550723075867,4.0,0.16648832209378595,0.4349859225074608,0.7525384587607103,-11.512925148010254,0.023233110085129738,0.14382301270961761,0.4791666666666667
MSAGAT-Net.japan.w-20.h-5.none.seed-42.with_adj.loggrowth.quant.exp-nodecay-regpre-renewal_lag0.renewal,japan,5,42,none,loggrowth,nodecay-regpre-renewal_lag0,save_attn,2.2391302585601807,2.2954578399658203,2.574798822402954,12.315131187438965,0.1554938405752182,0.7739133528042123,0.06853141215618694,0.05303737495420198,2.6278361973571562,0.9798170924780082,0.04592987895011902,0.2668870985507965,4.0,0.7707108879823352,0.021204233159297592,0.8675343050991574,-11.512925148010254,0.012680751271545887,0.1348446160554886,0.4479166666666667
MSAGAT-Net.japan.w-20.h-5.none.seed-42.with_adj.loggrowth.quant.exp-nodecay-regpre-renewres-renewal_lag0.renewal7,japan,5,42,none,loggrowth,nodecay-regpre-renewres-renewal_lag0,save_attn,1.8083652257919312,1.7089532613754272,1.7526648044586182,8.864893913269043,0.24452437460422516,0.8228648426410775,0.06853141215618694,0.05639208967987159,1.8090568941384897,0.968827907036762,0.0529433935880661,0.27576854825019836,4.0,0.43176501273281354,0.1154607003461467,0.7994041099669199,-11.512925148010254,0.023565014824271202,0.132925882935524,0.40625
MSAGAT-Net.japan.w-20.h-5.none.seed-42.with_adj.loggrowth.quant.exp-nodecay-regpre-renewres.renewal7,japan,5,42,none,loggrowth,nodecay-regpre-renewres,save_attn,1.421355962753296,1.098765254020691,1.0394703149795532,7.9735426902771,0.5967056155204773,1.0353621522624288,0.06853141215618694,0.07095483038761329,1.1104251453671665,0.9361012035042202,0.09194929897785187,0.298092782497406,4.0,0.20442000879031588,0.3598384695388023,0.7794697836093615,-11.512925148010254,0.015404179692268372,0.13710539042949677,0.4375
MSAGAT-Net.japan.w-20.h-5.none.seed-42.with_adj.loggrowth.quant.exp-nodecay-regpre-reniter-giunif.renewal7,japan,5,42,none,loggrowth,nodecay-regpre-reniter-giunif,save_attn,1.9707688093185425,1.7899839878082275,1.9792616367340088,9.011756896972656,0.3899579644203186,0.9070153318191919,0.06853141215618694,0.0621590415368817,2.0414206782708906,0.9695510865553045,0.10620932281017303,0.2980414032936096,4.0,0.21194248078780087,0.34655546398573,0.7810572937941826,-11.512925148010254,0.017681105062365532,0.1520281285047531,0.4583333333333333
MSAGAT-Net.japan.w-20.h-5.none.seed-42.with_adj.loggrowth.quant.exp-nodecay-regpre-reniter-renewres.renewal7,japan,5,42,none,loggrowth,nodecay-regpre-reniter-renewres,save_attn,1.9304821491241455,1.9092594385147095,1.893108606338501,9.704030990600586,0.3538229167461395,0.8856265172050626,0.06853141215618694,0.060693235867028524,1.9538018422055294,0.9689358283138296,0.07642179727554321,0.289482980966568,4.0,0.40785480850193523,0.13012314046683163,0.7549128474384406,-11.512925148010254,0.015067419968545437,0.14611051976680756,0.46875
MSAGAT-Net.japan.w-20.h-5.none.seed-42.with_adj.loggrowth.quant.exp-nodecay-regpre-reniter.renewal14,japan,5,42,none,loggrowth,nodecay-regpre-reniter,save_attn,1.6940973997116089,1.6599252223968506,2.0201847553253174,11.980287551879883,0.41151463985443115,0.9199248407650004,0.06853141215618694,0.06304374841518087,2.0832285037404983,0.9697374780049409,0.08454649150371552,0.29653894901275635,4.0,0.24520960258931535,0.29344999971571056,0.7594647049976814,-11.512925148010254,0.006097778677940369,0.13943326473236084,0.4791666666666667
MSAGAT-Net.japan.w-20.h-5.none.seed-42.with_adj.loggrowth.quant.exp-nodecay-regpre-reniter.renewal7.gifix5.2-1.72,japan,5,42,none,loggrowth,nodecay-regpre-reniter,save_attn,2.1089072227478027,1.734128713607788,2.442319393157959,11.914217948913574,0.21404075622558594,0.8058833409866585,0.06853141215618694,0.055228323390961634,2.4975477165489206,0.9778869796861077,0.10281956195831299,0.30722567439079285,4.0,0.29761985475982483,0.2258014346175079,0.7598293447110989,-11.512925148010254,0.011553246527910233,0.1567983776330948,0.4479166666666667
MSAGAT-Net.japan.w-20.h-5.none.seed-42.with_adj.loggrowth.quant.exp-nodecay-regpre-reniter.renewal7,japan,5,42,none,loggrowth,nodecay-regpre-reniter,save_attn,2.065099000930786,2.044780731201172,1.9658960103988647,9.675183296203613,0.338598370552063,0.8767095314416066,0.06853141215618694,0.06008214224048227,2.025978152639347,0.9703441312226342,0.06270629167556763,0.2818893790245056,4.0,0.32175634131385306,0.20013128424300114,0.7671978314273165,-11.512925148010254,0.01696203462779522,0.14807841181755066,0.4583333333333333
MSAGAT-Net.japan.w-20.h-5.none.seed-42.with_adj.loggrowth.quant.exp-nodecay-regpre-scorenorm,japan,5,42,none,loggrowth,nodecay-regpre-scorenorm,save_attn,0.8231293559074402,0.7231736779212952,0.1362195461988449,1.2603037357330322,-0.09235290437936783,0.6480364820745584,0.06853141215618694,0.04441085524529701,0.1806304014441419,0.7541341053874001,0.055462807416915894,0.2779388129711151,4.0,0.2128912970388375,0.3449152703872306,0.7878907764651176,-11.512925148010254,0.022381320595741272,0.15110163390636444,0.4166666666666667
MSAGAT-Net.japan.w-20.h-5.none.seed-42.with_adj.loggrowth.quant.exp-nodecay-regpre-temp,japan,5,42,none,loggrowth,nodecay-regpre-temp,save_attn,1.2167589664459229,1.2033330202102661,0.6861261129379272,3.1426987648010254,0.894089937210083,1.236955710455524,0.06853141215618694,0.08477032161217654,0.7708964345501038,0.8900366925919839,0.0511176735162735,0.2734498381614685,4.0,0.18666208053540334,0.3932497382398049,0.7840144867068263,-11.512925148010254,0.02209215797483921,0.14759884774684906,0.4479166666666667
MSAGAT-Net.japan.w-20.h-5.none.seed-42.with_adj.loggrowth.quant.exp-nodecay-regpre,japan,5,42,none,loggrowth,nodecay-regpre,save_attn,1.7100048065185547,2.174344062805176,1.4238518476486206,6.788702964782715,1.3742334842681885,1.5998008762091467,0.06853141215618694,0.10963661321531804,1.5334884608639388,0.9285050940953602,0.01577506959438324,0.259340763092041,4.0,0.3310457185151044,0.19104837847262493,0.800415630808128,-11.512925148010254,0.021777905523777008,0.15034528076648712,0.4270833333333333
MSAGAT-Net.japan.w-20.h-5.none.seed-42.with_adj.loggrowth.quant.exp-nodecay-regpre.renewal,japan,5,42,none,loggrowth,nodecay-regpre,save_attn,2.2645463943481445,2.090611696243286,2.1347861289978027,13.099710464477539,0.3815370202064514,0.9020026936926157,0.06853141215618694,0.06181551836743948,2.196601647365242,0.9718585668723388,0.0845397561788559,0.2974761724472046,4.0,0.6701504779393677,0.03505796692226476,0.8560725199692005,-11.512925148010254,0.022507647052407265,0.14493079483509064,0.4791666666666667
MSAGAT-Net.japan.w-20.h-5.none.seed-42.with_adj.loggrowth.quant.exp-nodecay-regpre.renewal21,japan,5,42,none,loggrowth,nodecay-regpre,save_attn,1.2961680889129639,1.2812212705612183,1.371945858001709,7.299661159515381,0.693800687789917,1.0990480076037223,0.06853141215618694,0.07531931198852677,1.4472651699902357,0.9479574900644954,0.06044559180736542,0.280296266078949,4.0,0.20527305778319074,0.3583069388173026,0.822387806409274,-11.512925148010254,0.02137841284275055,0.15019486844539642,0.46875
MSAGAT-Net.japan.w-20.h-5.none.seed-42.with_adj.loggrowth.quant.exp-nodecay-regpre.renewal7,japan,5,42,none,loggrowth,nodecay-regpre,save_attn,2.1656618118286133,1.9058548212051392,2.226339101791382,11.024457931518555,0.29530206322669983,0.8516592481433181,0.06853141215618694,0.058365410951138015,2.28470451274252,0.9744538470399057,0.03533630073070526,0.266549676656723,4.0,0.49822654579983056,0.08281610522148872,0.8377356330989193,-11.512925148010254,0.024020560085773468,0.14152325689792633,0.4479166666666667
MSAGAT-Net.nhs_timeseries.w-20.h-14.no_agam.seed-42.with_adj.loggrowth.quant,nhs_timeseries,14,42,no_agam,loggrowth,,save_attn,,,,,,,0.19700447525059056,,0.0,,0.1508992612361908,0.5754496455192566,2.0,0.11343696737746078,0.2043098544181371,0.6616614607685228,,-0.00515466183423996,0.11286988854408264,0.5416666666666666
MSAGAT-Net.nhs_timeseries.w-20.h-14.none.seed-42.with_adj.loggrowth.quant.exp-nodecay-regent,nhs_timeseries,14,42,none,loggrowth,nodecay-regent,save_attn,0.7672138810157776,0.7563458681106567,0.42521658539772034,1.626861572265625,0.6924426555633545,1.0981426604919735,0.19700447525059056,0.21633901858050866,0.641555603978229,0.6627899168224707,0.16137471795082092,0.5806873440742493,2.0,0.1265381859533231,0.17007179571590386,0.6696938067375582,-11.512925148010254,0.022036338225007057,0.12667012214660645,0.46875
MSAGAT-Net.nhs_timeseries.w-20.h-14.none.seed-42.with_adj.loggrowth.quant.exp-nodecay-regpre-adjstd-lrx10,nhs_timeseries,14,42,none,loggrowth,nodecay-regpre-adjstd-lrx10,save_attn,1.8365386724472046,1.6280386447906494,1.3022050857543945,5.546374320983887,-1.4809025526046753,0.20492444766720558,0.19700447525059056,0.04037103327869494,1.3425761190330894,0.969930171774715,0.032556742429733276,0.5162783861160278,2.0,0.2968189658060281,0.01567849075935837,0.6994557403489672,-11.512925148010254,0.0223696231842041,0.14504046738147736,0.4895833333333333
MSAGAT-Net.nhs_timeseries.w-20.h-14.none.seed-42.with_adj.loggrowth.quant.exp-nodecay-regpre-adjstd,nhs_timeseries,14,42,none,loggrowth,nodecay-regpre-adjstd,save_attn,0.31276410818099976,0.26677051186561584,0.027705026790499687,0.25168082118034363,0.8469879627227783,1.2037558860450939,0.19700447525059056,0.2371452966601234,0.2648503234506231,0.10460635437232088,0.18188083171844482,0.5909404158592224,2.0,0.11140931745683388,0.21019272219138085,0.6289325357781073,-11.512925148010254,0.019027195870876312,0.11957458406686783,0.4583333333333333
MSAGAT-Net.nhs_timeseries.w-20.h-14.none.seed-42.with_adj.loggrowth.quant.exp-nodecay-regpre-init10,nhs_timeseries,14,42,none,loggrowth,nodecay-regpre-init10,save_attn,2.7954041957855225,2.745657444000244,2.5914225578308105,12.178135871887207,0.9168211221694946,1.253141847409646,0.19700447525059056,0.24687455206349296,2.8382971098943033,0.9130201869272642,0.049221932888031006,0.5246109366416931,2.0,0.5606028793227559,0.00039036033460597365,0.7071655741379128,-11.512925148010254,0.018373502418398857,0.1410275250673294,0.4479166666666667
MSAGAT-Net.nhs_timeseries.w-20.h-14.none.seed-42.with_adj.loggrowth.quant.exp-nodecay-regpre-lrx10,nhs_timeseries,14,42,none,loggrowth,nodecay-regpre-lrx10,save_attn,1.388505458831787,1.7164263725280762,1.1571625471115112,4.089841842651367,-0.4847211241722107,0.4798728452830988,0.19700447525059056,0.09453709807200471,1.2516996451835158,0.924473016800972,0.08155107498168945,0.5407755374908447,2.0,0.141888180490269,0.13718367922341257,0.6810312633943241,-11.512925148010254,0.017563728615641594,0.12878385186195374,0.4583333333333333
MSAGAT-Net.nhs_timeseries.w-20.h-14.none.seed-42.with_adj.loggrowth.quant.exp-nodecay-regpre-multgate,nhs_timeseries,14,42,none,loggrowth,nodecay-regpre-multgate,save_attn,0.2742319703102112,0.29209834337234497,0.0002706630330067128,0.0010445588268339634,0.18852408230304718,0.7918453243648936,0.19700447525059056,0.15599707260613954,0.15626773563914625,0.0017320468099168492,0.011324971914291382,0.5056625008583069,2.0,0.16073311455413328,0.10537144459180679,0.6887232274515496,-11.512925148010254,0.023237138986587524,0.12810146808624268,0.4895833333333333
MSAGAT-Net.nhs_timeseries.w-20.h-14.none.seed-42.with_adj.loggrowth.quant.exp-nodecay-regpre-rank16,nhs_timeseries,14,42,none,loggrowth,nodecay-regpre-rank16,save_attn,0.42125606536865234,0.4879416823387146,0.28506168723106384,1.241991639137268,0.7154619097709656,1.1135439643294849,0.19700447525059056,0.2193731443611925,0.5044348315922563,0.5651110299644896,0.17908889055252075,0.5895444750785828,2.0,0.11613089607157945,0.19674780559702174,0.6525279242967374,-11.512925148010254,-0.0024615824222564697,0.12260027974843979,0.5416666666666666
MSAGAT-Net.nhs_timeseries.w-20.h-14.none.seed-42.with_adj.loggrowth.quant.exp-nodecay-regpre-rank2,nhs_timeseries,14,42,none,loggrowth,nodecay-regpre-rank2,save_attn,0.6041836738586426,0.4947024881839752,0.07977791875600815,0.3909383714199066,0.5855276584625244,1.0281677846978547,0.19700447525059056,0.20255365489396304,0.2823315736499712,0.2825681794092047,0.14594495296478271,0.5729724764823914,2.0,0.12167535314827353,0.1820534517525827,0.674916380078369,-11.512925148010254,-0.02425953559577465,0.13793836534023285,0.5729166666666666
MSAGAT-Net.nhs_timeseries.w-20.h-14.none.seed-42.with_adj.loggrowth.quant.exp-nodecay-regpre-renewal_lag0.renewal,nhs_timeseries,14,42,none,loggrowth,nodecay-regpre-renewal_lag0,save_attn,1.1216857433319092,1.0764071941375732,1.3674732446670532,3.7586629390716553,1.2844678163528442,1.5288230815240464,0.19700447525059056,0.3011849889266356,1.6686582335936888,0.8195046877406456,0.0520402193069458,0.5260201096534729,2.0,0.17473340927874723,0.08661625924823252,0.7370760427077452,-11.512925148010254,0.026987610384821892,0.1392078399658203,0.4583333333333333
MSAGAT-Net.nhs_timeseries.w-20.h-14.none.seed-42.with_adj.loggrowth.quant.exp-nodecay-regpre-renewres-renewal_lag0.renewal7,nhs_timeseries,14,42,none,loggrowth,nodecay-regpre-renewres-renewal_lag0,save_attn,1.087998628616333,1.0476970672607422,1.2441848516464233,3.2951879501342773,1.2296394109725952,1.4861388139294125,0.19700447525059056,0.292775997187699,1.5369608488341222,0.8095097884830397,0.025730520486831665,0.5128652453422546,2.0,0.1638968825778592,0.1008061053641786,0.7216147457149937,-11.512925148010254,0.01791997253894806,0.13403020799160004,0.4791666666666667
MSAGAT-Net.nhs_timeseries.w-20.h-14.none.seed-42.with_adj.loggrowth.quant.exp-nodecay-regpre-renewres.renewal7,nhs_timeseries,14,42,none,loggrowth,nodecay-regpre-renewres,save_attn,0.7036454677581787,0.718031644821167,0.7585996389389038,2.1805756092071533,1.1683155298233032,1.4390219673230094,0.19700447525059056,0.28349376754654193,1.0420934064854457,0.7279574308960938,0.1656399369239807,0.582819938659668,2.0,0.11396990245675999,0.20279115261112562,0.7019227687357097,-11.512925148010254,0.020515386015176773,0.12859727442264557,0.4583333333333333
MSAGAT-Net.nhs_timeseries.w-20.h-14.none.seed-42.with_adj.loggrowth.quant.exp-nodecay-regpre-reniter-giunif.renewal7,nhs_timeseries,14,42,none,loggrowth,nodecay-regpre-reniter-giunif,save_attn,1.8478130102157593,1.5328640937805176,2.69465970993042,10.531495094299316,1.2996740341186523,1.5407523073818727,0.19700447525059056,0.30353509980690246,2.9981948097373223,0.8987607146736754,0.0845043957233429,0.5422521829605103,2.0,0.13610089708226702,0.14876125714238214,0.667073059994984,-11.512925148010254,-0.0066187684424221516,0.1392739862203598,0.46875
MSAGAT-Net.nhs_timeseries.w-20.h-14.none.seed-42.with_adj.loggrowth.quant.exp-nodecay-regpre-reniter-renewres.renewal7,nhs_timeseries,14,42,none,loggrowth,nodecay-regpre-reniter-renewres,save_attn,1.9062340259552002,1.7515077590942383,2.3567750453948975,10.390231132507324,1.2304936647415161,1.4867998613086393,0.19700447525059056,0.2929062264797593,2.6496812718746567,0.889456052851018,0.11737295985221863,0.5586864948272705,2.0,0.39035319073069014,0.004232575227969428,0.7093080431542046,-11.512925148010254,-0.002527546137571335,0.12778450548648834,0.5
MSAGAT-Net.nhs_timeseries.w-20.h-14.none.seed-42.with_adj.loggrowth.quant.exp-nodecay-regpre-reniter.renewal14,nhs_timeseries,14,42,none,loggrowth,nodecay-regpre-reniter,save_attn,1.3171331882476807,1.3750231266021729,1.8203821182250977,6.782687664031982,1.3251898288726807,1.560856641225782,0.19700447525059056,0.3074957435460845,2.127877861771182,0.8554918263541056,0.050185441970825195,0.5250927209854126,2.0,0.1313670293902515,0.1589543203454324,0.682870767526701,-11.512925148010254,0.017298167571425438,0.12911352515220642,0.46875
MSAGAT-Net.nhs_timeseries.w-20.h-14.none.seed-42.with_adj.loggrowth.quant.exp-nodecay-regpre-reniter.renewal7.gifix5.2-1.72,nhs_timeseries,14,42,none,loggrowth,nodecay-regpre-reniter,save_attn,1.3645232915878296,1.3534671068191528,1.8723543882369995,7.254446506500244,1.2519465684890747,1.5034424766018502,0.19700447525059056,0.29618489617239574,2.168539284409395,0.8634173250621734,0.019032448530197144,0.5095162391662598,2.0,0.11836477740811834,0.19068987079268446,0.6685329107866687,-11.512925148010254,0.01709122397005558,0.13653387129306793,0.4375
MSAGAT-Net.nhs_timeseries.w-20.h-14.none.seed-42.with_adj.loggrowth.quant.exp-nodecay-regpre-reniter.renewal7,nhs_timeseries,14,42,none,loggrowth,nodecay-regpre-reniter,save_attn,1.8210089206695557,1.5678890943527222,2.7453410625457764,11.4832181930542,1.3124432563781738,1.550799798309664,0.19700447525059056,0.305514500484717,3.050855563030493,0.8998594020028791,0.1658843457698822,0.5829421877861023,2.0,0.13120279431271553,0.15932022309446672,0.6689273209757213,-11.512925148010254,0.006376264151185751,0.14411073923110962,0.4479166666666667
MSAGAT-Net.nhs_timeseries.w-20.h-14.none.seed-42.with_adj.loggrowth.quant.exp-nodecay-regpre-scorenorm,nhs_timeseries,14,42,none,loggrowth,nodecay-regpre-scorenorm,save_attn,0.7958085536956787,0.6500570178031921,0.2765829265117645,1.260381817817688,0.06899590790271759,0.7282400709322455,0.19700447525059056,0.14346655303045988,0.4200494795422244,0.6584532060679812,0.08747208118438721,0.5437360405921936,2.0,0.523134065133501,0.0006596000365483156,0.7175302506839323,-11.512925148010254,0.018797675147652626,0.14196708798408508,0.46875
MSAGAT-Net.nhs_timeseries.w-20.h-14.none.seed-42.with_adj.loggrowth.quant.exp-nodecay-regpre-temp,nhs_timeseries,14,42,none,loggrowth,nodecay-regpre-temp,save_attn,0.7267376780509949,0.6894745826721191,0.4404136836528778,1.7795541286468506,0.5729272961616516,1.0200923485769193,0.19700447525059056,0.2009627578385385,0.6413764414914163,0.6866695674520998,0.08428281545639038,0.5421413779258728,2.0,0.13289275954015267,0.15559502611943898,0.6755445309650929,-11.512925148010254,0.021279508247971535,0.12328332662582397,0.4479166666666667
MSAGAT-Net.nhs_timeseries.w-20.h-14.none.seed-42.with_adj.loggrowth.quant.exp-nodecay-regpre,nhs_timeseries,14,42,none,loggrowth,nodecay-regpre,save_attn,1.1833189725875854,1.4603655338287354,1.0562444925308228,4.137786865234375,0.5275174975395203,0.9912942790197411,0.19700447525059056,0.1952894092571966,1.2515339017880194,0.8439599526803118,0.03197559714317322,0.5159878134727478,2.0,0.5487378303263621,0.00046089992333792957,0.7077791906720083,-11.512925148010254,0.011358673684298992,0.1375032216310501,0.4270833333333333
MSAGAT-Net.nhs_timeseries.w-20.h-14.none.seed-42.with_adj.loggrowth.quant.exp-nodecay-regpre.renewal,nhs_timeseries,14,42,none,loggrowth,nodecay-regpre,save_attn,0.991527259349823,0.9859763979911804,1.2066643238067627,3.1708335876464844,1.2611387968063354,1.5105979832365257,0.19700447525059056,0.2975945630021121,1.5042588868088749,0.8021653283143121,0.0049922168254852295,0.5024961233139038,2.0,0.15557287577351162,0.11326554505848303,0.7349310753737455,-11.512925148010254,0.024567684158682823,0.13942450284957886,0.4583333333333333
MSAGAT-Net.nhs_timeseries.w-20.h-14.none.seed-42.with_adj.loggrowth.quant.exp-nodecay-regpre.renewal21,nhs_timeseries,14,42,none,loggrowth,nodecay-regpre,save_attn,0.866777241230011,0.8930944204330444,1.0762518644332886,2.8817758560180664,1.243202567100525,1.4966494418825576,0.19700447525059056,0.2948466379321625,1.371098502365451,0.7849559040262344,0.017734050750732422,0.5088670253753662,2.0,0.1407019876726572,0.13948086892928072,0.7351195556082799,-11.512925148010254,0.026244021952152252,0.13144779205322266,0.4375
MSAGAT-Net.nhs_timeseries.w-20.h-14.none.seed-42.with_adj.loggrowth.quant.exp-nodecay-regpre.renewal7,nhs_timeseries,14,42,none,loggrowth,nodecay-regpre,save_attn,1.0669395923614502,0.9489787220954895,1.3029919862747192,3.3733396530151367,1.2762782573699951,1.5224146451545728,0.19700447525059056,0.2999224982824906,1.6029144845572099,0.8128892706554203,0.03646722435951233,0.518233597278595,2.0,0.15747481136421276,0.11028941100500794,0.7294758240118111,-11.512925148010254,0.018201949074864388,0.13408903777599335,0.4583333333333333
MSAGAT-Net.nhs_timeseries.w-20.h-3.no_agam.seed-42.with_adj.loggrowth.quant,nhs_timeseries,3,42,no_agam,loggrowth,,save_attn,,,,,,,0.19700447525059056,,0.0,,0.1062839925289154,0.5531420111656189,2.0,0.13013822738360178,0.6767761693029698,0.6670374901697341,,-0.006896708160638809,0.12575967609882355,0.5
MSAGAT-Net.nhs_timeseries.w-20.h-3.none.seed-42.with_adj.loggrowth.quant.exp-nodecay-regent,nhs_timeseries,3,42,none,loggrowth,nodecay-regent,save_attn,1.797986626625061,1.835706353187561,3.094945192337036,9.523589134216309,0.9730454087257385,1.2936280222987377,0.19700447525059056,0.25485050970242207,3.349795702039458,0.9239205813216427,8.940696716308594e-08,0.5000000596046448,2.0,0.55853187201366,0.18719664894363686,0.6379339913360521,-11.512925148010254,6.593453144887462e-05,0.07958220690488815,0.3958333333333333
MSAGAT-Net.nhs_timeseries.w-20.h-3.none.seed-42.with_adj.loggrowth.quant.exp-nodecay-regpre-adjstd-lrx10,nhs_timeseries,3,42,none,loggrowth,nodecay-regpre-adjstd-lrx10,save_attn,1.0359293222427368,0.9249385595321655,0.09438769519329071,1.4276612997055054,-3.2670483589172363,0.03741020414096126,0.19700447525059056,0.007369977635807543,0.10175767282909826,0.9275732489658505,0.0,0.5,2.0,0.6598022467631519,0.13815117252868359,0.6313247612566653,-11.512925148010254,-0.00216570682823658,0.07193390280008316,0.4375
MSAGAT-Net.nhs_timeseries.w-20.h-3.none.seed-42.with_adj.loggrowth.quant.exp-nodecay-regpre-adjstd,nhs_timeseries,3,42,none,loggrowth,nodecay-regpre-adjstd,save_attn,0.5423043966293335,0.5905819535255432,0.058586571365594864,1.3817917108535767,-0.7780559062957764,0.3779555409172702,0.19700447525059056,0.07445893300645992,0.13304550437205478,0.44034987609773407,0.0,0.5,2.0,0.5670171967425873,0.18249151681822756,0.6386280760359172,-11.512925148010254,0.0027569506783038378,0.08223014324903488,0.4479166666666667
MSAGAT-Net.nhs_timeseries.w-20.h-3.none.seed-42.with_adj.loggrowth.quant.exp-nodecay-regpre-init10,nhs_timeseries,3,42,none,loggrowth,nodecay-regpre-init10,save_attn,3.1699130535125732,2.8979177474975586,0.1544726938009262,1.5326929092407227,-0.5431443452835083,0.4580061770383389,0.19700447525059056,0.09022926656896703,0.24470196036989322,0.631268722029951,0.0,0.5,2.0,0.8741046480349433,0.07263459582747744,0.6178010382656984,-11.512925148010254,-0.013341858983039856,0.05039176717400551,0.40625
MSAGAT-Net.nhs_timeseries.w-20.h-3.none.seed-42.with_adj.loggrowth.quant.exp-nodecay-regpre-lrx10,nhs_timeseries,3,42,none,loggrowth,nodecay-regpre-lrx10,save_attn,0.9441691040992737,0.9661743640899658,0.11977053433656693,2.127032995223999,-3.4053597450256348,0.03265582311202387,0.19700447525059056,0.00643334329606037,0.1262038776326273,0.9490242026097844,1.1295080184936523e-05,0.5000056624412537,2.0,0.4605142465528077,0.2511907320790655,0.6462078273902188,-11.512925148010254,0.007416607812047005,0.09249478578567505,0.4895833333333333
MSAGAT-Net.nhs_timeseries.w-20.h-3.none.seed-42.with_adj.loggrowth.quant.exp-nodecay-regpre-multgate,nhs_timeseries,3,42,none,loggrowth,nodecay-regpre-multgate,save_attn,0.28217053413391113,0.2784309983253479,0.00019943287770729512,0.0008801423828117549,-0.3017687499523163,0.5536029220478458,0.19700447525059056,0.10906225315522945,0.10926168603293675,0.0018252773222552727,0.0,0.5,2.0,0.6076962536938022,0.1615260642039421,0.6348911552932162,-11.512925148010254,0.001926260651089251,0.07818359136581421,0.4166666666666667
MSAGAT-Net.nhs_timeseries.w-20.h-3.none.seed-42.with_adj.loggrowth.quant.exp-nodecay-regpre-rank16,nhs_timeseries,3,42,none,loggrowth,nodecay-regpre-rank16,save_attn,0.6374367475509644,0.6871699094772339,0.12020408362150192,1.525374174118042,0.55282062292099,1.00728206152972,0.19700447525059056,0.19843907396099555,0.3186431575824975,0.3772372974630117,2.086162567138672e-07,0.5000001192092896,2.0,0.3674997244683995,0.3320402198072668,0.6781825454302485,-11.512925148010254,0.007969597354531288,0.11266744881868362,0.46875
MSAGAT-Net.nhs_timeseries.w-20.h-3.none.seed-42.with_adj.loggrowth.quant.exp-nodecay-regpre-rank2,nhs_timeseries,3,42,none,loggrowth,nodecay-regpre-rank2,save_attn,0.6722511053085327,0.36801356077194214,0.01637507788836956,0.366448312997818,-0.5750483274459839,0.446400808403611,0.19700447525059056,0.0879429570109928,0.10431803489936237,0.1569726452781335,0.0,0.5,2.0,0.6355769399292903,0.14856528023561152,0.5726063545659801,-11.512925148010254,-0.01801151968538761,0.0661914274096489,0.4375
MSAGAT-Net.nhs_timeseries.w-20.h-3.none.seed-42.with_adj.loggrowth.quant.exp-nodecay-regpre-renewal_lag0.renewal,nhs_timeseries,3,42,none,loggrowth,nodecay-regpre-renewal_lag0,save_attn,2.1532301902770996,1.9763009548187256,1.8288623094558716,7.238917827606201,1.5015779733657837,1.7027035743560281,0.19700447525059056,0.3354402241733142,2.164302533629186,0.8450123220015664,0.002804964780807495,0.5014024972915649,2.0,0.9273480501975342,0.06191182085301946,0.6385924892938157,-11.512925148010254,-0.008832755498588085,0.059873372316360474,0.4270833333333333
MSAGAT-Net.nhs_timeseries.w-20.h-3.none.seed-42.with_adj.loggrowth.quant.exp-nodecay-regpre-renewres-renewal_lag0.renewal7,nhs_timeseries,3,42,none,loggrowth,nodecay-regpre-renewres-renewal_lag0,save_attn,1.1008727550506592,1.1875243186950684,0.2802564799785614,2.2715933322906494,1.1916065216064453,1.456838146960305,0.19700447525059056,0.2870036346669576,0.567260114645519,0.49405285642847246,0.0,0.5,2.0,0.9430729228427519,0.05905897438110187,0.6055165707817854,-11.512925148010254,-0.009578530676662922,0.060722142457962036,0.34375
MSAGAT-Net.nhs_timeseries.w-20.h-3.none.seed-42.with_adj.loggrowth.quant.exp-nodecay-regpre-renewres.renewal7,nhs_timeseries,3,42,none,loggrowth,nodecay-regpre-renewres,save_attn,1.7344419956207275,1.7266530990600586,0.8203004002571106,5.117953300476074,1.3553414344787598,1.5847526925262299,0.19700447525059056,0.3122033725930904,1.132503772850201,0.7243246512041542,0.0,0.5,2.0,0.8246591013265503,0.08424910744085176,0.6201145434248739,-11.512925148010254,-0.016770439222455025,0.060098450630903244,0.3541666666666667
MSAGAT-Net.nhs_timeseries.w-20.h-3.none.seed-42.with_adj.loggrowth.quant.exp-nodecay-regpre-reniter-giunif.renewal7,nhs_timeseries,3,42,none,loggrowth,nodecay-regpre-reniter-giunif,save_attn,1.9863706827163696,2.1159775257110596,1.9878662824630737,6.480137825012207,1.403272271156311,1.623043222138798,0.19700447525059056,0.31974677828648157,2.3076130607495555,0.861438304486532,0.0,0.5,2.0,0.6877639065647431,0.12703511690353436,0.6234932682452411,-11.512925148010254,0.012719404883682728,0.04959948733448982,0.5729166666666666
MSAGAT-Net.nhs_timeseries.w-20.h-3.none.seed-42.with_adj.loggrowth.quant.exp-nodecay-regpre-reniter-renewres.renewal7,nhs_timeseries,3,42,none,loggrowth,nodecay-regpre-reniter-renewres,save_attn,1.5351773500442505,1.754522442817688,1.4109824895858765,6.232639789581299,1.2066818475723267,1.46842159927999,0.19700447525059056,0.2892856266127874,1.700268116198664,0.8298588182318262,0.024061232805252075,0.5120306015014648,2.0,0.9995332329757582,0.04985683408821386,0.6363611129486387,-11.512925148010254,0.018849505111575127,0.042821675539016724,0.5833333333333334
MSAGAT-Net.nhs_timeseries.w-20.h-3.none.seed-42.with_adj.loggrowth.quant.exp-nodecay-regpre-reniter.renewal14,nhs_timeseries,3,42,none,loggrowth,nodecay-regpre-reniter,save_attn,1.979673981666565,1.846104621887207,1.8908360004425049,7.865075588226318,1.5579586029052734,1.7490461926129972,0.19700447525059056,0.3445699273647669,2.235405927807272,0.8458580058867614,0.0,0.5,2.0,0.9354507071250379,0.06042501395923265,0.6092439850648335,-11.512925148010254,-0.014716744422912598,0.046832382678985596,0.6354166666666666
MSAGAT-Net.nhs_timeseries.w-20.h-3.none.seed-42.with_adj.loggrowth.quant.exp-nodecay-regpre-reniter.renewal7.gifix5.2-1.72,nhs_timeseries,3,42,none,loggrowth,nodecay-regpre-reniter,save_attn,1.8992475271224976,2.0253684520721436,1.7801446914672852,6.693218231201172,1.4711979627609253,1.677927707909091,0.19700447525059056,0.33055926760505666,2.110703959072342,0.843389090078583,2.9802322387695312e-08,0.5,2.0,0.6508755627695484,0.14190085232597327,0.6186682831644763,-11.512925148010254,-0.019417932257056236,0.06893468648195267,0.5520833333333334
MSAGAT-Net.nhs_timeseries.w-20.h-3.none.seed-42.with_adj.loggrowth.quant.exp-nodecay-regpre-reniter.renewal7,nhs_timeseries,3,42,none,loggrowth,nodecay-regpre-reniter,save_attn,1.8942711353302002,2.0777080059051514,1.8160027265548706,6.449497222900391,1.436657428741455,1.6499292396839578,0.19700447525059056,0.32504344406454394,2.1410461706194144,0.8481847572812934,0.008631467819213867,0.5043157339096069,2.0,0.46209495662363903,0.2500023728235039,0.6193758665066357,-11.512925148010254,0.013753746636211872,0.07869049161672592,0.4479166666666667
MSAGAT-Net.nhs_timeseries.w-20.h-3.none.seed-42.with_adj.loggrowth.quant.exp-nodecay-regpre-scorenorm,nhs_timeseries,3,42,none,loggrowth,nodecay-regpre-scorenorm,save_attn,0.5160694122314453,0.623429536819458,0.05936477333307266,0.47676801681518555,0.2452814131975174,0.8232894818898423,0.19700447525059056,0.16219171235903895,0.22155648569211162,0.2679441910609178,0.05339518189430237,0.52669757604599,2.0,0.19401272234545316,0.5587583623251321,0.6598004076255525,-11.512925148010254,0.01250869408249855,0.11025764793157578,0.5104166666666666
MSAGAT-Net.nhs_timeseries.w-20.h-3.none.seed-42.with_adj.loggrowth.quant.exp-nodecay-regpre-temp,nhs_timeseries,3,42,none,loggrowth,nodecay-regpre-temp,save_attn,0.2430400252342224,0.2736860513687134,0.00046966903028078377,0.00372212752699852,0.040840115398168564,0.7137757131495839,0.19700447525059056,0.1406170098156498,0.1410866788459306,0.0033289395860942443,0.0,0.5,2.0,0.6850680119981392,0.12806670269456225,0.6296720253372159,-11.512925148010254,-0.0014482078840956092,0.06989320367574692,0.375
MSAGAT-Net.nhs_timeseries.w-20.h-3.none.seed-42.with_adj.loggrowth.quant.exp-nodecay-regpre,nhs_timeseries,3,42,none,loggrowth,nodecay-regpre,save_attn,0.661352813243866,0.8453665971755981,0.11018892377614975,1.4852324724197388,-0.1817052960395813,0.6064159691757419,0.19700447525059056,0.11946665979104534,0.2296555835671951,0.4798007610553457,0.0,0.5,2.0,0.7744322960037638,0.09795012210261607,0.6236647825933894,-11.512925148010254,-0.005848247557878494,0.06262712925672531,0.34375
MSAGAT-Net.nhs_timeseries.w-20.h-3.none.seed-42.with_adj.loggrowth.quant.exp-nodecay-regpre.renewal,nhs_timeseries,3,42,none,loggrowth,nodecay-regpre,save_attn,2.1836392879486084,1.810392141342163,1.886858344078064,6.033137798309326,1.4382247924804688,1.651195760602175,0.19700447525059056,0.32529295435343125,2.212151298431495,0.8529517603140088,8.344650268554688e-07,0.5000004172325134,2.0,0.8765789669110181,0.0720974285242422,0.6628621517088666,-11.512925148010254,0.0012948137009516358,0.06782612949609756,0.375
MSAGAT-Net.nhs_timeseries.w-20.h-3.none.seed-42.with_adj.loggrowth.quant.exp-nodecay-regpre.renewal21,nhs_timeseries,3,42,none,loggrowth,nodecay-regpre,save_attn,2.098464012145996,1.704805850982666,1.9410121440887451,7.208940505981445,1.4217263460159302,1.6378832231407898,0.19700447525059056,0.32267032489659725,2.2636824689853423,0.8574577798266783,0.0,0.5,2.0,0.8641808194791515,0.07482954701440532,0.6693007025822166,-11.512925148010254,0.004780089948326349,0.057069700211286545,0.40625
MSAGAT-Net.nhs_timeseries.w-20.h-3.none.seed-42.with_adj.loggrowth.quant.exp-nodecay-regpre.renewal7,nhs_timeseries,3,42,none,loggrowth,nodecay-regpre,save_attn,1.8850940465927124,2.112973690032959,1.9055020809173584,7.292592525482178,1.343878984451294,1.5756507579223369,0.19700447525059056,0.3104102507426853,2.2159123316600438,0.8599176301753136,0.0,0.5,2.0,0.9798051421458763,0.052896641680290256,0.6294252161843474,-11.512925148010254,-0.0013584457337856293,0.04545343294739723,0.4583333333333333
MSAGAT-Net.nhs_timeseries.w-20.h-7.no_agam.seed-42.with_adj.loggrowth.quant,nhs_timeseries,7,42,no_agam,loggrowth,,save_attn,,,,,,,0.19700447525059056,,0.0,,0.09202417731285095,0.5460121035575867,2.0,0.1884335817739237,0.26739319258986416,0.6664943344223258,,0.023602264001965523,0.1118636354804039,0.46875
MSAGAT-Net.nhs_timeseries.w-20.h-7.none.seed-42.with_adj.loggrowth.quant.exp-nodecay-regent,nhs_timeseries,7,42,none,loggrowth,nodecay-regent,save_attn,0.9853793978691101,0.8880729675292969,0.8459911346435547,2.7132556438446045,0.7605934739112854,1.1440780787115516,0.19700447525059056,0.22538850154227308,1.0713796361858279,0.7896277902530713,0.019469767808914185,0.5097348690032959,2.0,0.21242398120502567,0.22605705214807556,0.6866561584762706,-11.512925148010254,-0.04565666243433952,0.12804119288921356,0.6354166666666666
MSAGAT-Net.nhs_timeseries.w-20.h-7.none.seed-42.with_adj.loggrowth.quant.exp-nodecay-regpre-adjstd-lrx10,nhs_timeseries,7,42,none,loggrowth,nodecay-regpre-adjstd-lrx10,save_attn,2.0513291358947754,1.3345469236373901,0.9434037208557129,5.946958541870117,-1.357534408569336,0.22896209339559917,0.19700447525059056,0.04510655706167672,0.9885102779173897,0.9543691572365762,0.023239344358444214,0.5116196870803833,2.0,0.37610876769998486,0.07187970120745668,0.6903599119407766,-11.512925148010254,-0.04538164660334587,0.1267513632774353,0.65625
MSAGAT-Net.nhs_timeseries.w-20.h-7.none.seed-42.with_adj.loggrowth.quant.exp-nodecay-regpre-adjstd,nhs_timeseries,7,42,none,loggrowth,nodecay-regpre-adjstd,save_attn,1.0717971324920654,0.9917185306549072,0.45658233761787415,2.1311533451080322,-0.08174243569374084,0.6531109585053543,0.19700447525059056,0.12866578166075754,0.5852481192786316,0.780151738344159,0.020496726036071777,0.5102483630180359,2.0,0.3221543425639685,0.10486511245752742,0.6842799793488651,-11.512925148010254,-0.04692338407039642,0.12592224776744843,0.6458333333333334
MSAGAT-Net.nhs_timeseries.w-20.h-7.none.seed-42.with_adj.loggrowth.quant.exp-nodecay-regpre-init10,nhs_timeseries,7,42,none,loggrowth,nodecay-regpre-init10,save_attn,2.9066760540008545,2.9124257564544678,0.9460977911949158,5.392817497253418,0.95550137758255,1.280926574539813,0.19700447525059056,0.25234826765175233,1.198446058846668,0.7894371083379412,0.0043877363204956055,0.5021938681602478,2.0,1.051264964267001,0.0006369274832852185,0.7019134528801972,-11.512925148010254,-0.034322988241910934,0.08484715223312378,0.5833333333333334
MSAGAT-Net.nhs_timeseries.w-20.h-7.none.seed-42.with_adj.loggrowth.quant.exp-nodecay-regpre-lrx10,nhs_timeseries,7,42,none,loggrowth,nodecay-regpre-lrx10,save_attn,2.0481131076812744,1.5431338548660278,0.9082794189453125,5.456331729888916,-1.1657898426055908,0.2713060057498436,0.19700447525059056,0.053448497295081644,0.9617279162403941,0.9444245130119301,0.004462301731109619,0.5022311210632324,2.0,0.5030909847683033,0.029551023681499804,0.6926814196899056,-11.512925148010254,-0.0400925949215889,0.11933815479278564,0.6666666666666666
MSAGAT-Net.nhs_timeseries.w-20.h-7.none.seed-42.with_adj.loggrowth.quant.exp-nodecay-regpre-multgate,nhs_timeseries,7,42,none,loggrowth,nodecay-regpre-multgate,save_attn,0.3126547932624817,0.2883451282978058,9.627803228795528e-05,0.0004114150651730597,0.06047477573156357,0.7238416485931961,0.19700447525059056,0.14260004414562497,0.14269632217791292,0.0006747057724999836,0.0017457902431488037,0.5008729100227356,2.0,0.2778286087495321,0.14301578628028502,0.6826889837856468,-11.512925148010254,-0.049132559448480606,0.12734045088291168,0.6666666666666666
MSAGAT-Net.nhs_timeseries.w-20.h-7.none.seed-42.with_adj.loggrowth.quant.exp-nodecay-regpre-rank16,nhs_timeseries,7,42,none,loggrowth,nodecay-regpre-rank16,save_attn,0.7772238850593567,0.7242208123207092,0.49085551500320435,2.669755697250366,0.4844185411930084,0.9644067231220748,0.19700447525059056,0.1899924404168059,0.6808479554200102,0.7209473291293048,0.024742841720581055,0.5123714208602905,2.0,0.19679272295767375,0.2521959130684601,0.6588683522610904,-11.512925148010254,0.01199446339160204,0.12476547807455063,0.5
MSAGAT-Net.nhs_timeseries.w-20.h-7.none.seed-42.with_adj.loggrowth.quant.exp-nodecay-regpre-rank2,nhs_timeseries,7,42,none,loggrowth,nodecay-regpre-rank2,save_attn,1.155466079711914,1.1449202299118042,0.2791896462440491,1.8806215524673462,0.35244739055633545,0.8848185638846117,0.19700447525059056,0.17431321687006907,0.45350286311411814,0.6156292913497982,0.09027954936027527,0.5451397895812988,2.0,0.1840727794822779,0.27568139213970444,0.6535795094406053,-11.512925148010254,0.021067747846245766,0.13697530329227448,0.4791666666666667
MSAGAT-Net.nhs_timeseries.w-20.h-7.none.seed-42.with_adj.loggrowth.quant.exp-nodecay-regpre-renewal_lag0.renewal,nhs_timeseries,7,42,none,loggrowth,nodecay-regpre-renewal_lag0,save_attn,1.3579356670379639,1.4978177547454834,1.588343620300293,5.104253768920898,1.3528512716293335,1.582773514828538,0.19700447525059056,0.31181346572932894,1.900157086029622,0.8359012167878903,0.039317965507507324,0.5196589827537537,2.0,0.3220428372587068,0.10494699552438869,0.7071197668900441,-11.512925148010254,-0.02954055368900299,0.11410701274871826,0.6041666666666666
MSAGAT-Net.nhs_timeseries.w-20.h-7.none.seed-42.with_adj.loggrowth.quant.exp-nodecay-regpre-renewres-renewal_lag0.renewal7,nhs_timeseries,7,42,none,loggrowth,nodecay-regpre-renewres-renewal_lag0,save_attn,1.0289149284362793,0.9159829616546631,1.1206871271133423,2.736189603805542,1.2870599031448364,1.530853798235339,0.19700447525059056,0.3015850492067264,1.4222721763200687,0.7879554601236483,0.03472903370857239,0.517364501953125,2.0,0.17693063959037175,0.289814424273823,0.680243341001105,-11.512925148010254,-0.036469537764787674,0.11195475608110428,0.6041666666666666
MSAGAT-Net.nhs_timeseries.w-20.h-7.none.seed-42.with_adj.loggrowth.quant.exp-nodecay-regpre-renewres.renewal7,nhs_timeseries,7,42,none,loggrowth,nodecay-regpre-renewres,save_attn,0.9611114263534546,0.8723905086517334,1.0923749208450317,2.6858971118927,1.27595055103302,1.522158448392163,0.19700447525059056,0.2998720263737512,1.392246947218783,0.784612904360976,0.03682279586791992,0.51841139793396,2.0,0.17112610910775966,0.30183258677137775,0.6857737102315885,-11.512925148010254,-0.03570166602730751,0.11346205323934555,0.6041666666666666
MSAGAT-Net.nhs_timeseries.w-20.h-7.none.seed-42.with_adj.loggrowth.quant.exp-nodecay-regpre-reniter-giunif.renewal7,nhs_timeseries,7,42,none,loggrowth,nodecay-regpre-reniter-giunif,save_attn,1.3354209661483765,1.4047486782073975,1.9251614809036255,5.906040191650391,1.3671844005584717,1.5941792709265032,0.19700447525059056,0.3140604507242448,2.2392219316278705,0.8597457240444545,0.06381314992904663,0.5319065451622009,2.0,0.2700904258392513,0.15097621352885465,0.6586023760078582,-11.512925148010254,-0.03581056371331215,0.11280766874551773,0.5833333333333334
MSAGAT-Net.nhs_timeseries.w-20.h-7.none.seed-42.with_adj.loggrowth.quant.exp-nodecay-regpre-reniter-renewres.renewal7,nhs_timeseries,7,42,none,loggrowth,nodecay-regpre-reniter-renewres,save_attn,1.2964608669281006,1.3183622360229492,1.510934829711914,5.879718780517578,1.2567287683486938,1.5071632659476382,0.19700447525059056,0.2969179083249807,1.8078527380368947,0.8357621159744477,0.03164669871330261,0.5158233642578125,2.0,0.20084683256640706,0.24513950361756293,0.6723126195374924,-11.512925148010254,-0.04336214438080788,0.1119581088423729,0.625
MSAGAT-Net.nhs_timeseries.w-20.h-7.none.seed-42.with_adj.loggrowth.quant.exp-nodecay-regpre-reniter.renewal14,nhs_timeseries,7,42,none,loggrowth,nodecay-regpre-reniter,save_attn,1.7941292524337769,1.407987356185913,1.9924174547195435,6.022863388061523,1.383865475654602,1.6074952762499137,0.19700447525059056,0.31668376336541737,2.309101218084961,0.8628541005976095,0.01087239384651184,0.5054361820220947,2.0,0.4407540948885536,0.045717292351385906,0.7015805662296335,-11.512925148010254,-0.035689640790224075,0.10241007804870605,0.6458333333333334
MSAGAT-Net.nhs_timeseries.w-20.h-7.none.seed-42.with_adj.loggrowth.quant.exp-nodecay-regpre-reniter.renewal7.gifix5.2-1.72,nhs_timeseries,7,42,none,loggrowth,nodecay-regpre-reniter,save_attn,1.8907078504562378,1.7387977838516235,2.481844186782837,9.946922302246094,1.5128657817840576,1.7119443231624523,0.19700447525059056,0.33726069304284634,2.8191048798256833,0.8803660355255387,0.015018075704574585,0.5075090527534485,2.0,0.842937008114836,0.0027379137415231136,0.7522048245301314,-11.512925148010254,-0.03706512227654457,0.09688987582921982,0.5625
MSAGAT-Net.nhs_timeseries.w-20.h-7.none.seed-42.with_adj.loggrowth.quant.exp-nodecay-regpre-reniter.renewal7,nhs_timeseries,7,42,none,loggrowth,nodecay-regpre-reniter,save_attn,1.2960314750671387,1.5855573415756226,2.0354690551757812,6.398039817810059,1.346113681793213,1.5774235664883176,0.19700447525059056,0.3107595019639461,2.3462285571397272,0.8675493480725548,0.057079434394836426,0.5285397171974182,2.0,0.22160120805503,0.21199163632506515,0.6528822973221567,-11.512925148010254,-0.04827523231506348,0.11558902263641357,0.6354166666666666
MSAGAT-Net.nhs_timeseries.w-20.h-7.none.seed-42.with_adj.loggrowth.quant.exp-nodecay-regpre-scorenorm,nhs_timeseries,7,42,none,loggrowth,nodecay-regpre-scorenorm,save_attn,0.7117113471031189,0.5469521880149841,0.19119282066822052,0.8619555830955505,0.10544492304325104,0.7472588276580259,0.19700447525059056,0.14721333321914087,0.3384061538873614,0.5649803305050389,0.007305026054382324,0.5036525130271912,2.0,0.487113409930192,0.03304801187667108,0.6894862528467867,-11.512925148010254,-0.0466524101793766,0.12197545915842056,0.6979166666666666
MSAGAT-Net.nhs_timeseries.w-20.h-7.none.seed-42.with_adj.loggrowth.quant.exp-nodecay-regpre-temp,nhs_timeseries,7,42,none,loggrowth,nodecay-regpre-temp,save_attn,0.6374331712722778,0.6144786477088928,0.211637482047081,0.8293612003326416,0.6530026197433472,1.072029103806532,0.19700447525059056,0.2111945310487667,0.4228320130958477,0.5005237907544785,0.12635815143585205,0.563179075717926,2.0,0.142883481063147,0.3678116224318744,0.6816564442622233,-11.512925148010254,-0.046790897846221924,0.13051749765872955,0.6666666666666666
MSAGAT-Net.nhs_timeseries.w-20.h-7.none.seed-42.with_adj.loggrowth.quant.exp-nodecay-regpre,nhs_timeseries,7,42,none,loggrowth,nodecay-regpre,save_attn,1.3359673023223877,1.421282172203064,0.9468536376953125,3.9321165084838867,0.25346043705940247,0.8278862697459765,0.19700447525059056,0.16309730013847495,1.1099509378337875,0.8530590005565647,0.027819186449050903,0.5139095783233643,2.0,1.1162635152788793,0.00040410144624726773,0.7112270859960649,-11.512925148010254,-0.01454454567283392,0.08743507415056229,0.5729166666666666
MSAGAT-Net.nhs_timeseries.w-20.h-7.none.seed-42.with_adj.loggrowth.quant.exp-nodecay-regpre.renewal,nhs_timeseries,7,42,none,loggrowth,nodecay-regpre,save_attn,1.3579356670379639,1.4978177547454834,1.588343620300293,5.104253768920898,1.3528512716293335,1.582773514828538,0.19700447525059056,0.31181346572932894,1.900157086029622,0.8359012167878903,0.039317965507507324,0.5196589827537537,2.0,0.3220428372587068,0.10494699552438869,0.7071197668900441,-11.512925148010254,-0.02954055368900299,0.11410701274871826,0.6041666666666666
MSAGAT-Net.nhs_timeseries.w-20.h-7.none.seed-42.with_adj.loggrowth.quant.exp-nodecay-regpre.renewal21,nhs_timeseries,7,42,none,loggrowth,nodecay-regpre,save_attn,1.5726137161254883,1.5781553983688354,1.7933104038238525,5.9336347579956055,1.344382405281067,1.5760500554219523,0.19700447525059056,0.31048891413706586,2.1037993179609185,0.8524151464988574,0.023979246616363525,0.5119896531105042,2.0,0.4746219460909816,0.03606784168734936,0.7197173206407285,-11.512925148010254,-0.03203644976019859,0.11245635896921158,0.625
MSAGAT-Net.nhs_timeseries.w-20.h-7.none.seed-42.with_adj.loggrowth.quant.exp-nodecay-regpre.renewal7,nhs_timeseries,7,42,none,loggrowth,nodecay-regpre,save_attn,1.4816827774047852,1.311530351638794,1.6355575323104858,5.32997465133667,1.3663365840911865,1.5935036830712475,0.19700447525059056,0.31392735689333445,1.9494848892038203,0.8389690740195765,0.05503198504447937,0.5275160074234009,2.0,0.3945954058079533,0.06315471050449217,0.7073464538309957,-11.512925148010254,-0.030865073204040527,0.10918930172920227,0.59375
MSAGAT-Net.nhs_timeseries.w-20.h-14.none.seed-1000.with_adj.loggrowth.quant.exp-nodecay-regpre-reniter-giunif.renewal7,nhs_timeseries,14,1000,none,loggrowth,nodecay-regpre-reniter-giunif,save_renewal,1.7133147716522217,1.5581765174865723,2.319272518157959,9.642776489257812,1.3353168964385986,1.568865957989908,0.19700447525059056,0.3090736147923169,2.6283461329502757,0.8824075676648468,0.13233402371406555,0.5661669969558716,2.0,0.1272475709824477,0.16839110592274725,0.6788065569423146,-11.512925148010254,0.0006946486537344754,0.13790449500083923,0.4791666666666667
MSAGAT-Net.nhs_timeseries.w-20.h-14.none.seed-1000.with_adj.loggrowth.quant.exp-nodecay-regpre-reniter.renewal7.gifix5.2-1.72,nhs_timeseries,14,1000,none,loggrowth,nodecay-regpre-reniter,save_renewal,1.613447904586792,1.5765851736068726,2.3967032432556152,8.817298889160156,1.3082455396652222,1.5474937995786098,0.19700447525059056,0.3048632039395266,2.701566447195142,0.8871531720953797,0.11629119515419006,0.5581455826759338,2.0,0.13247341808058397,0.1565111769833447,0.6781751824209432,-11.512925148010254,0.004775128792971373,0.13339181244373322,0.4479166666666667
MSAGAT-Net.nhs_timeseries.w-20.h-14.none.seed-1000.with_adj.loggrowth.quant.exp-nodecay-regpre-reniter.renewal7,nhs_timeseries,14,1000,none,loggrowth,nodecay-regpre-reniter,save_renewal,1.2398245334625244,1.3928070068359375,1.9162375926971436,7.224684238433838,1.3065327405929565,1.5461456966647553,0.19700447525059056,0.3045976216323989,2.2208352143295427,0.8628454647751272,0.021173298358917236,0.510586678981781,2.0,0.11729129024258284,0.1935773580120626,0.6661472821376989,-11.512925148010254,0.0025583107490092516,0.1345999836921692,0.46875
MSAGAT-Net.nhs_timeseries.w-20.h-14.none.seed-123.with_adj.loggrowth.quant.exp-nodecay-regpre-reniter-giunif.renewal7,nhs_timeseries,14,123,none,loggrowth,nodecay-regpre-reniter-giunif,save_renewal,1.5209836959838867,1.2715673446655273,1.6476423740386963,7.005491256713867,1.240433692932129,1.4945011269707005,0.19700447525059056,0.2944234102802791,1.9420657843189755,0.8483967882769097,0.015233039855957031,0.5076165199279785,2.0,0.119166909543747,0.18856043118852747,0.6562571449187585,-11.512925148010254,0.0017281193286180496,0.12672999501228333,0.5
MSAGAT-Net.nhs_timeseries.w-20.h-14.none.seed-123.with_adj.loggrowth.quant.exp-nodecay-regpre-reniter.renewal7.gifix5.2-1.72,nhs_timeseries,14,123,none,loggrowth,nodecay-regpre-reniter,save_renewal,1.8197617530822754,1.7241970300674438,1.9061955213546753,9.68936824798584,1.2544476985931396,1.5053879876178708,0.19700447525059056,0.29656817054920115,2.2027636919038764,0.8653654172532353,0.057588815689086914,0.5287944078445435,2.0,0.15788379272685407,0.10965972703798799,0.6793910085889717,-11.512925148010254,0.007801511790603399,0.12881261110305786,0.5520833333333334
MSAGAT-Net.nhs_timeseries.w-20.h-14.none.seed-123.with_adj.loggrowth.quant.exp-nodecay-regpre-reniter.renewal7,nhs_timeseries,14,123,none,loggrowth,nodecay-regpre-reniter,save_renewal,1.842385172843933,1.472163438796997,1.8395816087722778,8.315767288208008,1.2343708276748657,1.4898017311779623,0.19700447525059056,0.29349760827813587,2.1330792170504136,0.8624066064063108,0.050604045391082764,0.5253020524978638,2.0,0.12464448726036363,0.17464100332633536,0.6639172968363122,-11.512925148010254,0.004231625702232122,0.1398780792951584,0.5208333333333334
MSAGAT-Net.nhs_timeseries.w-20.h-14.none.seed-30.with_adj.loggrowth.quant.exp-nodecay-regpre-reniter-giunif.renewal7,nhs_timeseries,14,30,none,loggrowth,nodecay-regpre-reniter-giunif,save_renewal,1.7037307024002075,1.3628668785095215,1.3356258869171143,5.531182289123535,1.235392451286316,1.4905931542095434,0.19700447525059056,0.2936535221571737,1.629279409074288,0.8197647864929322,0.09763151407241821,0.5488157272338867,2.0,0.11318361819650793,0.20503580537051175,0.6557222195606732,-11.512925148010254,-0.00819650012999773,0.11442933231592178,0.5520833333333334
MSAGAT-Net.nhs_timeseries.w-20.h-14.none.seed-30.with_adj.loggrowth.quant.exp-nodecay-regpre-reniter.renewal7.gifix5.2-1.72,nhs_timeseries,14,30,none,loggrowth,nodecay-regpre-reniter,save_renewal,1.5043140649795532,1.197184443473816,1.8720139265060425,5.633619785308838,1.2319023609161377,1.4878902318417868,0.19700447525059056,0.29312103435447073,2.165134960860513,0.8646176614145235,0.06308913230895996,0.53154456615448,2.0,0.12795040797294227,0.16674231009506985,0.6530387982427027,-11.512925148010254,-0.0028531625866889954,0.12513089179992676,0.5416666666666666
MSAGAT-Net.nhs_timeseries.w-20.h-14.none.seed-30.with_adj.loggrowth.quant.exp-nodecay-regpre-reniter.renewal7,nhs_timeseries,14,30,none,loggrowth,nodecay-regpre-reniter,save_renewal,1.6859294176101685,1.3282897472381592,1.3898489475250244,5.522302627563477,1.2403429746627808,1.4944307630141043,0.19700447525059056,0.2944095482659333,1.6842584957909577,0.8251993093686766,0.08596765995025635,0.5429838299751282,2.0,0.11395816452302317,0.2028244802369976,0.6550466537989853,-11.512925148010254,-0.009581316262483597,0.11536622792482376,0.5520833333333334
MSAGAT-Net.nhs_timeseries.w-20.h-14.none.seed-45.with_adj.loggrowth.quant.exp-nodecay-regpre-reniter-giunif.renewal7,nhs_timeseries,14,45,none,loggrowth,nodecay-regpre-reniter-giunif,save_renewal,1.5921635627746582,1.9734055995941162,2.289081573486328,8.65080738067627,1.3371151685714722,1.57028995029082,0.19700447525059056,0.3093541476483189,2.598435721134647,0.8809460071949616,0.1219651997089386,0.5609825849533081,2.0,0.14546651480655795,0.13048053671460882,0.6275701678751393,-11.512925148010254,-0.015252928249537945,0.13695655763149261,0.5729166666666666
MSAGAT-Net.nhs_timeseries.w-20.h-14.none.seed-45.with_adj.loggrowth.quant.exp-nodecay-regpre-reniter.renewal7.gifix5.2-1.72,nhs_timeseries,14,45,none,loggrowth,nodecay-regpre-reniter,save_renewal,1.7761929035186768,2.1145412921905518,2.5363128185272217,10.035293579101562,1.2941731214523315,1.5364323490767866,0.19700447525059056,0.30268404868790455,2.8389968672151262,0.8933834509705472,0.16286203265190125,0.5814310312271118,2.0,0.17853685407124625,0.0821247409108092,0.649335110240458,-11.512925148010254,-0.009324436075985432,0.14023184776306152,0.5625
MSAGAT-Net.nhs_timeseries.w-20.h-14.none.seed-45.with_adj.loggrowth.quant.exp-nodecay-regpre-reniter.renewal7,nhs_timeseries,14,45,none,loggrowth,nodecay-regpre-reniter,save_renewal,1.9139076471328735,2.268580436706543,2.46689772605896,9.957886695861816,1.3813588619232178,1.605491463732697,0.19700447525059056,0.3162890033319625,2.7831867293909225,0.8863572465361749,0.15352243185043335,0.5767612457275391,2.0,0.15629631543198386,0.11212416383714237,0.6181134468939861,-11.512925148010254,-0.006339594721794128,0.1296130269765854,0.5625
MSAGAT-Net.nhs_timeseries.w-20.h-3.none.seed-1000.with_adj.loggrowth.quant.exp-nodecay-regpre-reniter-giunif.renewal7,nhs_timeseries,3,1000,none,loggrowth,nodecay-regpre-reniter-giunif,save_renewal,2.005169153213501,2.0634472370147705,1.9910892248153687,9.490808486938477,1.4956225156784058,1.697835788855767,0.19700447525059056,0.33448124864520284,2.3255704734605716,0.8561723876088446,0.06750032305717468,0.5337501764297485,2.0,0.4607631919777175,0.25100320376366364,0.619696587925978,-11.512925148010254,0.01200206857174635,0.08653294295072556,0.4791666666666667
MSAGAT-Net.nhs_timeseries.w-20.h-3.none.seed-1000.with_adj.loggrowth.quant.exp-nodecay-regpre-reniter.renewal7.gifix5.2-1.72,nhs_timeseries,3,1000,none,loggrowth,nodecay-regpre-reniter,save_renewal,2.335960865020752,2.2110953330993652,1.9415013790130615,7.969517230987549,1.5009418725967407,1.70218339512018,0.19700447525059056,0.3353377465359197,2.2768391255489813,0.8527178566228018,0.013832062482833862,0.5069160461425781,2.0,0.49769754404578603,0.22467673748597256,0.6169368877784894,-11.512925148010254,-0.006230308208614588,0.07862913608551025,0.4375
MSAGAT-Net.nhs_timeseries.w-20.h-3.none.seed-1000.with_adj.loggrowth.quant.exp-nodecay-regpre-reniter.renewal7,nhs_timeseries,3,1000,none,loggrowth,nodecay-regpre-reniter,save_renewal,1.8413236141204834,1.959798812866211,1.8080203533172607,7.135007858276367,1.4811452627182007,1.6860247427996544,0.19700447525059056,0.33215441971475784,2.1401747730320184,0.8448003294402964,0.06586688756942749,0.5329334735870361,2.0,0.2983055310108979,0.4086416807827937,0.5994267833464293,-11.512925148010254,0.016945742070674896,0.09537117928266525,0.4375
MSAGAT-Net.nhs_timeseries.w-20.h-3.none.seed-123.with_adj.loggrowth.quant.exp-nodecay-regpre-reniter-giunif.renewal7,nhs_timeseries,3,123,none,loggrowth,nodecay-regpre-reniter-giunif,save_renewal,1.442697525024414,1.646377444267273,1.8890645503997803,4.408665657043457,1.4243847131729126,1.640025380460558,0.19700447525059056,0.3230923394752824,2.2121568898750628,0.8539469144552718,0.043283164501190186,0.5216415524482727,2.0,0.28544276952161507,0.42471865879661513,0.6126880902033318,-11.512925148010254,0.005559373646974564,0.11570584774017334,0.4583333333333333
MSAGAT-Net.nhs_timeseries.w-20.h-3.none.seed-123.with_adj.loggrowth.quant.exp-nodecay-regpre-reniter.renewal7.gifix5.2-1.72,nhs_timeseries,3,123,none,loggrowth,nodecay-regpre-reniter,save_renewal,1.5061606168746948,1.4006839990615845,1.8258659839630127,5.298412322998047,1.4882298707962036,1.691800677592993,0.19700447525059056,0.33329230471780114,2.159158288680814,0.8456378550544186,0.07540282607078552,0.537701427936554,2.0,0.3266755231360351,0.3753011271901189,0.5950726117197984,-11.512925148010254,0.002441922901198268,0.12153878062963486,0.4583333333333333
MSAGAT-Net.nhs_timeseries.w-20.h-3.none.seed-123.with_adj.loggrowth.quant.exp-nodecay-regpre-reniter.renewal7,nhs_timeseries,3,123,none,loggrowth,nodecay-regpre-reniter,save_renewal,2.055701971054077,2.5139122009277344,1.9033774137496948,14.645846366882324,1.7882429361343384,1.9428967355685802,0.19700447525059056,0.38275935185677357,2.2861367656064684,0.8325737297894185,0.030202746391296387,0.5151013731956482,2.0,0.9097778464381222,0.06526277024807543,0.5134521242398479,-11.512925148010254,-0.0034001029562205076,0.05523471161723137,0.4166666666666667
MSAGAT-Net.nhs_timeseries.w-20.h-3.none.seed-30.with_adj.loggrowth.quant.exp-nodecay-regpre-reniter-giunif.renewal7,nhs_timeseries,3,30,none,loggrowth,nodecay-regpre-reniter-giunif,save_renewal,2.5857908725738525,2.1941850185394287,1.9348121881484985,10.688521385192871,1.5663373470306396,1.7559725743103276,0.19700447525059056,0.3459344555564347,2.280746643704933,0.8483240317326587,0.02014791965484619,0.5100739598274231,2.0,0.758401714375417,0.10277582251901038,0.6377802809273514,-11.512925148010254,0.017024585977196693,0.0873093381524086,0.53125
MSAGAT-Net.nhs_timeseries.w-20.h-3.none.seed-30.with_adj.loggrowth.quant.exp-nodecay-regpre-reniter.renewal7.gifix5.2-1.72,nhs_timeseries,3,30,none,loggrowth,nodecay-regpre-reniter,save_renewal,2.6731550693511963,2.010080575942993,1.9273345470428467,11.585380554199219,1.575217604637146,1.763324487263155,0.19700447525059056,0.34738281530979453,2.274717362352641,0.8472852842910947,0.01725524663925171,0.5086275935173035,2.0,0.6731152153789497,0.1327422971025013,0.6191279834610708,-11.512925148010254,-0.00577217573300004,0.08005673438310623,0.6041666666666666
MSAGAT-Net.nhs_timeseries.w-20.h-3.none.seed-30.with_adj.loggrowth.quant.exp-nodecay-regpre-reniter.renewal7,nhs_timeseries,3,30,none,loggrowth,nodecay-regpre-reniter,save_renewal,2.1976659297943115,1.8760212659835815,1.795444130897522,7.585335731506348,1.5532318353652954,1.7451432047044086,0.19700447525059056,0.34380102127992596,2.139245152177448,0.8392886290147787,0.0400204062461853,0.5200101733207703,2.0,0.5887619714359607,0.17096679642137896,0.6191164861725692,-11.512925148010254,0.011423148214817047,0.0647563710808754,0.4791666666666667
MSAGAT-Net.nhs_timeseries.w-20.h-3.none.seed-45.with_adj.loggrowth.quant.exp-nodecay-regpre-reniter-giunif.renewal7,nhs_timeseries,3,45,none,loggrowth,nodecay-regpre-reniter-giunif,save_renewal,1.5032070875167847,1.4621667861938477,2.001006603240967,5.79902982711792,1.3957494497299194,1.6170091216959979,0.19700447525059056,0.3185580334951384,2.3195646367361054,0.8626647309370148,0.0409621000289917,0.5204810500144958,2.0,0.476466982656586,0.23945232368765426,0.6378268348619163,-11.512925148010254,0.022416358813643456,0.08182045817375183,0.34375
MSAGAT-Net.nhs_timeseries.w-20.h-3.none.seed-45.with_adj.loggrowth.quant.exp-nodecay-regpre-reniter.renewal7.gifix5.2-1.72,nhs_timeseries,3,45,none,loggrowth,nodecay-regpre-reniter,save_renewal,1.3497328758239746,1.2643412351608276,1.7366408109664917,5.173099994659424,1.4206255674362183,1.6369965210090311,0.19700447525059056,0.3224956406084265,2.0591364515749184,0.8433830646037237,0.045705944299697876,0.5228529572486877,2.0,0.4033092146635569,0.2982188565756284,0.6521404851267002,-11.512925148010254,-0.000708030245732516,0.08001207560300827,0.4895833333333333
MSAGAT-Net.nhs_timeseries.w-20.h-3.none.seed-45.with_adj.loggrowth.quant.exp-nodecay-regpre-reniter.renewal7,nhs_timeseries,3,45,none,loggrowth,nodecay-regpre-reniter,save_renewal,1.5584849119186401,1.5578274726867676,1.8430217504501343,6.501237392425537,1.503953456878662,1.7046466880102429,0.19700447525059056,0.3358230262591151,2.1788447767092496,0.8458710644058293,0.03734502196311951,0.518672525882721,2.0,0.5547162891219034,0.18935175287192713,0.620003597511645,-11.512925148010254,0.03165863826870918,0.06856673955917358,0.375
MSAGAT-Net.nhs_timeseries.w-20.h-7.none.seed-1000.with_adj.loggrowth.quant.exp-nodecay-regpre-reniter-giunif.renewal7,nhs_timeseries,7,1000,none,loggrowth,nodecay-regpre-reniter-giunif,save_renewal,2.298895835876465,1.7613564729690552,2.333099126815796,9.158254623413086,1.4788801670074463,1.6841796536369023,0.19700447525059056,0.3317909288924593,2.664890055708255,0.8754954531119378,0.05362787842750549,0.5268139243125916,2.0,0.25602518810218816,0.16659720656359683,0.677735726459094,-11.512925148010254,-0.07299835234880447,0.11879564076662064,0.625
MSAGAT-Net.nhs_timeseries.w-20.h-7.none.seed-1000.with_adj.loggrowth.quant.exp-nodecay-regpre-reniter.renewal7.gifix5.2-1.72,nhs_timeseries,7,1000,none,loggrowth,nodecay-regpre-reniter,save_renewal,1.6454997062683105,1.492993950843811,2.3860487937927246,8.945161819458008,1.466813564300537,1.6743636034641511,0.19700447525059056,0.329857123079143,2.7159059168718676,0.8785461893101707,0.033223956823349,0.5166119933128357,2.0,0.20976009125197242,0.23031193753948523,0.6975126322596117,-11.512925148010254,-0.07013607025146484,0.13555729389190674,0.5729166666666666
MSAGAT-Net.nhs_timeseries.w-20.h-7.none.seed-1000.with_adj.loggrowth.quant.exp-nodecay-regpre-reniter.renewal7,nhs_timeseries,7,1000,none,loggrowth,nodecay-regpre-reniter,save_renewal,1.2399933338165283,1.6097354888916016,1.8402806520462036,4.975862979888916,1.3430019617080688,1.574955230516032,0.19700447525059056,0.3102732287309838,2.1505538807771876,0.8557240385817004,0.0653928816318512,0.5326964259147644,2.0,0.13697689003684133,0.3833379778415768,0.6277038692569687,-11.512925148010254,-0.06906285881996155,0.12976998090744019,0.625
MSAGAT-Net.nhs_timeseries.w-20.h-7.none.seed-123.with_adj.loggrowth.quant.exp-nodecay-regpre-reniter-giunif.renewal7,nhs_timeseries,7,123,none,loggrowth,nodecay-regpre-reniter-giunif,save_renewal,1.665461778640747,1.9588679075241089,2.167876958847046,7.132620811462402,1.3576635122299194,1.586599187038709,0.19700447525059056,0.3125671402755745,2.48044409912262,0.8739874281439621,0.09355500340461731,0.5467774868011475,2.0,0.18451744578091261,0.274824622679501,0.6719481193397707,-11.512925148010254,0.0017998708644881845,0.11196974664926529,0.4791666666666667
MSAGAT-Net.nhs_timeseries.w-20.h-7.none.seed-123.with_adj.loggrowth.quant.exp-nodecay-regpre-reniter.renewal7.gifix5.2-1.72,nhs_timeseries,7,123,none,loggrowth,nodecay-regpre-reniter,save_renewal,1.4642237424850464,1.43377685546875,2.2633464336395264,7.624892234802246,1.4311408996582031,1.645474598302755,0.19700447525059056,0.32416585977681056,2.587512293416337,0.8747191035182257,0.054234713315963745,0.5271173715591431,2.0,0.26562895119920005,0.15576564788582012,0.710142555411601,-11.512925148010254,0.0031390583608299494,0.13290663063526154,0.53125
MSAGAT-Net.nhs_timeseries.w-20.h-7.none.seed-123.with_adj.loggrowth.quant.exp-nodecay-regpre-reniter.renewal7,nhs_timeseries,7,123,none,loggrowth,nodecay-regpre-reniter,save_renewal,1.560059905052185,1.7577911615371704,2.1076011657714844,5.995243549346924,1.3595927953720093,1.5881340024505621,0.19700447525059056,0.3128695057803931,2.4204706715518776,0.870740220297816,0.08330729603767395,0.5416536331176758,2.0,0.1858047112539588,0.27235934077783747,0.6786614579848583,-11.512925148010254,-0.0005646875943057239,0.12103885412216187,0.5
MSAGAT-Net.nhs_timeseries.w-20.h-7.none.seed-30.with_adj.loggrowth.quant.exp-nodecay-regpre-reniter-giunif.renewal7,nhs_timeseries,7,30,none,loggrowth,nodecay-regpre-reniter-giunif,save_renewal,1.7736529111862183,1.8546618223190308,2.206157922744751,9.459893226623535,1.2748459577560425,1.5212950260083047,0.19700447525059056,0.29970192830009956,2.5058598510448507,0.8803995649736217,0.06688430905342102,0.5334421396255493,2.0,0.15775431824444477,0.33144936447295115,0.6024246660680528,-11.512925148010254,-0.024267112836241722,0.10974457114934921,0.5416666666666666
MSAGAT-Net.nhs_timeseries.w-20.h-7.none.seed-30.with_adj.loggrowth.quant.exp-nodecay-regpre-reniter.renewal7.gifix5.2-1.72,nhs_timeseries,7,30,none,loggrowth,nodecay-regpre-reniter,save_renewal,1.1348289251327515,1.2891024351119995,1.9345492124557495,5.589714050292969,1.3280764818191528,1.5631379143817068,0.19700447525059056,0.3079451645670707,2.2424943770228203,0.8626773972223266,0.043646931648254395,0.5218234658241272,2.0,0.1377444013371255,0.38128398678816544,0.647263845513789,-11.512925148010254,-0.031888388097286224,0.1315845400094986,0.5
MSAGAT-Net.nhs_timeseries.w-20.h-7.none.seed-30.with_adj.loggrowth.quant.exp-nodecay-regpre-reniter.renewal7,nhs_timeseries,7,30,none,loggrowth,nodecay-regpre-reniter,save_renewal,1.7066149711608887,1.5603278875350952,2.175565004348755,8.503177642822266,1.2387648820877075,1.4932069737638118,0.19700447525059056,0.2941684563068621,2.469733460655617,0.880890605811053,0.055294036865234375,0.5276470184326172,2.0,0.18113716031276664,0.28140506865410087,0.6078994328463069,-11.512925148010254,-0.025925226509571075,0.11033007502555847,0.53125
MSAGAT-Net.nhs_timeseries.w-20.h-7.none.seed-45.with_adj.loggrowth.quant.exp-nodecay-regpre-reniter-giunif.renewal7,nhs_timeseries,7,45,none,loggrowth,nodecay-regpre-reniter-giunif,save_renewal,1.3409017324447632,1.4318196773529053,1.796805739402771,5.8978800773620605,1.303133487701416,1.5434716838337061,0.19700447525059056,0.3040708291378047,2.100876568540576,0.8552647815244877,0.0405726432800293,0.5202863216400146,2.0,0.1714111481478919,0.30123094869147216,0.6852352803410238,-11.512925148010254,-0.023119017481803894,0.11068052053451538,0.5416666666666666
MSAGAT-Net.nhs_timeseries.w-20.h-7.none.seed-45.with_adj.loggrowth.quant.exp-nodecay-regpre-reniter.renewal7.gifix5.2-1.72,nhs_timeseries,7,45,none,loggrowth,nodecay-regpre-reniter,save_renewal,1.5905147790908813,1.6332666873931885,2.07204270362854,7.302504062652588,1.313143253326416,1.5513513820387401,0.19700447525059056,0.30562316494782044,2.3776658685763605,0.8714608436000245,0.0021514296531677246,0.5010757446289062,2.0,0.1944272272178599,0.25640665710489874,0.6949826869770147,-11.512925148010254,-0.018398528918623924,0.11988645792007446,0.5520833333333334
MSAGAT-Net.nhs_timeseries.w-20.h-7.none.seed-45.with_adj.loggrowth.quant.exp-nodecay-regpre-reniter.renewal7,nhs_timeseries,7,45,none,loggrowth,nodecay-regpre-reniter,save_renewal,1.654735803604126,2.2659683227539062,2.5144901275634766,12.84681224822998,1.3662045001983643,1.5933984416719398,0.19700447525059056,0.3139066238666892,2.828396751430166,0.88901605699131,0.03852805495262146,0.5192640423774719,2.0,0.29510703972954666,0.12672330398945308,0.676732074222794,-11.512925148010254,-0.027511360123753548,0.11450076103210449,0.6041666666666666
