{
  "japan": {
    "msagat": {
      "2": {
        "mae": {
          "mean": 333.48876953125,
          "std": 23.027816507183758,
          "min": 294.948974609375,
          "max": 374.2698974609375,
          "n": 10
        },
        "rmse": {
          "mean": 1018.8825909174378,
          "std": 30.504256676222298,
          "min": 955.7756339748362,
          "max": 1082.4998845265527,
          "n": 10
        },
        "pcc": {
          "mean": 0.8844003677368164,
          "std": 0.01627124845981598,
          "min": 0.8577508926391602,
          "max": 0.9119289517402649,
          "n": 10
        }
      },
      "5": {
        "mae": {
          "mean": 418.1538940429688,
          "std": 27.5311462482719,
          "min": 375.34423828125,
          "max": 478.2096252441406,
          "n": 10
        },
        "rmse": {
          "mean": 1187.2456440552633,
          "std": 52.64663495232361,
          "min": 1082.6573788599974,
          "max": 1250.5639227964318,
          "n": 10
        },
        "pcc": {
          "mean": 0.8544133901596069,
          "std": 0.02002076804637909,
          "min": 0.8281047344207764,
          "max": 0.8938493728637695,
          "n": 10
        }
      },
      "10": {
        "mae": {
          "mean": 495.7346649169922,
          "std": 51.622175910039175,
          "min": 436.2908935546875,
          "max": 624.7233276367188,
          "n": 10
        },
        "rmse": {
          "mean": 1360.7594719588728,
          "std": 73.36959161811886,
          "min": 1249.1340000176122,
          "max": 1449.2291054212235,
          "n": 10
        },
        "pcc": {
          "mean": 0.8188072443008423,
          "std": 0.021553698927164078,
          "min": 0.783860445022583,
          "max": 0.8423333168029785,
          "n": 10
        }
      },
      "15": {
        "mae": {
          "mean": 543.5538696289062,
          "std": 57.4635116571333,
          "min": 467.0877990722656,
          "max": 640.039306640625,
          "n": 10
        },
        "rmse": {
          "mean": 1423.4925157379466,
          "std": 55.72506292550204,
          "min": 1333.1053971835836,
          "max": 1543.7064163888158,
          "n": 10
        },
        "pcc": {
          "mean": 0.7678523063659668,
          "std": 0.03941483423113823,
          "min": 0.6880447864532471,
          "max": 0.8148201704025269,
          "n": 10
        }
      }
    },
    "episig": {
      "2": {
        "mae": {
          "mean": 264.57294921875,
          "std": 22.973815392926877,
          "min": 243.5302734375,
          "max": 326.29901123046875,
          "n": 10
        },
        "rmse": {
          "mean": 877.9565538671623,
          "std": 43.434312722739456,
          "min": 825.6500090837521,
          "max": 972.0524034227784,
          "n": 10
        },
        "pcc": {
          "mean": 0.9173076748847961,
          "std": 0.0067173088900744915,
          "min": 0.9036790728569031,
          "max": 0.9261868000030518,
          "n": 10
        }
      },
      "5": {
        "mae": {
          "mean": 346.70811462402344,
          "std": 16.832398139357483,
          "min": 324.16046142578125,
          "max": 365.7740173339844,
          "n": 10
        },
        "rmse": {
          "mean": 1062.8609503454784,
          "std": 44.798858587092745,
          "min": 999.153172691755,
          "max": 1137.2831661464088,
          "n": 10
        },
        "pcc": {
          "mean": 0.881607711315155,
          "std": 0.014198578894138336,
          "min": 0.8555632829666138,
          "max": 0.9016846418380737,
          "n": 10
        }
      },
      "10": {
        "mae": {
          "mean": 451.3782012939453,
          "std": 20.052150007747084,
          "min": 414.7101135253906,
          "max": 475.2391052246094,
          "n": 10
        },
        "rmse": {
          "mean": 1303.4100818346183,
          "std": 54.164066242047895,
          "min": 1210.9400790295117,
          "max": 1384.2073544090133,
          "n": 10
        },
        "pcc": {
          "mean": 0.8393291234970093,
          "std": 0.01714993827044964,
          "min": 0.8145104050636292,
          "max": 0.8662919998168945,
          "n": 10
        }
      },
      "15": {
        "mae": {
          "mean": 483.7606689453125,
          "std": 30.761457538540807,
          "min": 443.11083984375,
          "max": 541.80810546875,
          "n": 10
        },
        "rmse": {
          "mean": 1264.3512674256199,
          "std": 48.55110770341326,
          "min": 1176.9292140991317,
          "max": 1343.0144731163548,
          "n": 10
        },
        "pcc": {
          "mean": 0.8161188364028931,
          "std": 0.02176004648208618,
          "min": 0.7725679278373718,
          "max": 0.8429916501045227,
          "n": 10
        }
      }
    }
  }
}