{
  "australia-covid": {
    "episig_v3": {
      "3": {
        "mae": {
          "mean": 79.97678108215332,
          "std": 62.89152286751857,
          "min": 33.729061126708984,
          "max": 258.73992919921875,
          "n": 10
        },
        "rmse": {
          "mean": 252.96377345347142,
          "std": 173.34801583409688,
          "min": 131.6692782243641,
          "max": 747.822380315005,
          "n": 10
        },
        "pcc": {
          "mean": 0.9962247014045715,
          "std": 0.005931245628744364,
          "min": 0.9785805344581604,
          "max": 0.9991534948348999,
          "n": 10
        },
        "r2": {
          "mean": 0.974909883737564,
          "std": 0.04192185263266838,
          "min": 0.8507941365242004,
          "max": 0.9953745007514954,
          "n": 10
        }
      },
      "7": {
        "mae": {
          "mean": 150.76820678710936,
          "std": 31.855137066395656,
          "min": 115.72145080566406,
          "max": 220.2937469482422,
          "n": 10
        },
        "rmse": {
          "mean": 448.5369819621137,
          "std": 75.41645335945236,
          "min": 358.26982237553864,
          "max": 609.0810444842296,
          "n": 10
        },
        "pcc": {
          "mean": 0.9918307065963745,
          "std": 0.002422597724944353,
          "min": 0.985669732093811,
          "max": 0.9948758482933044,
          "n": 10
        },
        "r2": {
          "mean": 0.9448058545589447,
          "std": 0.019234082975468542,
          "min": 0.9010218977928162,
          "max": 0.9657540321350098,
          "n": 10
        }
      },
      "14": {
        "mae": {
          "mean": 196.94150085449218,
          "std": 44.13691384971125,
          "min": 152.7959442138672,
          "max": 317.9952697753906,
          "n": 10
        },
        "rmse": {
          "mean": 575.7612291537496,
          "std": 97.8625349833293,
          "min": 481.32442606312844,
          "max": 839.5326825085489,
          "n": 10
        },
        "pcc": {
          "mean": 0.986167311668396,
          "std": 0.0022172345779836178,
          "min": 0.9801055788993835,
          "max": 0.9880759716033936,
          "n": 10
        },
        "r2": {
          "mean": 0.9089996933937072,
          "std": 0.03462850079474828,
          "min": 0.8119539022445679,
          "max": 0.9381891489028931,
          "n": 10
        }
      }
    }
  }
}