{
  "spain-covid": {
    "episig_v3": {
      "3": {
        "mae": [
          17.044178009033203,
          13.547356605529785,
          16.41140365600586,
          14.730670928955078,
          20.232177734375,
          15.948938369750977,
          15.784224510192871,
          17.068485260009766,
          16.05906867980957,
          16.483184814453125
        ],
        "rmse": [
          177.29340970549356,
          137.8506253952988,
          141.65598458501498,
          134.52545356269943,
          134.05928754892366,
          152.96257967637052,
          148.74401904992683,
          132.59800326079574,
          133.0114098724241,
          133.83597557971848
        ],
        "pcc": [
          0.1909598857164383,
          0.6527790427207947,
          0.6398584842681885,
          0.6798267364501953,
          0.6758440732955933,
          0.6547357439994812,
          0.6372007727622986,
          0.6808966994285583,
          0.6787256598472595,
          0.6728972792625427
        ],
        "r2": [
          0.036212384700775146,
          0.41734206676483154,
          0.3847295641899109,
          0.44511228799819946,
          0.4489513039588928,
          0.28259140253067017,
          0.32161659002304077,
          0.4608989953994751,
          0.4575321674346924,
          0.4507855772972107
        ]
      },
      "7": {
        "mae": [
          25.279796600341797,
          22.219024658203125,
          25.462411880493164,
          20.912343978881836,
          23.361541748046875,
          26.31578254699707,
          32.49198913574219,
          30.091259002685547,
          30.0685977935791,
          24.076902389526367
        ],
        "rmse": [
          163.4158745253196,
          164.99640147591097,
          165.78108211584336,
          169.18606851998777,
          175.25067425868866,
          240.16320134702153,
          202.79244893178344,
          160.47981643924882,
          164.53960389523246,
          157.775812567231
        ],
        "pcc": [
          0.535351574420929,
          0.46168002486228943,
          0.5130602717399597,
          0.38469359278678894,
          0.24941770732402802,
          0.5123545527458191,
          0.5113464593887329,
          0.5216500163078308,
          0.42614877223968506,
          0.4987133741378784
        ],
        "r2": [
          0.18118709325790405,
          0.16527169942855835,
          0.1573132872581482,
          0.12234187126159668,
          0.05829352140426636,
          -0.7685164213180542,
          -0.26095545291900635,
          0.21034568548202515,
          0.16988730430603027,
          0.23673200607299805
        ]
      },
      "14": {
        "mae": [
          48.54958724975586,
          38.31108856201172,
          42.510108947753906,
          36.94388198852539,
          44.83074188232422,
          37.96788787841797,
          51.977298736572266,
          41.857749938964844,
          40.54014205932617,
          49.910133361816406
        ],
        "rmse": [
          193.57299374202486,
          180.93528172215335,
          203.23675771744638,
          204.51123135417282,
          198.83447497227436,
          190.82112861263556,
          236.9002377716198,
          191.07454165521372,
          182.43288577583812,
          212.22861346906078
        ],
        "pcc": [
          0.3108040988445282,
          0.31983843445777893,
          0.4017851650714874,
          0.3130631148815155,
          0.34864383935928345,
          0.36202937364578247,
          -0.25074395537376404,
          0.37560635805130005,
          0.38074153661727905,
          0.3307262659072876
        ],
        "r2": [
          -0.14890921115875244,
          -0.003789663314819336,
          -0.26648688316345215,
          -0.28242063522338867,
          -0.21221470832824707,
          -0.11647522449493408,
          -0.7207871675491333,
          -0.11944258213043213,
          -0.020475149154663086,
          -0.3810330629348755
        ]
      }
    }
  }
}