{
  "spain-covid": {
    "msagat": {
      "3": {
        "mae": {
          "mean": 20.85423526763916,
          "std": 2.745551534085043,
          "min": 17.086606979370117,
          "max": 26.564897537231445,
          "n": 10
        },
        "rmse": {
          "mean": 147.58684478109868,
          "std": 22.316697029576073,
          "min": 128.17313120346245,
          "max": 205.83736184485556,
          "n": 10
        },
        "pcc": {
          "mean": 0.5647004842758179,
          "std": 0.30115053057670593,
          "min": -0.334991991519928,
          "max": 0.707281768321991,
          "n": 10
        }
      },
      "7": {
        "mae": {
          "mean": 32.77847137451172,
          "std": 6.299653837269359,
          "min": 20.858230590820312,
          "max": 41.30900955200195,
          "n": 10
        },
        "rmse": {
          "mean": 182.46867581767006,
          "std": 18.676076191441332,
          "min": 155.12075689200978,
          "max": 204.4475119835162,
          "n": 10
        },
        "pcc": {
          "mean": 0.5038496255874634,
          "std": 0.020839417353272438,
          "min": 0.4757058322429657,
          "max": 0.538574755191803,
          "n": 10
        }
      },
      "14": {
        "mae": {
          "mean": 36.95063591003418,
          "std": 4.252084243689472,
          "min": 30.719482421875,
          "max": 45.228179931640625,
          "n": 10
        },
        "rmse": {
          "mean": 188.79251550485554,
          "std": 10.069657561773045,
          "min": 171.2612165578506,
          "max": 211.05355140935202,
          "n": 10
        },
        "pcc": {
          "mean": 0.27618855237960815,
          "std": 0.15113556385040283,
          "min": -0.11366577446460724,
          "max": 0.38206589221954346,
          "n": 10
        }
      }
    },
    "episig": {
      "3": {
        "mae": {
          "mean": 14.603545379638671,
          "std": 0.9177508640915716,
          "min": 12.920344352722168,
          "max": 15.78665542602539,
          "n": 10
        },
        "rmse": {
          "mean": 146.48014034088823,
          "std": 12.63194925431876,
          "min": 131.78153530322447,
          "max": 166.60269801049142,
          "n": 10
        },
        "pcc": {
          "mean": 0.6713679432868958,
          "std": 0.016173599287867546,
          "min": 0.6410166025161743,
          "max": 0.6957062482833862,
          "n": 10
        }
      },
      "7": {
        "mae": {
          "mean": 27.38968391418457,
          "std": 3.677483891916284,
          "min": 19.74699592590332,
          "max": 32.998294830322266,
          "n": 10
        },
        "rmse": {
          "mean": 182.10526087313383,
          "std": 27.55710933367049,
          "min": 157.10009995620626,
          "max": 237.2530541821327,
          "n": 10
        },
        "pcc": {
          "mean": 0.3754440248012543,
          "std": 0.2762482464313507,
          "min": -0.33585324883461,
          "max": 0.5202905535697937,
          "n": 10
        }
      },
      "14": {
        "mae": {
          "mean": 43.495828247070314,
          "std": 5.9547838525247165,
          "min": 27.33446502685547,
          "max": 50.50126647949219,
          "n": 10
        },
        "rmse": {
          "mean": 208.55079467330955,
          "std": 9.037164267958595,
          "min": 193.72341551487781,
          "max": 223.35243135849225,
          "n": 10
        },
        "pcc": {
          "mean": 0.37157267332077026,
          "std": 0.010168710723519325,
          "min": 0.35457444190979004,
          "max": 0.3881518840789795,
          "n": 10
        }
      }
    }
  }
}