{
  "state360": {
    "msagat": {
      "2": {
        "mae": {
          "mean": 58.23984985351562,
          "std": 3.3796835427377085,
          "min": 51.907958984375,
          "max": 63.430362701416016,
          "n": 10
        },
        "rmse": {
          "mean": 139.0191297782682,
          "std": 7.644462420146434,
          "min": 128.34653865365829,
          "max": 151.63291534368454,
          "n": 10
        },
        "pcc": {
          "mean": 0.9499202966690063,
          "std": 0.005702670197933912,
          "min": 0.9405840039253235,
          "max": 0.9574682712554932,
          "n": 10
        }
      },
      "5": {
        "mae": {
          "mean": 94.52926025390624,
          "std": 3.510089931227622,
          "min": 87.5726089477539,
          "max": 100.50774383544922,
          "n": 10
        },
        "rmse": {
          "mean": 214.64230454543812,
          "std": 7.190776821622505,
          "min": 201.38489268065766,
          "max": 225.15967424530086,
          "n": 10
        },
        "pcc": {
          "mean": 0.8815104365348816,
          "std": 0.010308991186320782,
          "min": 0.8624870181083679,
          "max": 0.893818736076355,
          "n": 10
        }
      },
      "10": {
        "mae": {
          "mean": 108.01496047973633,
          "std": 4.74406801406539,
          "min": 101.3082275390625,
          "max": 117.12684631347656,
          "n": 10
        },
        "rmse": {
          "mean": 243.848749201408,
          "std": 11.377352659288755,
          "min": 225.35877645434624,
          "max": 260.07902945547147,
          "n": 10
        },
        "pcc": {
          "mean": 0.8412654995918274,
          "std": 0.016746528446674347,
          "min": 0.8143396377563477,
          "max": 0.8687745332717896,
          "n": 10
        }
      },
      "15": {
        "mae": {
          "mean": 108.66130752563477,
          "std": 4.115375920279323,
          "min": 102.93706512451172,
          "max": 117.6147689819336,
          "n": 10
        },
        "rmse": {
          "mean": 236.32803173260746,
          "std": 7.962613532420392,
          "min": 225.5714964262994,
          "max": 251.9480120605241,
          "n": 10
        },
        "pcc": {
          "mean": 0.8502750396728516,
          "std": 0.009023129940032959,
          "min": 0.8359583020210266,
          "max": 0.8617734909057617,
          "n": 10
        }
      }
    },
    "episig": {
      "2": {
        "mae": {
          "mean": 54.30082321166992,
          "std": 3.107916270470186,
          "min": 51.06782531738281,
          "max": 61.660762786865234,
          "n": 10
        },
        "rmse": {
          "mean": 138.47784510030084,
          "std": 6.920142303600682,
          "min": 131.0254105245429,
          "max": 154.93952323205013,
          "n": 10
        },
        "pcc": {
          "mean": 0.950356662273407,
          "std": 0.005061965435743332,
          "min": 0.9378552436828613,
          "max": 0.9558542966842651,
          "n": 10
        }
      },
      "5": {
        "mae": {
          "mean": 88.0749397277832,
          "std": 3.9837850122839398,
          "min": 81.53095245361328,
          "max": 98.0682601928711,
          "n": 10
        },
        "rmse": {
          "mean": 215.53343303368828,
          "std": 12.265081062210962,
          "min": 191.36592687505788,
          "max": 236.41389817436706,
          "n": 10
        },
        "pcc": {
          "mean": 0.8831218481063843,
          "std": 0.012911072932183743,
          "min": 0.8638654947280884,
          "max": 0.9077011346817017,
          "n": 10
        }
      },
      "10": {
        "mae": {
          "mean": 103.20476684570312,
          "std": 7.077748277496372,
          "min": 91.31459045410156,
          "max": 111.37258911132812,
          "n": 10
        },
        "rmse": {
          "mean": 245.4157701684106,
          "std": 21.09018365012158,
          "min": 209.69639511684505,
          "max": 265.8008976423895,
          "n": 10
        },
        "pcc": {
          "mean": 0.8368633389472961,
          "std": 0.027722584083676338,
          "min": 0.8055585622787476,
          "max": 0.8820509910583496,
          "n": 10
        }
      },
      "15": {
        "mae": {
          "mean": 106.56804580688477,
          "std": 7.840454750519849,
          "min": 98.36614990234375,
          "max": 125.61980438232422,
          "n": 10
        },
        "rmse": {
          "mean": 243.59891497594032,
          "std": 20.778309695319173,
          "min": 220.48365691984972,
          "max": 293.9834444743445,
          "n": 10
        },
        "pcc": {
          "mean": 0.8421996235847473,
          "std": 0.023426629602909088,
          "min": 0.7898179888725281,
          "max": 0.8691204786300659,
          "n": 10
        }
      }
    }
  }
}