{
  "spain-covid": {
    "episig_v3": {
      "3": {
        "mae": {
          "mean": 16.330968856811523,
          "std": 1.647116416775262,
          "min": 13.547356605529785,
          "max": 20.232177734375,
          "n": 10
        },
        "rmse": {
          "mean": 142.6536748236666,
          "std": 13.338346268506687,
          "min": 132.59800326079574,
          "max": 177.29340970549356,
          "n": 10
        },
        "pcc": {
          "mean": 0.6163724660873413,
          "std": 0.14267730712890625,
          "min": 0.1909598857164383,
          "max": 0.6808966994285583,
          "n": 10
        },
        "r2": {
          "mean": 0.3705772340297699,
          "std": 0.12576814785948895,
          "min": 0.036212384700775146,
          "max": 0.4608989953994751,
          "n": 10
        }
      },
      "7": {
        "mae": {
          "mean": 26.027964973449706,
          "std": 3.566191077402799,
          "min": 20.912343978881836,
          "max": 32.49198913574219,
          "n": 10
        },
        "rmse": {
          "mean": 176.43809840762677,
          "std": 24.429545712888604,
          "min": 157.775812567231,
          "max": 240.16320134702153,
          "n": 10
        },
        "pcc": {
          "mean": 0.46144166588783264,
          "std": 0.08385348320007324,
          "min": 0.24941770732402802,
          "max": 0.535351574420929,
          "n": 10
        },
        "r2": {
          "mean": 0.027190059423446655,
          "std": 0.29727561740554864,
          "min": -0.7685164213180542,
          "max": 0.23673200607299805,
          "n": 10
        }
      },
      "14": {
        "mae": {
          "mean": 43.33986206054688,
          "std": 5.029080887635297,
          "min": 36.94388198852539,
          "max": 51.977298736572266,
          "n": 10
        },
        "rmse": {
          "mean": 199.45481467924395,
          "std": 15.548856560240766,
          "min": 180.93528172215335,
          "max": 236.9002377716198,
          "n": 10
        },
        "pcc": {
          "mean": 0.2892494201660156,
          "std": 0.18237265944480896,
          "min": -0.25074395537376404,
          "max": 0.4017851650714874,
          "n": 10
        },
        "r2": {
          "mean": -0.22720342874526978,
          "std": 0.19868534594729445,
          "min": -0.7207871675491333,
          "max": -0.003789663314819336,
          "n": 10
        }
      }
    }
  }
}