{
  "japan": {
    "episig_v3": {
      "2": {
        "mae": {
          "mean": 288.71152648925784,
          "std": 20.474406752638824,
          "min": 268.31201171875,
          "max": 336.9924011230469,
          "n": 10
        },
        "rmse": {
          "mean": 928.7012032857969,
          "std": 36.81253204430331,
          "min": 873.633289773232,
          "max": 993.146735130313,
          "n": 10
        },
        "pcc": {
          "mean": 0.9115692377090454,
          "std": 0.009152639657258987,
          "min": 0.8921024799346924,
          "max": 0.9244005680084229,
          "n": 10
        },
        "r2": {
          "mean": 0.7948534071445466,
          "std": 0.01625879129881117,
          "min": 0.7657620310783386,
          "max": 0.818745493888855,
          "n": 10
        }
      },
      "5": {
        "mae": {
          "mean": 391.6249694824219,
          "std": 33.44538555937861,
          "min": 329.25531005859375,
          "max": 451.74102783203125,
          "n": 10
        },
        "rmse": {
          "mean": 1150.6152592032806,
          "std": 73.53260527526132,
          "min": 962.7192282799799,
          "max": 1233.5375956978369,
          "n": 10
        },
        "pcc": {
          "mean": 0.8633893728256226,
          "std": 0.03058903105556965,
          "min": 0.8195584416389465,
          "max": 0.911288857460022,
          "n": 10
        },
        "r2": {
          "mean": 0.6843100011348724,
          "std": 0.03846849463805143,
          "min": 0.6386439800262451,
          "max": 0.7798950672149658,
          "n": 10
        }
      },
      "10": {
        "mae": {
          "mean": 469.188232421875,
          "std": 19.994502924625852,
          "min": 442.073974609375,
          "max": 504.2008972167969,
          "n": 10
        },
        "rmse": {
          "mean": 1330.7038901544138,
          "std": 32.159862062972,
          "min": 1295.7595263010803,
          "max": 1399.309785215554,
          "n": 10
        },
        "pcc": {
          "mean": 0.8280869722366333,
          "std": 0.011001672595739365,
          "min": 0.809446394443512,
          "max": 0.8432267308235168,
          "n": 10
        },
        "r2": {
          "mean": 0.5792279303073883,
          "std": 0.020555551237621556,
          "min": 0.53499436378479,
          "max": 0.6012696623802185,
          "n": 10
        }
      },
      "15": {
        "mae": {
          "mean": 484.190234375,
          "std": 21.4311122957933,
          "min": 444.5160217285156,
          "max": 527.9638671875,
          "n": 10
        },
        "rmse": {
          "mean": 1378.9800105661357,
          "std": 74.65658349415791,
          "min": 1249.9513490532343,
          "max": 1534.4063184176478,
          "n": 10
        },
        "pcc": {
          "mean": 0.7925851345062256,
          "std": 0.02431131899356842,
          "min": 0.7456574440002441,
          "max": 0.8462835550308228,
          "n": 10
        },
        "r2": {
          "mean": 0.5470841944217681,
          "std": 0.04946341451915891,
          "min": 0.4408720135688782,
          "max": 0.6289634704589844,
          "n": 10
        }
      }
    }
  }
}