{
  "australia-covid": {
    "msagat": {
      "3": {
        "mae": [
          52.54144287109375,
          62.32498550415039,
          72.17239379882812,
          74.62478637695312,
          49.802127838134766,
          65.5141372680664,
          42.03219223022461,
          48.45843505859375,
          70.09709167480469,
          43.98778533935547
        ],
        "rmse": [
          189.524425371771,
          193.39922884735088,
          224.6027482718099,
          241.64130344634793,
          161.54699514576245,
          207.86131945362033,
          107.78014460146404,
          164.6618279326602,
          221.1148333587098,
          152.3160391464077
        ],
        "pcc": [
          