{
  "japan": {
    "episig_v3": {
      "2": {
        "mae": [
          336.9924011230469,
          296.3579406738281,
          268.31201171875,
          269.64996337890625,
          270.1052551269531,
          277.23785400390625,
          306.3544616699219,
          279.82220458984375,
          282.68353271484375,
          299.5996398925781
        ],
        "rmse": [
          993.146735130313,
          967.7088275922671,
          878.192283899147,
          873.633289773232,
          896.7429955120921,
          931.2130529583442,
          957.8253363740176,
          923.9075981936721,
          918.7536734620439,
          945.8882399628404
        ],
        "pcc": [
          0.8921024799346924,
          0.908312201499939,
          0.9244005680084229,
          0.9234884977340698,
          0.9186899065971375,
          0.9151003360748291,
          0.912723183631897,
          0.9042277932167053,
          0.9093142747879028,
          0.9073327779769897
        ],
        "r2": [
          0.7657620310783386,
          0.7776076793670654,
          0.8168488144874573,
          0.818745493888855,
          0.8090294599533081,
          0.7940657734870911,
          0.7821271419525146,
          0.7972842454910278,
          0.7995395660400391,
          0.7875238656997681
        ]
      },
      "5": {
        "mae": [
          393.07635498046875,
          392.4286193847656,
          409.4479675292969,
          361.88970947265625,
          366.85174560546875,
          451.74102783203125,
          329.25531005859375,
          420.5295104980469,
          373.1766357421875,
          417.8528137207031
        ],
        "rmse": [
          1140.5066856445867,
          1177.3038053111015,
          1153.545404394643,
          1112.977257180038,
          1161.0770323281743,
          1200.3727546058349,
          962.7192282799799,
          1233.5375956978369,
          1131.621347889832,
          1232.4914807007794
        ],
        "pcc": [
          0.8796907663345337,
          0.8444983959197998,
          0.848415732383728,
          0.9073309898376465,
          0.8902550935745239,
          0.8355498313903809,
          0.911288857460022,
          0.8339464068412781,
          0.8633596897125244,
          0.8195584416389465
        ],
        "r2": [
          0.691094160079956,
          0.6708396077156067,
          0.6839907169342041,
          0.7058268785476685,
          0.679850697517395,
          0.6578136086463928,
          0.7798950672149658,
          0.6386439800262451,
          0.6958885788917542,
          0.6392567157745361
        ]
      },
      "10": {
        "mae": [
          465.1103210449219,
          495.0353698730469,
          474.4233093261719,
          504.2008972167969,
          451.42974853515625,
          487.7265930175781,
          442.073974609375,
          448.34918212890625,
          469.5496520996094,
          453.9832763671875
        ],
        "rmse": [
          1314.9397324592485,
          1339.3551620089422,
          1298.8538697636466,
          1347.5249997680933,
          1311.9327821957952,
          1373.3096427972825,
          1313.8611037701055,
          1312.192297264391,
          1399.309785215554,
          1295.7595263010803
        ],
        "pcc": [
          0.8318197131156921,
          0.809446394443512,
          0.8207378387451172,
          0.8236615657806396,
          0.8432267308235168,
          0.8302961587905884,
          0.8407472372055054,
          0.8410820364952087,
          0.8136443495750427,
          0.8262072801589966
        ],
        "r2": [
          0.5893780589103699,
          0.5739878416061401,
          0.5993629693984985,
          0.5687748193740845,
          0.5912538766860962,
          0.5521141290664673,
          0.5900514125823975,
          0.5910921692848206,
          0.53499436378479,
          0.6012696623802185
        ]
      },
      "15": {
        "mae": [
          490.6816711425781,
          495.75067138671875,
          444.5160217285156,
          466.75927734375,
          479.4049072265625,
          527.9638671875,
          493.42462158203125,
          472.3887634277344,
          499.1484680175781,
          471.86407470703125
        ],
        "rmse": [
          1312.8176282332593,
          1448.7637833684275,
          1249.9513490532343,
          1332.3301017390547,
          1431.0627170043947,
          1534.4063184176478,
          1383.486582876755,
          1354.325477867119,
          1366.3781046986958,
          1376.2780424027696
        ],
        "pcc": [
          0.7984620332717896,
          0.7456574440002441,
          0.8462835550308228,
          0.7976499795913696,
          0.7723349332809448,
          0.7981246709823608,
          0.7935922741889954,
          0.7898032665252686,
          0.7794370055198669,
          0.8045057058334351
        ],
        "r2": [
          0.5907022953033447,
          0.5015453696250916,
          0.6289634704589844,
          0.5784450769424438,
          0.5136512517929077,
          0.4408720135688782,
          0.5454514026641846,
          0.5644113421440125,
          0.5566239356994629,
          0.5501757860183716
        ]
      }
    }
  }
}