{
  "spain-covid": {
    "msagat": {
      "3": {
        "mae": [
          19.055767059326172,
          23.834217071533203,
          26.564897537231445,
          22.796913146972656,
          18.52452278137207,
          21.28155517578125,
          18.221094131469727,
          20.580448150634766,
          20.596330642700195,
          17.086606979370117
        ],
        "rmse": [
          128.4329606862078,
          205.83736184485556,
          135.8264992209731,
          141.63967956799746,
          128.17313120346245,
          140.3304902163995,
          145.54176805989405,
          140.16443328952963,
          139.97604426740313,
          169.94607945426395
        ],
        "pcc": [
          0.7062256932258606,
          -0.334991991519928,
          0.6684209704399109,
          0.6275456547737122,
          0.707281768321991,
          0.634171187877655,
          0.6278814673423767,
          0.6794970035552979,
          0.6722599267959595,
          0.6587132215499878
        ],
        "r2": []
      },
      "7": {
        "mae": [
          40.188175201416016,
          31.046024322509766,
          40.826934814453125,
          29.424976348876953,
          41.30900955200195,
          30.650358200073242,
          27.373516082763672,
          30.391843795776367,
          20.858230590820312,
          35.71564483642578
        ],
        "rmse": [
          204.4475119835162,
          203.27001554275043,
          178.38676489758146,
          159.72366273505,
          198.31942353183663,
          185.3140703980677,
          156.1359083459023,
          183.140261736053,
          155.12075689200978,
          200.8283821139333
        ],
        "pcc": [
          0.5086875557899475,
          0.48961561918258667,
          0.47935160994529724,
          0.5153893232345581,
          0.4906904399394989,
          0.4757058322429657,
          0.538574755191803,
          0.5124301314353943,
          0.5356089472770691,
          0.4924421012401581
        ],
        "r2": []
      },
      "14": {
        "mae": [
          32.0831184387207,
          41.64495849609375,
          32.68513107299805,
          38.38259506225586,
          30.719482421875,
          37.028953552246094,
          37.23517608642578,
          45.228179931640625,
          35.349754333496094,
          39.149009704589844
        ],
        "rmse": [
          183.25234480082375,
          192.48417142715917,
          185.21808302984348,
          197.63505074062647,
          171.2612165578506,
          185.48900742362065,
          191.43096013968065,
          188.91751672356907,
          181.18325279602968,
          211.05355140935202
        ],
        "pcc": [
          0.38206589221954346,
          0.340105801820755,
          0.3487413823604584,
          -0.11366577446460724,
          0.33750051259994507,
          0.17867021262645721,
          0.3738795816898346,
          0.16204655170440674,
          0.3761078715324402,
          0.3764335513114929
        ],
        "r2": []
      }
    },
    "episig": {
      "3": {
        "mae": [
          12.920344352722168,
          15.098424911499023,
          15.78665542602539,
          14.493358612060547,
          14.234846115112305,
          14.871872901916504,
          14.833545684814453,
          13.034331321716309,
          15.395964622497559,
          15.366109848022461
        ],
        "rmse": [
          133.66964583909842,
          136.2544078988823,
          166.53777372753908,
          137.0560018979468,
          153.7724958136207,
          166.60269801049142,
          155.10931125338672,
          131.78153530322447,
          146.87036561837448,
          137.14716804631803
        ],
        "pcc": [
          0.6728783249855042,
          0.6891586780548096,
          0.6539612412452698,
          0.6822015643119812,
          0.6667652130126953,
          0.6410166025161743,
          0.6556459069252014,
          0.6957062482833862,
          0.6792131066322327,
          0.6771324276924133
        ],
        "r2": []
      },
      "7": {
        "mae": [
          32.998294830322266,
          27.00204849243164,
          28.349302291870117,
          19.74699592590332,
          25.88763999938965,
          30.47597312927246,
          31.997739791870117,
          26.229320526123047,
          24.269336700439453,
          26.940187454223633
        ],
        "rmse": [
          237.2530541821327,
          218.51992364827973,
          159.4553045233209,
          157.10009995620626,
          159.19300270230158,
          190.13973069166792,
          201.62611399258282,
          158.26174299834753,
          158.70553018877445,
          180.7981058477245
        ],
        "pcc": [
          0.5037110447883606,
          -0.33585324883461,
          0.5202905535697937,
          0.5077461004257202,
          0.4889671206474304,
          0.03251790627837181,
          0.5072239637374878,
          0.5100140571594238,
          0.501958966255188,
          0.5178641080856323
        ],
        "r2": []
      },
      "14": {
        "mae": [
          43.77293395996094,
          48.27692794799805,
          46.168949127197266,
          41.06822967529297,
          46.28334426879883,
          44.22093963623047,
          43.68115997314453,
          50.50126647949219,
          27.33446502685547,
          43.65006637573242
        ],
        "rmse": [
          215.23441073048704,
          194.92134832093174,
          213.48608524620522,
          200.1484507653007,
          214.09187754618344,
          212.4838321055275,
          223.35243135849225,
          210.72674656708864,
          207.33934857800148,
          193.72341551487781
        ],
        "pcc": [
          0.3734108507633209,
          0.36013394594192505,
          0.3780742287635803,
          0.37637290358543396,
          0.37989938259124756,
          0.3712887465953827,
          0.37579232454299927,
          0.3580279052257538,
          0.3881518840789795,
          0.35457444190979004
        ],
        "r2": []
      }
    }
  }
}