{
  "australia-covid": {
    "msagat": {
      "3": {
        "mae": [
          52.54144287109375,
          62.32498550415039,
          72.17239379882812,
          74.62478637695312,
          49.802127838134766,
          65.5141372680664,
          42.03219223022461,
          48.45843505859375,
          70.09709167480469,
          43.98778533935547
        ],
        "rmse": [
          189.524425371771,
          193.39922884735088,
          224.6027482718099,
          241.64130344634793,
          161.54699514576245,
          207.86131945362033,
          107.78014460146404,
          164.6618279326602,
          221.1148333587098,
          152.3160391464077
        ],
        "pcc": [
          0.9980152249336243,
          0.9979149103164673,
          0.9981762766838074,
          0.9973887205123901,
          0.999021053314209,
          0.9981783628463745,
          0.9987984299659729,
          0.998495876789093,
          0.998086154460907,
          0.9985897541046143
        ],
        "r2": []
      },
      "7": {
        "mae": [
          98.9644546508789,
          121.66656494140625,
          139.10047912597656,
          107.72216796875,
          148.58193969726562,
          141.88755798339844,
          133.51754760742188,
          153.4571533203125,
          150.11260986328125,
          95.45734405517578
        ],
        "rmse": [
          345.5062069811482,
          396.79018778820625,
          421.16831552242866,
          348.48568613000447,
          440.63273042864165,
          402.35535056091896,
          416.60455995464093,
          457.40012571052057,
          439.7613166537048,
          329.8717909089833
        ],
        "pcc": [
          0.993088960647583,
          0.9912053346633911,
          0.9924153089523315,
          0.9937512874603271,
          0.9926753044128418,
          0.9929803609848022,
          0.9915868639945984,
          0.9910339713096619,
          0.9922478199005127,
          0.9928604364395142
        ],
        "r2": []
      },
      "14": {
        "mae": [
          199.299072265625,
          190.03707885742188,
          200.65142822265625,
          230.72914123535156,
          220.32540893554688,
          264.3692321777344,
          195.59339904785156,
          216.21717834472656,
          189.89987182617188,
          220.38604736328125
        ],
        "rmse": [
          572.5670266440428,
          562.7963386074931,
          591.5695489543051,
          629.3087229254016,
          622.8778973442547,
          713.8269660779144,
          561.8584953082049,
          587.3570836807878,
          551.286393356484,
          632.5400679008405
        ],
        "pcc": [
          0.9860557317733765,
          0.9862021803855896,
          0.9855456352233887,
          0.9858390092849731,
          0.9843543171882629,
          0.9833472371101379,
          0.9879326820373535,
          0.9865602850914001,
          0.9877359867095947,
          0.985129714012146
        ],
        "r2": []
      }
    },
    "episig": {
      "3": {
        "mae": [
          71.60457611083984,
          69.591796875,
          38.99845886230469,
          150.69964599609375,
          89.88774871826172,
          84.70439910888672,
          100.71133422851562,
          77.96315002441406,
          64.5518569946289,
          92.71708679199219
        ],
        "rmse": [
          248.7533683817166,
          225.65092475713456,
          149.7904395522291,
          466.95017801688437,
          288.54042719348706,
          288.6626491252375,
          326.3674118229331,
          261.1252692674533,
          211.45663895051865,
          298.53038476007765
        ],
        "pcc": [
          0.9969814419746399,
          0.9977964162826538,
          0.9984853267669678,
          0.9933496713638306,
          0.9964791536331177,
          0.9957517385482788,
          0.9957475066184998,
          0.9967232942581177,
          0.9981781244277954,
          0.9963563084602356
        ],
        "r2": []
      },
      "7": {
        "mae": [
          58.29296112060547,
          172.48587036132812,
          176.39891052246094,
          198.97918701171875,
          144.34344482421875,
          297.701904296875,
          83.5069808959961,
          171.73165893554688,
          200.48550415039062,
          117.47969818115234
        ],
        "rmse": [
          215.4614778504501,
          531.1591687055774,
          495.7717783920339,
          573.0194968323503,
          458.060107955277,
          830.6088128595795,
          300.69817196817144,
          504.6569224483104,
          587.333433834649,
          376.83652374073296
        ],
        "pcc": [
          0.9956505298614502,
          0.9882514476776123,
          0.9920679330825806,
          0.9903504848480225,
          0.9919127225875854,
          0.9777783155441284,
          0.9941497445106506,
          0.9920389652252197,
          0.9913078546524048,
          0.9935211539268494
        ],
        "r2": []
      },
      "14": {
        "mae": [
          149.8849334716797,
          203.61045837402344,
          177.6164093017578,
          178.1995391845703,
          202.24942016601562,
          124.8404769897461,
          178.67510986328125,
          242.82171630859375,
          232.63232421875,
          179.5940704345703
        ],
        "rmse": [
          504.14804373318754,
          590.7571677516913,
          563.854369496238,
          563.9029171763523,
          628.1151864905036,
          402.68309112129356,
          567.5679474741328,
          792.2158402228524,
          669.9039110200805,
          558.9525359992564
        ],
        "pcc": [
          0.98594069480896,
          0.9877738356590271,
          0.9830933213233948,
          0.9866442084312439,
          0.9850723743438721,
          0.9900954961776733,
          0.9860358834266663,
          0.9604431390762329,
          0.9934865832328796,
          0.9877210855484009
        ],
        "r2": []
      }
    }
  }
}