{
  "japan": {
    "msagat": {
      "2": {
        "mae": [
          323.6123962402344,
          294.948974609375,
          370.2322998046875,
          328.02587890625,
          331.6722412109375,
          374.2698974609375,
          333.4647521972656,
          313.6331787109375,
          344.2926025390625,
          320.7354736328125
        ],
        "rmse": [
          1019.4202089913658,
          955.7756339748362,
          1015.6648684482495,
          1014.9148671194052,
          1082.4998845265527,
          1006.1250543545767,
          1030.3466043036199,
          1003.0858014148141,
          1045.254215490184,
          1015.738770550775
        ],
        "pcc": [
          0.878584086894989,
          0.8914945125579834,
          0.8904701471328735,
          0.9119289517402649,
          0.8577508926391602,
          0.8778185844421387,
          0.8673883676528931,
          0.9078007936477661,
          0.871841311454773,
          0.8889260292053223
        ],
        "r2": []
      },
      "5": {
        "mae": [
          411.7220764160156,
          399.9593200683594,
          447.2006530761719,
          375.34423828125,
          403.7232666015625,
          478.2096252441406,
          435.26513671875,
          407.92230224609375,
          421.5558776855469,
          400.6364440917969
        ],
        "rmse": [
          1151.7763454768465,
          1221.9034331730147,
          1228.6329293161566,
          1128.07956279688,
          1153.8762390308589,
          1235.5845782462648,
          1250.5639227964318,
          1227.5550394992479,
          1191.8270113569336,
          1082.6573788599974
        ],
        "pcc": [
          0.8763316869735718,
          0.8541646003723145,
          0.8386167287826538,
          0.8757230639457703,
          0.8547613620758057,
          0.8378655910491943,
          0.8281047344207764,
          0.8398826122283936,
          0.8448339700698853,
          0.8938493728637695
        ],
        "r2": []
      },
      "10": {
        "mae": [
          475.48126220703125,
          436.2908935546875,
          452.1524963378906,
          532.9098510742188,
          501.7676696777344,
          502.36138916015625,
          624.7233276367188,
          456.8988342285156,
          464.3898620605469,
          510.3710632324219
        ],
        "rmse": [
          1347.1037914726542,
          1277.6196127956082,
          1249.1340000176122,
          1368.3147938248712,
          1430.130151419793,
          1449.2291054212235,
          1447.9997841850668,
          1256.9566917758145,
          1363.959081131102,
          1417.1477075449827
        ],
        "pcc": [
          0.8167183995246887,
          0.8408266305923462,
          0.8339716196060181,
          0.783860445022583,
          0.825426459312439,
          0.7883492708206177,
          0.7918890714645386,
          0.8423333168029785,
          0.8390146493911743,
          0.8256818056106567
        ],
        "r2": []
      },
      "15": {
        "mae": [
          495.0748596191406,
          581.3483276367188,
          523.4067993164062,
          520.019775390625,
          566.1126708984375,
          502.949951171875,
          500.4832763671875,
          467.0877990722656,
          640.039306640625,
          639.0159301757812
        ],
        "rmse": [
          1360.4818999163494,
          1468.153772600132,
          1431.155433557096,
          1415.1789639476697,
          1456.0157107668858,
          1392.1563759147175,
          1406.8335011649388,
          1333.1053971835836,
          1428.1376859392794,
          1543.7064163888158
        ],
        "pcc": [
          0.8017454147338867,
          0.7190439105033875,
          0.7760854959487915,
          0.7707652449607849,
          0.7357689142227173,
          0.76889967918396,
          0.8148201704025269,
          0.8058237433433533,
          0.7975260019302368,
          0.6880447864532471
        ],
        "r2": []
      }
    },
    "episig": {
      "2": {
        "mae": [
          246.9061737060547,
          267.2737121582031,
          270.2418518066406,
          262.046142578125,
          264.53448486328125,
          243.5302734375,
          270.8166198730469,
          244.4541015625,
          249.6271209716797,
          326.29901123046875
        ],
        "rmse": [
          825.6500090837521,
          921.9750877870833,
          890.1375947009541,
          877.0159633666881,
          841.7473269930829,
          838.5762860348485,
          908.5912172148705,
          855.8618828409172,
          847.9577672266468,
          972.0524034227784
        ],
        "pcc": [
          0.9246944189071655,
          0.9095684885978699,
          0.9172544479370117,
          0.9174717664718628,
          0.9261868000030518,
          0.9190601110458374,
          0.9120163917541504,
          0.92310631275177,
          0.9200395345687866,
          0.9036790728569031
        ],
        "r2": []
      },
      "5": {
        "mae": [
          324.2138671875,
          332.6904602050781,
          364.60162353515625,
          360.6332702636719,
          344.2158508300781,
          362.21148681640625,
          324.16046142578125,
          328.6926574707031,
          365.7740173339844,
          359.887451171875
        ],
        "rmse": [
          1021.4944015999305,
          1030.6957601542756,
          1058.0445406503452,
          1137.2831661464088,
          1103.0889583347303,
          1099.5729852992934,
          999.153172691755,
          1029.0902535735142,
          1115.6964753014147,
          1034.4897897031174
        ],
        "pcc": [
          0.8921444416046143,
          0.8884923458099365,
          0.8758882284164429,
          0.8594127893447876,
          0.8754064440727234,
          0.8849514722824097,
          0.9016846418380737,
          0.8885632753372192,
          0.8555632829666138,
          0.8939704298973083
        ],
        "r2": []
      },
      "10": {
        "mae": [
          421.58721923828125,
          439.5760803222656,
          460.03070068359375,
          471.9905700683594,
          473.2913818359375,
          475.2391052246094,
          454.42230224609375,
          444.72198486328125,
          414.7101135253906,
          458.2125549316406
        ],
        "rmse": [
          1233.9375490680231,
          1263.1625984013301,
          1307.8471814397888,
          1317.8409426027104,
          1345.7465400289907,
          1376.9830699758077,
          1384.2073544090133,
          1284.6887268906814,
          1210.9400790295117,
          1308.7467765003282
        ],
        "pcc": [
          0.8642057180404663,
          0.8442376255989075,
          0.8369271755218506,
          0.8204525709152222,
          0.8187518119812012,
          0.8145104050636292,
          0.8331308960914612,
          0.848216712474823,
          0.8662919998168945,
          0.8465660810470581
        ],
        "r2": []
      },
      "15": {
        "mae": [
          488.1305847167969,
          475.5496520996094,
          454.3061828613281,
          472.73297119140625,
          462.5506591796875,
          484.4427490234375,
          537.3941040039062,
          443.11083984375,
          477.5808410644531,
          541.80810546875
        ],
        "rmse": [
          1230.5311861143543,
          1230.5088378390462,
          1238.001817446162,
          1252.24478437724,
          1277.2261937495646,
          1265.2104568015552,
          1340.711844506492,
          1176.9292140991317,
          1289.133866206299,
          1343.0144731163548
        ],