{
  "australia-covid": {
    "msagat": {
      "3": {
        "mae": {
          "mean": 58.15553779602051,
          "std": 11.566594976927892,
          "min": 42.03219223022461,
          "max": 74.62478637695312,
          "n": 10
        },
        "rmse": {
          "mean": 186.44488655759045,
          "std": 38.299489011715124,
          "min": 107.78014460146404,
          "max": 241.64130344634793,
          "n": 10
        },
        "pcc": {
          "mean": 0.9982663989067078,
          "std": 0.0004488977137953043,
          "min": 0.9973887205123901,
          "max": 0.999021053314209,
          "n": 10
        }
      },
      "7": {
        "mae": {
          "mean": 129.04678192138672,
          "std": 20.614585477990538,
          "min": 95.45734405517578,
          "max": 153.4571533203125,
          "n": 10
        },
        "rmse": {
          "mean": 399.8576270639198,
          "std": 42.19890531828109,
          "min": 329.8717909089833,
          "max": 457.40012571052057,
          "n": 10
        },
        "pcc": {
          "mean": 0.9923846125602722,
          "std": 0.0008307056268677115,
          "min": 0.9910339713096619,
          "max": 0.9937512874603271,
          "n": 10
        }
      },
      "14": {
        "mae": {
          "mean": 212.75078582763672,
          "std": 21.852160090345805,
          "min": 189.89987182617188,
          "max": 264.3692321777344,
          "n": 10
        },
        "rmse": {
          "mean": 602.5988540799729,
          "std": 46.39577498548242,
          "min": 551.286393356484,
          "max": 713.8269660779144,
          "n": 10
        },
        "pcc": {
          "mean": 0.9858702421188354,
          "std": 0.0013294253731146455,
          "min": 0.9833472371101379,
          "max": 0.9879326820373535,
          "n": 10
        }
      }
    },
    "episig": {
      "3": {
        "mae": {
          "mean": 84.14300537109375,
          "std": 27.640751992282855,
          "min": 38.99845886230469,
          "max": 150.69964599609375,
          "n": 10
        },
        "rmse": {
          "mean": 276.5827691827672,
          "std": 79.6329317709836,
          "min": 149.7904395522291,
          "max": 466.95017801688437,
          "n": 10
        },
        "pcc": {
          "mean": 0.9965848922729492,
          "std": 0.0014042677357792854,
          "min": 0.9933496713638306,
          "max": 0.9984853267669678,
          "n": 10
        }
      },
      "7": {
        "mae": {
          "mean": 162.1406120300293,
          "std": 63.94177498094844,
          "min": 58.29296112060547,
          "max": 297.701904296875,
          "n": 10
        },
        "rmse": {
          "mean": 487.36058945871326,
          "std": 161.02349517603201,
          "min": 215.4614778504501,
          "max": 830.6088128595795,
          "n": 10
        },
        "pcc": {
          "mean": 0.9907029271125793,
          "std": 0.004721853882074356,
          "min": 0.9777783155441284,
          "max": 0.9956505298614502,
          "n": 10
        }
      },
      "14": {
        "mae": {
          "mean": 187.01244583129883,
          "std": 33.52284229713591,
          "min": 124.8404769897461,
          "max": 242.82171630859375,
          "n": 10
        },
        "rmse": {
          "mean": 584.2101010485587,
          "std": 96.79047936306897,
          "min": 402.68309112129356,
          "max": 792.2158402228524,
          "n": 10
        },
        "pcc": {
          "mean": 0.9846307039260864,
          "std": 0.008503305725753307,
          "min": 0.9604431390762329,
          "max": 0.9934865832328796,
          "n": 10
        }
      }
    }
  }
}