{
  "australia-covid": {
    "episig_v3": {
      "3": {
        "mae": [
          258.73992919921875,
          64.50526428222656,
          114.0445556640625,
          59.98149871826172,
          56.17192077636719,
          59.242679595947266,
          58.83610534667969,
          41.17392349243164,
          33.729061126708984,
          53.342872619628906
        ],
        "rmse": [
          747.822380315005,
          214.3005610556118,
          336.41513138531684,
          196.91509512350748,
          184.9776485653064,
          209.24458625015845,
          189.35750744293188,
          134.61539543269188,
          131.6692782243641,
          184.3201507398201
        ],
        "pcc": [
          0.9785805344581604,
          0.9980350136756897,
          0.9961990118026733,
          0.9982888698577881,
          0.998610258102417,
          0.9976761937141418,
          0.9984225034713745,
          0.9991534948348999,
          0.9988188743591309,
          0.9984620809555054
        ],
        "r2": [
          0.8507941365242004,
          0.9877471923828125,
          0.9698046445846558,
          0.9896546006202698,
          0.9908708930015564,
          0.9883185029029846,
          0.9904334545135498,
          0.995165228843689,
          0.9953745007514954,
          0.9909356832504272
        ]
      },
      "7": {
        "mae": [
          122.43505859375,
          153.33412170410156,
          188.69410705566406,
          162.89146423339844,
          220.2937469482422,
          119.20726776123047,
          115.72145080566406,
          140.2908477783203,
          127.4899673461914,
          157.32403564453125
        ],
        "rmse": [
          358.26982237553864,
          454.5690782213414,
          536.0243989316158,
          480.19551682101326,
          609.0810444842296,
          376.4214725543696,
          374.75250165942856,
          435.94487896980735,
          392.808557060561,
          467.3025485432323
        ],
        "pcc": [
          0.9948758482933044,
          0.9916373491287231,
          0.9905333518981934,
          0.9918348789215088,
          0.985669732093811,
          0.9931073188781738,
          0.9939390420913696,
          0.9909443855285645,
          0.9934594035148621,
          0.9923058152198792
        ],
        "r2": [
          0.9657540321350098,
          0.944869875907898,
          0.9233418703079224,
          0.9384787082672119,
          0.9010218977928162,
          0.9621959924697876,
          0.9625304937362671,
          0.9492948055267334,
          0.958832859992981,
          0.9417380094528198
        ]
      },
      "14": {
        "mae": [
          194.77073669433594,
          152.7959442138672,
          205.8045196533203,
          189.74676513671875,
          197.79042053222656,
          159.5756378173828,
          317.9952697753906,
          180.62557983398438,
          205.17779541015625,
          165.13233947753906
        ],
        "rmse": [
          570.9464182390498,
          481.32442606312844,
          596.9599023385072,
          568.5663989368348,
          589.9237768559595,
          482.97890740693845,
          839.5326825085489,
          532.3019584784561,
          594.7718049807002,
          500.30601572937337
        ],
        "pcc": [
          0.9878687858581543,
          0.987144947052002,
          0.9855613708496094,
          0.9849731922149658,
          0.9864824414253235,
          0.9880759716033936,
          0.9801055788993835,
          0.9868853688240051,
          0.9873175621032715,
          0.987259030342102
        ],
        "r2": [
          0.9130279421806335,
          0.9381891489028931,
          0.9049221277236938,
          0.9137515425682068,
          0.9071502089500427,
          0.9377634525299072,
          0.8119539022445679,
          0.9244028925895691,
          0.905617892742157,
          0.9332178235054016
        ]
      }
    }
  }
}