{
  "state360": {
    "msagat": {
      "2": {
        "mae": [
          61.712284088134766,
          63.430362701416016,
          61.48677062988281,
          56.56578826904297,
          56.643131256103516,
          58.249168395996094,
          58.55483627319336,
          59.723594665527344,
          54.124603271484375,
          51.907958984375
        ],
        "rmse": [
          145.18227363602279,
          150.6446758414482,
          143.17612351139417,
          134.67854523596176,
          132.62853435441409,
          136.15317660635026,
          134.113539235418,
          151.63291534368454,
          133.63497536432968,
          128.34653865365829
        ],
        "pcc": [
          0.9452476501464844,
          0.9410630464553833,
          0.9469270706176758,
          0.9532267451286316,
          0.9550520777702332,
          0.9520421624183655,
          0.9537219405174255,
          0.9405840039253235,
          0.9538699388504028,
          0.9574682712554932
        ],
        "r2": []
      },
      "5": {
        "mae": [
          93.65957641601562,
          91.22516632080078,
          100.50774383544922,
          87.5726089477539,
          95.13854217529297,
          95.67687225341797,
          97.89569091796875,
          96.09414672851562,
          91.44308471679688,
          96.07917022705078
        ],
        "rmse": [
          214.80829934793022,
          205.3542480386028,
          217.4110809618498,
          209.7039114293055,
          222.358223791026,
          218.61515486694879,
          219.95416781116015,
          211.67339228159972,
          201.38489268065766,
          225.15967424530086
        ],
        "pcc": [
          0.8830430507659912,
          0.893566906452179,
          0.8794082999229431,
          0.8824017643928528,
          0.8705983757972717,
          0.887739360332489,
          0.8701099753379822,
          0.893818736076355,
          0.8919317722320557,
          0.8624870181083679
        ],
        "r2": []
      },
      "10": {
        "mae": [
          106.84098052978516,
          101.88427734375,
          117.12684631347656,
          109.99361419677734,
          104.96284484863281,
          112.15933227539062,
          110.14643859863281,
          101.3082275390625,
          104.46527099609375,
          111.26177215576172
        ],
        "rmse": [
          233.25437093975324,
          235.40739288518532,
          260.07902945547147,
          246.85886814382422,
          235.80130174842122,
          255.4920574230244,
          259.8601035894121,
          225.35877645434624,
          238.77094966986667,
          247.604641704775
        ],
        "pcc": [
          0.8623566627502441,
          0.8488616347312927,
          0.8161142468452454,
          0.8372892141342163,
          0.8504401445388794,
          0.8346819877624512,
          0.8143396377563477,
          0.8687745332717896,
          0.8443994522094727,
          0.835396945476532
        ],
        "r2": []
      },
      "15": {
        "mae": [
          117.6147689819336,
          102.93706512451172,
          107.49083709716797,
          104.7375259399414,
          112.33277893066406,
          107.00254821777344,
          104.76416015625,
          110.73583221435547,
          110.62580871582031,
          108.37174987792969
        ],
        "rmse": [
          251.9480120605241,
          225.5714964262994,
          231.77999232839318,
          226.09240022057352,
          246.88574343712114,
          238.632824649083,
          238.57109625591696,
          233.907116314361,
          237.89555875425668,
          231.99607687954554
        ],
        "pcc": [
          0.8363444805145264,
          0.8617734909057617,
          0.8538073301315308,
          0.8613844513893127,
          0.8359583020210266,
          0.8462995290756226,
          0.8440959453582764,
          0.8593708276748657,
          0.8502313494682312,
          0.8534855842590332
        ],
        "r2": []
      }
    },
    "episig": {
      "2": {
        "mae": [
          51.06782531738281,
          52.63348388671875,
          54.18584442138672,
          51.43360137939453,
          57.722957611083984,
          51.42001724243164,
          54.85393524169922,
          54.50314712524414,
          53.52665710449219,
          61.660762786865234
        ],
        "rmse": [
          132.5603636084331,
          136.52667579313942,
          139.79090831264742,
          131.0254105245429,
          147.0029429446057,
          133.50021213700373,
          136.37787147526905,
          137.60819606767615,
          135.44634690764087,
          154.93952323205013
        ],
        "pcc": [
          0.9547026753425598,
          0.9516614079475403,
          0.9492893218994141,
          0.9558542966842651,
          0.9450051784515381,
          0.9538457989692688,
          0.9518085718154907,
          0.9510409235954285,
          0.9525031447410583,
          0.9378552436828613
        ],
        "r2": []
      },
      "5": {
        "mae": [
          88.74684143066406,
          88.07304382324219,
          86.9103775024414,
          89.4463882446289,
          81.53095245361328,
          88.48856353759766,
          87.99920654296875,
          86.5406494140625,
          84.94511413574219,
          98.0682601928711
        ],
        "rmse": [
          221.48427744706845,
          209.6419100961208,
          204.99075817582607,
          210.6222551749933,
          191.36592687505788,
          231.92129760168643,
          214.06000910959526,
          216.69554895636412,
          218.1384487258035,
          236.41389817436706
        ],
        "pcc": [
          0.8772808313369751,
          0.8890295028686523,
          0.9002368450164795,
          0.8853603601455688,
          0.9077011346817017,
          0.8661813735961914,
          0.8836988210678101,
          0.8777835965156555,
          0.8800807595252991,
          0.8638654947280884
        ],
        "r2": []
      },
      "10": {
        "mae": [
          106.99976348876953,
          111.37258911132812,
          110.61805725097656,
          102.60608673095703,
          108.4568862915039,
          92.43778991699219,
          96.9655532836914,
          101.8398208618164,
          109.43653106689453,
          91.31459045410156
        ],
        "rmse": [
          264.58373851675015,
          264.0136271340932,
          260.25138088010215,
          243.8439962993758,
          265.8008976423895,
          213.42792804305157,
          223.54021240595617,
          245.72838155166366,
          263.271144093879,
          209.69639511684505
        ],
        "pcc": [
          0.8055585622787476,
          0.8255996704101562,
          0.8158391118049622,
          0.8368592262268066,
          0.8072788715362549,
          0.8799765110015869,
          0.8648840188980103,
          0.8376972675323486,
          0.8128888607025146,
          0.8820509910583496
        ],
        "r2": []
      },
      "15": {
        "mae": [
          99.81265258789062,
          125.61980438232422,
          98.36614990234375,
          113.1905746459961,
          102.33814239501953,
          102.68423461914062,
          110.90985107421875,
          108.37076568603516,
          101.28467559814453,
          103.10360717773438
        ],
        "rmse": [
          231.0478846473172,
          293.9834444743445,
          220.48365691984972,
          259.0907026265126,
          230.88641180513417,
          240.85303318362008,
          256.116550617097,
          247.87808873516835,
          226.22170057821597,
          229.42767617214363
        ],