run_token,family,arm,dataset,horizon,seed,window,ablation,use_adj,sim_mat,target_space,quantiles,n_quantiles,attn_exp,renewal,renewal_lag,gi_fix,level_cap,model_column,n_test,rmse_npz,rmse_csv,has_val,has_quantiles,git_commit,mode,best_epoch,n_params,timestamp,npz_path,ckpt_path,manifest_path,consistency
CNNRNN_Res.australia-covid.w-20.h-14.none.seed-1000,CNNRNN_Res,current,australia-covid,14,1000,20,none,,,,,,,,,,,CNNRNN_Res,112,317.95697,,False,False,,,,,,report/predictions/australia-covid/CNNRNN_Res.australia-covid.w-20.h-14.none.seed-1000.npz,,,ok
CNNRNN_Res.australia-covid.w-20.h-14.none.seed-123,CNNRNN_Res,current,australia-covid,14,123,20,none,,,,,,,,,,,CNNRNN_Res,112,336.006683,,False,False,,,,,,report/predictions/australia-covid/CNNRNN_Res.australia-covid.w-20.h-14.none.seed-123.npz,,,ok
CNNRNN_Res.australia-covid.w-20.h-14.none.seed-30,CNNRNN_Res,current,australia-covid,14,30,20,none,,,,,,,,,,,CNNRNN_Res,112,324.40564,,False,False,,,,,,report/predictions/australia-covid/CNNRNN_Res.australia-covid.w-20.h-14.none.seed-30.npz,,,ok
CNNRNN_Res.australia-covid.w-20.h-14.none.seed-42,CNNRNN_Res,current,australia-covid,14,42,20,none,,,,,,,,,,,CNNRNN_Res,112,371.638153,,False,False,,,,,,report/predictions/australia-covid/CNNRNN_Res.australia-covid.w-20.h-14.none.seed-42.npz,,,ok
CNNRNN_Res.australia-covid.w-20.h-14.none.seed-42.oldckpt,CNNRNN_Res,oldckpt,australia-covid,14,42,20,none,,,,,,,,,,,CNNRNN_Res,99,237.533524,,False,False,,,,,,report/predictions/australia-covid/CNNRNN_Res.australia-covid.w-20.h-14.none.seed-42.oldckpt.npz,,,ok
CNNRNN_Res.australia-covid.w-20.h-14.none.seed-45,CNNRNN_Res,current,australia-covid,14,45,20,none,,,,,,,,,,,CNNRNN_Res,112,337.939575,,False,False,,,,,,report/predictions/australia-covid/CNNRNN_Res.australia-covid.w-20.h-14.none.seed-45.npz,,,ok
CNNRNN_Res.australia-covid.w-20.h-3.none.seed-1000,CNNRNN_Res,current,australia-covid,3,1000,20,none,,,,,,,,,,,CNNRNN_Res,112,85.218788,,False,False,,,,,,report/predictions/australia-covid/CNNRNN_Res.australia-covid.w-20.h-3.none.seed-1000.npz,,,ok
CNNRNN_Res.australia-covid.w-20.h-3.none.seed-123,CNNRNN_Res,current,australia-covid,3,123,20,none,,,,,,,,,,,CNNRNN_Res,112,88.948387,,False,False,,,,,,report/predictions/australia-covid/CNNRNN_Res.australia-covid.w-20.h-3.none.seed-123.npz,,,ok
CNNRNN_Res.australia-covid.w-20.h-3.none.seed-30,CNNRNN_Res,current,australia-covid,3,30,20,none,,,,,,,,,,,CNNRNN_Res,112,108.338272,,False,False,,,,,,report/predictions/australia-covid/CNNRNN_Res.australia-covid.w-20.h-3.none.seed-30.npz,,,ok
CNNRNN_Res.australia-covid.w-20.h-3.none.seed-42,CNNRNN_Res,current,australia-covid,3,42,20,none,,,,,,,,,,,CNNRNN_Res,112,83.75808,,False,False,,,,,,report/predictions/australia-covid/CNNRNN_Res.australia-covid.w-20.h-3.none.seed-42.npz,,,ok
CNNRNN_Res.australia-covid.w-20.h-3.none.seed-42.oldckpt,CNNRNN_Res,oldckpt,australia-covid,3,42,20,none,,,,,,,,,,,CNNRNN_Res,110,126.937447,,False,False,,,,,,report/predictions/australia-covid/CNNRNN_Res.australia-covid.w-20.h-3.none.seed-42.oldckpt.npz,,,ok
CNNRNN_Res.australia-covid.w-20.h-3.none.seed-45,CNNRNN_Res,current,australia-covid,3,45,20,none,,,,,,,,,,,CNNRNN_Res,112,85.175529,,False,False,,,,,,report/predictions/australia-covid/CNNRNN_Res.australia-covid.w-20.h-3.none.seed-45.npz,,,ok
CNNRNN_Res.australia-covid.w-20.h-7.none.seed-1000,CNNRNN_Res,current,australia-covid,7,1000,20,none,,,,,,,,,,,CNNRNN_Res,112,182.659256,,False,False,,,,,,report/predictions/australia-covid/CNNRNN_Res.australia-covid.w-20.h-7.none.seed-1000.npz,,,ok
CNNRNN_Res.australia-covid.w-20.h-7.none.seed-123,CNNRNN_Res,current,australia-covid,7,123,20,none,,,,,,,,,,,CNNRNN_Res,112,222.785294,,False,False,,,,,,report/predictions/australia-covid/CNNRNN_Res.australia-covid.w-20.h-7.none.seed-123.npz,,,ok
CNNRNN_Res.australia-covid.w-20.h-7.none.seed-30,CNNRNN_Res,current,australia-covid,7,30,20,none,,,,,,,,,,,CNNRNN_Res,112,282.891022,,False,False,,,,,,report/predictions/australia-covid/CNNRNN_Res.australia-covid.w-20.h-7.none.seed-30.npz,,,ok
CNNRNN_Res.australia-covid.w-20.h-7.none.seed-42,CNNRNN_Res,current,australia-covid,7,42,20,none,,,,,,,,,,,CNNRNN_Res,112,322.74707,,False,False,,,,,,report/predictions/australia-covid/CNNRNN_Res.australia-covid.w-20.h-7.none.seed-42.npz,,,ok
CNNRNN_Res.australia-covid.w-20.h-7.none.seed-42.oldckpt,CNNRNN_Res,oldckpt,australia-covid,7,42,20,none,,,,,,,,,,,CNNRNN_Res,106,232.396027,,False,False,,,,,,report/predictions/australia-covid/CNNRNN_Res.australia-covid.w-20.h-7.none.seed-42.oldckpt.npz,,,ok
CNNRNN_Res.australia-covid.w-20.h-7.none.seed-45,CNNRNN_Res,current,australia-covid,7,45,20,none,,,,,,,,,,,CNNRNN_Res,112,199.899994,,False,False,,,,,,report/predictions/australia-covid/CNNRNN_Res.australia-covid.w-20.h-7.none.seed-45.npz,,,ok
MSAGAT-Net.australia-covid.w-20.h-14.none.seed-1000.with_adj.loggrowth.quant.exp-nodecay-regpre,MSAGAT-Net,current,australia-covid,14,1000,20,none,True,default,loggrowth,True,,nodecay-regpre,False,,,,MSAGAT-Net.loggrowth.quant.exp-nodecay-regpre,112,241.479779,241.479779,True,True,,,,,20260819_081934,report/predictions/australia-covid/MSAGAT-Net.australia-covid.w-20.h-14.none.seed-1000.with_adj.loggrowth.quant.exp-nodecay-regpre.npz,save_all/MSAGAT-Net.australia-covid.w-20.h-14.none.seed-1000.with_adj.loggrowth.quant.exp-nodecay-regpre.pt,,manifest_missing
MSAGAT-Net.australia-covid.w-20.h-14.none.seed-1000.with_adj.loggrowth.quant,MSAGAT-Net,current,australia-covid,14,1000,20,none,True,default,loggrowth,True,,,False,,,,MSAGAT-Net.loggrowth.quant,112,256.408165,256.408165,True,True,,,,,20260814_031326,report/predictions/australia-covid/MSAGAT-Net.australia-covid.w-20.h-14.none.seed-1000.with_adj.loggrowth.quant.npz,save_all/MSAGAT-Net.australia-covid.w-20.h-14.none.seed-1000.with_adj.loggrowth.quant.pt,,manifest_missing
MSAGAT-Net.australia-covid.w-20.h-14.none.seed-1000.with_adj,MSAGAT-Net,current,australia-covid,14,1000,20,none,True,default,level,False,,,False,,,,MSAGAT-Net,112,638.439453,638.439455,True,False,,,,,20260811_091734,report/predictions/australia-covid/MSAGAT-Net.australia-covid.w-20.h-14.none.seed-1000.with_adj.npz,save_all/MSAGAT-Net.australia-covid.w-20.h-14.none.seed-1000.with_adj.pt,,manifest_missing
MSAGAT-Net.australia-covid.w-20.h-14.none.seed-123.with_adj.loggrowth.quant.exp-nodecay-regpre,MSAGAT-Net,current,australia-covid,14,123,20,none,True,default,loggrowth,True,,nodecay-regpre,False,,,,MSAGAT-Net.loggrowth.quant.exp-nodecay-regpre,112,535.630077,535.630077,True,True,,,,,20260819_081855,report/predictions/australia-covid/MSAGAT-Net.australia-covid.w-20.h-14.none.seed-123.with_adj.loggrowth.quant.exp-nodecay-regpre.npz,save_all/MSAGAT-Net.australia-covid.w-20.h-14.none.seed-123.with_adj.loggrowth.quant.exp-nodecay-regpre.pt,,manifest_missing
MSAGAT-Net.australia-covid.w-20.h-14.none.seed-123.with_adj.loggrowth.quant,MSAGAT-Net,current,australia-covid,14,123,20,none,True,default,loggrowth,True,,,False,,,,MSAGAT-Net.loggrowth.quant,112,571.015853,571.015853,True,True,,,,,20260814_031337,report/predictions/australia-covid/MSAGAT-Net.australia-covid.w-20.h-14.none.seed-123.with_adj.loggrowth.quant.npz,save_all/MSAGAT-Net.australia-covid.w-20.h-14.none.seed-123.with_adj.loggrowth.quant.pt,,manifest_missing
MSAGAT-Net.australia-covid.w-20.h-14.none.seed-123.with_adj,MSAGAT-Net,current,australia-covid,14,123,20,none,True,default,level,False,,,False,,,,MSAGAT-Net,112,654.13385,654.13385,True,False,,,,,20260811_091722,report/predictions/australia-covid/MSAGAT-Net.australia-covid.w-20.h-14.none.seed-123.with_adj.npz,save_all/MSAGAT-Net.australia-covid.w-20.h-14.none.seed-123.with_adj.pt,,manifest_missing
MSAGAT-Net.australia-covid.w-20.h-14.none.seed-30.with_adj.loggrowth,MSAGAT-Net,current,australia-covid,14,30,20,none,True,default,loggrowth,False,,,False,,,,MSAGAT-Net.loggrowth,112,633.804688,633.804707,True,False,,,,,20260811_050732,report/predictions/australia-covid/MSAGAT-Net.australia-covid.w-20.h-14.none.seed-30.with_adj.loggrowth.npz,save_all/MSAGAT-Net.australia-covid.w-20.h-14.none.seed-30.with_adj.loggrowth.pt,,manifest_missing
MSAGAT-Net.australia-covid.w-20.h-14.none.seed-30.with_adj.loggrowth.quant.exp-nodecay-regpre,MSAGAT-Net,current,australia-covid,14,30,20,none,True,default,loggrowth,True,,nodecay-regpre,False,,,,MSAGAT-Net.loggrowth.quant.exp-nodecay-regpre,112,541.208246,541.208246,True,True,,,,,20260819_081741,report/predictions/australia-covid/MSAGAT-Net.australia-covid.w-20.h-14.none.seed-30.with_adj.loggrowth.quant.exp-nodecay-regpre.npz,save_all/MSAGAT-Net.australia-covid.w-20.h-14.none.seed-30.with_adj.loggrowth.quant.exp-nodecay-regpre.pt,,manifest_missing
MSAGAT-Net.australia-covid.w-20.h-14.none.seed-30.with_adj.loggrowth.quant,MSAGAT-Net,current,australia-covid,14,30,20,none,True,default,loggrowth,True,,,False,,,,MSAGAT-Net.loggrowth.quant,112,610.500947,610.500947,True,True,,,,,20260814_031348,report/predictions/australia-covid/MSAGAT-Net.australia-covid.w-20.h-14.none.seed-30.with_adj.loggrowth.quant.npz,save_all/MSAGAT-Net.australia-covid.w-20.h-14.none.seed-30.with_adj.loggrowth.quant.pt,,manifest_missing
MSAGAT-Net.australia-covid.w-20.h-14.none.seed-30.with_adj,MSAGAT-Net,current,australia-covid,14,30,20,none,True,default,level,False,,,False,,,,MSAGAT-Net,112,644.376282,644.376297,True,False,,,,,20260811_091700,report/predictions/australia-covid/MSAGAT-Net.australia-covid.w-20.h-14.none.seed-30.with_adj.npz,save_all/MSAGAT-Net.australia-covid.w-20.h-14.none.seed-30.with_adj.pt,,manifest_missing
MSAGAT-Net.australia-covid.w-20.h-14.none.seed-42.with_adj.loggrowth,MSAGAT-Net,current,australia-covid,14,42,20,none,True,default,loggrowth,False,,,False,,,,MSAGAT-Net.loggrowth,112,705.701111,705.701114,True,False,,,,,20260811_050647,report/predictions/australia-covid/MSAGAT-Net.australia-covid.w-20.h-14.none.seed-42.with_adj.loggrowth.npz,save_all/MSAGAT-Net.australia-covid.w-20.h-14.none.seed-42.with_adj.loggrowth.pt,,manifest_missing
MSAGAT-Net.australia-covid.w-20.h-14.none.seed-42.with_adj.loggrowth.quant.exp-nodecay-regpre,MSAGAT-Net,current,australia-covid,14,42,20,none,True,default,loggrowth,True,,nodecay-regpre,False,,,,MSAGAT-Net.loggrowth.quant.exp-nodecay-regpre,112,485.992468,485.992468,True,True,,,,,20260819_081712,report/predictions/australia-covid/MSAGAT-Net.australia-covid.w-20.h-14.none.seed-42.with_adj.loggrowth.quant.exp-nodecay-regpre.npz,save_all/MSAGAT-Net.australia-covid.w-20.h-14.none.seed-42.with_adj.loggrowth.quant.exp-nodecay-regpre.pt,,manifest_missing
MSAGAT-Net.australia-covid.w-20.h-14.none.seed-42.with_adj.loggrowth.quant,MSAGAT-Net,current,australia-covid,14,42,20,none,True,default,loggrowth,True,,,False,,,,MSAGAT-Net.loggrowth.quant,112,581.424882,581.424882,True,True,,,,,20260814_031400,report/predictions/australia-covid/MSAGAT-Net.australia-covid.w-20.h-14.none.seed-42.with_adj.loggrowth.quant.npz,save_all/MSAGAT-Net.australia-covid.w-20.h-14.none.seed-42.with_adj.loggrowth.quant.pt,,manifest_missing
MSAGAT-Net.australia-covid.w-20.h-14.none.seed-42.with_adj,MSAGAT-Net,current,australia-covid,14,42,20,none,True,default,level,False,,,False,,,,MSAGAT-Net,112,649.525574,649.525596,True,False,,,,,20260811_091648,report/predictions/australia-covid/MSAGAT-Net.australia-covid.w-20.h-14.none.seed-42.with_adj.npz,save_all/MSAGAT-Net.australia-covid.w-20.h-14.none.seed-42.with_adj.pt,,manifest_missing
MSAGAT-Net.australia-covid.w-20.h-14.none.seed-45.with_adj.loggrowth,MSAGAT-Net,current,australia-covid,14,45,20,none,True,default,loggrowth,False,,,False,,,,MSAGAT-Net.loggrowth,112,643.012268,643.012271,True,False,,,,,20260811_050814,report/predictions/australia-covid/MSAGAT-Net.australia-covid.w-20.h-14.none.seed-45.with_adj.loggrowth.npz,save_all/MSAGAT-Net.australia-covid.w-20.h-14.none.seed-45.with_adj.loggrowth.pt,,manifest_missing
MSAGAT-Net.australia-covid.w-20.h-14.none.seed-45.with_adj.loggrowth.quant.exp-nodecay-regpre,MSAGAT-Net,current,australia-covid,14,45,20,none,True,default,loggrowth,True,,nodecay-regpre,False,,,,MSAGAT-Net.loggrowth.quant.exp-nodecay-regpre,112,370.874076,370.874076,True,True,,,,,20260819_081828,report/predictions/australia-covid/MSAGAT-Net.australia-covid.w-20.h-14.none.seed-45.with_adj.loggrowth.quant.exp-nodecay-regpre.npz,save_all/MSAGAT-Net.australia-covid.w-20.h-14.none.seed-45.with_adj.loggrowth.quant.exp-nodecay-regpre.pt,,manifest_missing
MSAGAT-Net.australia-covid.w-20.h-14.none.seed-45.with_adj.loggrowth.quant,MSAGAT-Net,current,australia-covid,14,45,20,none,True,default,loggrowth,True,,,False,,,,MSAGAT-Net.loggrowth.quant,112,308.041564,308.041564,True,True,,,,,20260814_031410,report/predictions/australia-covid/MSAGAT-Net.australia-covid.w-20.h-14.none.seed-45.with_adj.loggrowth.quant.npz,save_all/MSAGAT-Net.australia-covid.w-20.h-14.none.seed-45.with_adj.loggrowth.quant.pt,,manifest_missing
MSAGAT-Net.australia-covid.w-20.h-14.none.seed-45.with_adj,MSAGAT-Net,current,australia-covid,14,45,20,none,True,default,level,False,,,False,,,,MSAGAT-Net,112,651.608826,651.608826,True,False,,,,,20260811_091711,report/predictions/australia-covid/MSAGAT-Net.australia-covid.w-20.h-14.none.seed-45.with_adj.npz,save_all/MSAGAT-Net.australia-covid.w-20.h-14.none.seed-45.with_adj.pt,,manifest_missing
MSAGAT-Net.australia-covid.w-20.h-3.none.seed-1000.with_adj.loggrowth.quant.attnfix,MSAGAT-Net,current,australia-covid,3,1000,20,none,True,default,loggrowth,True,,,False,,,,MSAGAT-Net.loggrowth.quant.attnfix,112,62.245402,62.245402,True,True,,,,,20260819_014937,report/predictions/australia-covid/MSAGAT-Net.australia-covid.w-20.h-3.none.seed-1000.with_adj.loggrowth.quant.attnfix.npz,save_all/MSAGAT-Net.australia-covid.w-20.h-3.none.seed-1000.with_adj.loggrowth.quant.attnfix.pt,,manifest_missing
MSAGAT-Net.australia-covid.w-20.h-3.none.seed-1000.with_adj.loggrowth.quant.exp-nodecay-regpre,MSAGAT-Net,current,australia-covid,3,1000,20,none,True,default,loggrowth,True,,nodecay-regpre,False,,,,MSAGAT-Net.loggrowth.quant.exp-nodecay-regpre,112,178.371364,178.371364,True,True,,,,,20260819_081303,report/predictions/australia-covid/MSAGAT-Net.australia-covid.w-20.h-3.none.seed-1000.with_adj.loggrowth.quant.exp-nodecay-regpre.npz,save_all/MSAGAT-Net.australia-covid.w-20.h-3.none.seed-1000.with_adj.loggrowth.quant.exp-nodecay-regpre.pt,,manifest_missing
MSAGAT-Net.australia-covid.w-20.h-3.none.seed-1000.with_adj.loggrowth.quant,MSAGAT-Net,current,australia-covid,3,1000,20,none,True,default,loggrowth,True,,,False,,,,MSAGAT-Net.loggrowth.quant,112,457.1322,457.1322,True,True,,,,,20260814_031421,report/predictions/australia-covid/MSAGAT-Net.australia-covid.w-20.h-3.none.seed-1000.with_adj.loggrowth.quant.npz,save_all/MSAGAT-Net.australia-covid.w-20.h-3.none.seed-1000.with_adj.loggrowth.quant.pt,,manifest_missing
MSAGAT-Net.australia-covid.w-20.h-3.none.seed-1000.with_adj,MSAGAT-Net,current,australia-covid,3,1000,20,none,True,default,level,False,,,False,,,,MSAGAT-Net,112,212.426239,212.426246,True,False,,,,,20260811_091541,report/predictions/australia-covid/MSAGAT-Net.australia-covid.w-20.h-3.none.seed-1000.with_adj.npz,save_all/MSAGAT-Net.australia-covid.w-20.h-3.none.seed-1000.with_adj.pt,,manifest_missing
MSAGAT-Net.australia-covid.w-20.h-3.none.seed-123.with_adj.loggrowth.quant.attnfix,MSAGAT-Net,current,australia-covid,3,123,20,none,True,default,loggrowth,True,,,False,,,,MSAGAT-Net.loggrowth.quant.attnfix,112,62.563411,62.563411,True,True,,,,,20260819_014856,report/predictions/australia-covid/MSAGAT-Net.australia-covid.w-20.h-3.none.seed-123.with_adj.loggrowth.quant.attnfix.npz,save_all/MSAGAT-Net.australia-covid.w-20.h-3.none.seed-123.with_adj.loggrowth.quant.attnfix.pt,,manifest_missing
MSAGAT-Net.australia-covid.w-20.h-3.none.seed-123.with_adj.loggrowth.quant.exp-nodecay-regpre,MSAGAT-Net,current,australia-covid,3,123,20,none,True,default,loggrowth,True,,nodecay-regpre,False,,,,MSAGAT-Net.loggrowth.quant.exp-nodecay-regpre,112,188.542758,188.542758,True,True,,,,,20260819_081205,report/predictions/australia-covid/MSAGAT-Net.australia-covid.w-20.h-3.none.seed-123.with_adj.loggrowth.quant.exp-nodecay-regpre.npz,save_all/MSAGAT-Net.australia-covid.w-20.h-3.none.seed-123.with_adj.loggrowth.quant.exp-nodecay-regpre.pt,,manifest_missing
MSAGAT-Net.australia-covid.w-20.h-3.none.seed-123.with_adj.loggrowth.quant,MSAGAT-Net,current,australia-covid,3,123,20,none,True,default,loggrowth,True,,,False,,,,MSAGAT-Net.loggrowth.quant,112,71.455138,71.455138,True,True,,,,,20260814_031432,report/predictions/australia-covid/MSAGAT-Net.australia-covid.w-20.h-3.none.seed-123.with_adj.loggrowth.quant.npz,save_all/MSAGAT-Net.australia-covid.w-20.h-3.none.seed-123.with_adj.loggrowth.quant.pt,,manifest_missing
MSAGAT-Net.australia-covid.w-20.h-3.none.seed-123.with_adj,MSAGAT-Net,current,australia-covid,3,123,20,none,True,default,level,False,,,False,,,,MSAGAT-Net,112,194.063782,194.063778,True,False,,,,,20260811_091530,report/predictions/australia-covid/MSAGAT-Net.australia-covid.w-20.h-3.none.seed-123.with_adj.npz,save_all/MSAGAT-Net.australia-covid.w-20.h-3.none.seed-123.with_adj.pt,,manifest_missing
MSAGAT-Net.australia-covid.w-20.h-3.none.seed-30.with_adj.loggrowth.quant.attnfix,MSAGAT-Net,current,australia-covid,3,30,20,none,True,default,loggrowth,True,,,False,,,,MSAGAT-Net.loggrowth.quant.attnfix,112,306.409949,306.409949,True,True,,,,,20260819_014722,report/predictions/australia-covid/MSAGAT-Net.australia-covid.w-20.h-3.none.seed-30.with_adj.loggrowth.quant.attnfix.npz,save_all/MSAGAT-Net.australia-covid.w-20.h-3.none.seed-30.with_adj.loggrowth.quant.attnfix.pt,,manifest_missing
MSAGAT-Net.australia-covid.w-20.h-3.none.seed-30.with_adj.loggrowth.quant.exp-nodecay-regpre,MSAGAT-Net,current,australia-covid,3,30,20,none,True,default,loggrowth,True,,nodecay-regpre,False,,,,MSAGAT-Net.loggrowth.quant.exp-nodecay-regpre,112,546.567776,546.567776,True,True,,,,,20260819_081044,report/predictions/australia-covid/MSAGAT-Net.australia-covid.w-20.h-3.none.seed-30.with_adj.loggrowth.quant.exp-nodecay-regpre.npz,save_all/MSAGAT-Net.australia-covid.w-20.h-3.none.seed-30.with_adj.loggrowth.quant.exp-nodecay-regpre.pt,,manifest_missing
MSAGAT-Net.australia-covid.w-20.h-3.none.seed-30.with_adj.loggrowth.quant,MSAGAT-Net,current,australia-covid,3,30,20,none,True,default,loggrowth,True,,,False,,,,MSAGAT-Net.loggrowth.quant,112,30.868449,30.868449,True,True,,,,,20260814_031442,report/predictions/australia-covid/MSAGAT-Net.australia-covid.w-20.h-3.none.seed-30.with_adj.loggrowth.quant.npz,save_all/MSAGAT-Net.australia-covid.w-20.h-3.none.seed-30.with_adj.loggrowth.quant.pt,,manifest_missing
MSAGAT-Net.australia-covid.w-20.h-3.none.seed-30.with_adj,MSAGAT-Net,current,australia-covid,3,30,20,none,True,default,level,False,,,False,,,,MSAGAT-Net,112,247.878769,247.878766,True,False,,,,,20260811_091508,report/predictions/australia-covid/MSAGAT-Net.australia-covid.w-20.h-3.none.seed-30.with_adj.npz,save_all/MSAGAT-Net.australia-covid.w-20.h-3.none.seed-30.with_adj.pt,,manifest_missing
MSAGAT-Net.australia-covid.w-20.h-3.none.seed-42.with_adj.loggrowth.quant.attnfix,MSAGAT-Net,current,australia-covid,3,42,20,none,True,default,loggrowth,True,,,False,,,,MSAGAT-Net.loggrowth.quant.attnfix,112,101.89621,101.89621,True,True,,,,,20260819_014642,report/predictions/australia-covid/MSAGAT-Net.australia-covid.w-20.h-3.none.seed-42.with_adj.loggrowth.quant.attnfix.npz,save_all/MSAGAT-Net.australia-covid.w-20.h-3.none.seed-42.with_adj.loggrowth.quant.attnfix.pt,,manifest_missing
MSAGAT-Net.australia-covid.w-20.h-3.none.seed-42.with_adj.loggrowth.quant.exp-nodecay-regpre,MSAGAT-Net,current,australia-covid,3,42,20,none,True,default,loggrowth,True,,nodecay-regpre,False,,,,MSAGAT-Net.loggrowth.quant.exp-nodecay-regpre,112,92.797847,92.797847,True,True,,,,,20260819_081013,report/predictions/australia-covid/MSAGAT-Net.australia-covid.w-20.h-3.none.seed-42.with_adj.loggrowth.quant.exp-nodecay-regpre.npz,save_all/MSAGAT-Net.australia-covid.w-20.h-3.none.seed-42.with_adj.loggrowth.quant.exp-nodecay-regpre.pt,,manifest_missing
MSAGAT-Net.australia-covid.w-20.h-3.none.seed-42.with_adj.loggrowth.quant,MSAGAT-Net,current,australia-covid,3,42,20,none,True,default,loggrowth,True,,,False,,,,MSAGAT-Net.loggrowth.quant,112,203.352272,203.352272,True,True,,,,,20260814_031452,report/predictions/australia-covid/MSAGAT-Net.australia-covid.w-20.h-3.none.seed-42.with_adj.loggrowth.quant.npz,save_all/MSAGAT-Net.australia-covid.w-20.h-3.none.seed-42.with_adj.loggrowth.quant.pt,,manifest_missing
MSAGAT-Net.australia-covid.w-20.h-3.none.seed-42.with_adj,MSAGAT-Net,current,australia-covid,3,42,20,none,True,default,level,False,,,False,,,,MSAGAT-Net,112,225.987396,225.987399,True,False,,,,,20260811_091457,report/predictions/australia-covid/MSAGAT-Net.australia-covid.w-20.h-3.none.seed-42.with_adj.npz,save_all/MSAGAT-Net.australia-covid.w-20.h-3.none.seed-42.with_adj.pt,,manifest_missing
MSAGAT-Net.australia-covid.w-20.h-3.none.seed-45.with_adj.loggrowth.quant.attnfix,MSAGAT-Net,current,australia-covid,3,45,20,none,True,default,loggrowth,True,,,False,,,,MSAGAT-Net.loggrowth.quant.attnfix,112,128.909294,128.909294,True,True,,,,,20260819_014812,report/predictions/australia-covid/MSAGAT-Net.australia-covid.w-20.h-3.none.seed-45.with_adj.loggrowth.quant.attnfix.npz,save_all/MSAGAT-Net.australia-covid.w-20.h-3.none.seed-45.with_adj.loggrowth.quant.attnfix.pt,,manifest_missing
MSAGAT-Net.australia-covid.w-20.h-3.none.seed-45.with_adj.loggrowth.quant.exp-nodecay-regpre,MSAGAT-Net,current,australia-covid,3,45,20,none,True,default,loggrowth,True,,nodecay-regpre,False,,,,MSAGAT-Net.loggrowth.quant.exp-nodecay-regpre,112,97.329359,97.329359,True,True,,,,,20260819_081123,report/predictions/australia-covid/MSAGAT-Net.australia-covid.w-20.h-3.none.seed-45.with_adj.loggrowth.quant.exp-nodecay-regpre.npz,save_all/MSAGAT-Net.australia-covid.w-20.h-3.none.seed-45.with_adj.loggrowth.quant.exp-nodecay-regpre.pt,,manifest_missing
MSAGAT-Net.australia-covid.w-20.h-3.none.seed-45.with_adj.loggrowth.quant,MSAGAT-Net,current,australia-covid,3,45,20,none,True,default,loggrowth,True,,,False,,,,MSAGAT-Net.loggrowth.quant,112,107.792539,107.792539,True,True,,,,,20260814_031503,report/predictions/australia-covid/MSAGAT-Net.australia-covid.w-20.h-3.none.seed-45.with_adj.loggrowth.quant.npz,save_all/MSAGAT-Net.australia-covid.w-20.h-3.none.seed-45.with_adj.loggrowth.quant.pt,,manifest_missing
MSAGAT-Net.australia-covid.w-20.h-3.none.seed-45.with_adj,MSAGAT-Net,current,australia-covid,3,45,20,none,True,default,level,False,,,False,,,,MSAGAT-Net,112,155.414032,155.414032,True,False,,,,,20260811_091519,report/predictions/australia-covid/MSAGAT-Net.australia-covid.w-20.h-3.none.seed-45.with_adj.npz,save_all/MSAGAT-Net.australia-covid.w-20.h-3.none.seed-45.with_adj.pt,,manifest_missing
MSAGAT-Net.australia-covid.w-20.h-7.none.seed-1000.with_adj.loggrowth.quant.exp-nodecay-regpre,MSAGAT-Net,current,australia-covid,7,1000,20,none,True,default,loggrowth,True,,nodecay-regpre,False,,,,MSAGAT-Net.loggrowth.quant.exp-nodecay-regpre,112,505.930784,505.930784,True,True,,,,,20260819_081556,report/predictions/australia-covid/MSAGAT-Net.australia-covid.w-20.h-7.none.seed-1000.with_adj.loggrowth.quant.exp-nodecay-regpre.npz,save_all/MSAGAT-Net.australia-covid.w-20.h-7.none.seed-1000.with_adj.loggrowth.quant.exp-nodecay-regpre.pt,,manifest_missing
MSAGAT-Net.australia-covid.w-20.h-7.none.seed-1000.with_adj.loggrowth.quant,MSAGAT-Net,current,australia-covid,7,1000,20,none,True,default,loggrowth,True,,,False,,,,MSAGAT-Net.loggrowth.quant,112,521.019857,521.019857,True,True,,,,,20260814_031513,report/predictions/australia-covid/MSAGAT-Net.australia-covid.w-20.h-7.none.seed-1000.with_adj.loggrowth.quant.npz,save_all/MSAGAT-Net.australia-covid.w-20.h-7.none.seed-1000.with_adj.loggrowth.quant.pt,,manifest_missing
MSAGAT-Net.australia-covid.w-20.h-7.none.seed-1000.with_adj,MSAGAT-Net,current,australia-covid,7,1000,20,none,True,default,level,False,,,False,,,,MSAGAT-Net,112,444.143219,444.143224,True,False,,,,,20260811_091637,report/predictions/australia-covid/MSAGAT-Net.australia-covid.w-20.h-7.none.seed-1000.with_adj.npz,save_all/MSAGAT-Net.australia-covid.w-20.h-7.none.seed-1000.with_adj.pt,,manifest_missing
MSAGAT-Net.australia-covid.w-20.h-7.none.seed-123.with_adj.loggrowth.quant.attnfix,MSAGAT-Net,current,australia-covid,7,123,20,none,True,default,loggrowth,True,,,False,,,,MSAGAT-Net.loggrowth.quant.attnfix,112,320.65438,320.65438,True,True,,,,,20260819_015145,report/predictions/australia-covid/MSAGAT-Net.australia-covid.w-20.h-7.none.seed-123.with_adj.loggrowth.quant.attnfix.npz,save_all/MSAGAT-Net.australia-covid.w-20.h-7.none.seed-123.with_adj.loggrowth.quant.attnfix.pt,,manifest_missing
MSAGAT-Net.australia-covid.w-20.h-7.none.seed-123.with_adj.loggrowth.quant.exp-nodecay-regpre,MSAGAT-Net,current,australia-covid,7,123,20,none,True,default,loggrowth,True,,nodecay-regpre,False,,,,MSAGAT-Net.loggrowth.quant.exp-nodecay-regpre,112,477.747765,477.747765,True,True,,,,,20260819_081525,report/predictions/australia-covid/MSAGAT-Net.australia-covid.w-20.h-7.none.seed-123.with_adj.loggrowth.quant.exp-nodecay-regpre.npz,save_all/MSAGAT-Net.australia-covid.w-20.h-7.none.seed-123.with_adj.loggrowth.quant.exp-nodecay-regpre.pt,,manifest_missing
MSAGAT-Net.australia-covid.w-20.h-7.none.seed-123.with_adj.loggrowth.quant,MSAGAT-Net,current,australia-covid,7,123,20,none,True,default,loggrowth,True,,,False,,,,MSAGAT-Net.loggrowth.quant,112,520.747315,520.747315,True,True,,,,,20260814_031523,report/predictions/australia-covid/MSAGAT-Net.australia-covid.w-20.h-7.none.seed-123.with_adj.loggrowth.quant.npz,save_all/MSAGAT-Net.australia-covid.w-20.h-7.none.seed-123.with_adj.loggrowth.quant.pt,,manifest_missing
MSAGAT-Net.australia-covid.w-20.h-7.none.seed-123.with_adj,MSAGAT-Net,current,australia-covid,7,123,20,none,True,default,level,False,,,False,,,,MSAGAT-Net,112,414.062622,414.062627,True,False,,,,,20260811_091626,report/predictions/australia-covid/MSAGAT-Net.australia-covid.w-20.h-7.none.seed-123.with_adj.npz,save_all/MSAGAT-Net.australia-covid.w-20.h-7.none.seed-123.with_adj.pt,,manifest_missing
MSAGAT-Net.australia-covid.w-20.h-7.none.seed-30.with_adj.loggrowth,MSAGAT-Net,current,australia-covid,7,30,20,none,True,default,loggrowth,False,,,False,,,,MSAGAT-Net.loggrowth,112,306.617706,306.6177,True,False,,,,,20260811_050501,report/predictions/australia-covid/MSAGAT-Net.australia-covid.w-20.h-7.none.seed-30.with_adj.loggrowth.npz,save_all/MSAGAT-Net.australia-covid.w-20.h-7.none.seed-30.with_adj.loggrowth.pt,,manifest_missing
MSAGAT-Net.australia-covid.w-20.h-7.none.seed-30.with_adj.loggrowth.quant.attnfix,MSAGAT-Net,current,australia-covid,7,30,20,none,True,default,loggrowth,True,,,False,,,,MSAGAT-Net.loggrowth.quant.attnfix,112,350.740507,350.740507,True,True,,,,,20260819_015040,report/predictions/australia-covid/MSAGAT-Net.australia-covid.w-20.h-7.none.seed-30.with_adj.loggrowth.quant.attnfix.npz,save_all/MSAGAT-Net.australia-covid.w-20.h-7.none.seed-30.with_adj.loggrowth.quant.attnfix.pt,,manifest_missing
MSAGAT-Net.australia-covid.w-20.h-7.none.seed-30.with_adj.loggrowth.quant.exp-nodecay-regpre,MSAGAT-Net,current,australia-covid,7,30,20,none,True,default,loggrowth,True,,nodecay-regpre,False,,,,MSAGAT-Net.loggrowth.quant.exp-nodecay-regpre,112,305.510466,305.510466,True,True,,,,,20260819_081415,report/predictions/australia-covid/MSAGAT-Net.australia-covid.w-20.h-7.none.seed-30.with_adj.loggrowth.quant.exp-nodecay-regpre.npz,save_all/MSAGAT-Net.australia-covid.w-20.h-7.none.seed-30.with_adj.loggrowth.quant.exp-nodecay-regpre.pt,,manifest_missing
MSAGAT-Net.australia-covid.w-20.h-7.none.seed-30.with_adj.loggrowth.quant,MSAGAT-Net,current,australia-covid,7,30,20,none,True,default,loggrowth,True,,,False,,,,MSAGAT-Net.loggrowth.quant,112,317.391508,317.391508,True,True,,,,,20260814_031534,report/predictions/australia-covid/MSAGAT-Net.australia-covid.w-20.h-7.none.seed-30.with_adj.loggrowth.quant.npz,save_all/MSAGAT-Net.australia-covid.w-20.h-7.none.seed-30.with_adj.loggrowth.quant.pt,,manifest_missing
MSAGAT-Net.australia-covid.w-20.h-7.none.seed-30.with_adj,MSAGAT-Net,current,australia-covid,7,30,20,none,True,default,level,False,,,False,,,,MSAGAT-Net,112,350.171814,350.171811,True,False,,,,,20260811_091604,report/predictions/australia-covid/MSAGAT-Net.australia-covid.w-20.h-7.none.seed-30.with_adj.npz,save_all/MSAGAT-Net.australia-covid.w-20.h-7.none.seed-30.with_adj.pt,,manifest_missing
MSAGAT-Net.australia-covid.w-20.h-7.none.seed-30.with_adj.pprm-multistep,MSAGAT-Net,current,australia-covid,7,30,20,none,True,default,level,False,,,False,,,,MSAGAT-Net.pprm-multistep,112,356.122925,356.122938,False,False,,,,,20260811_030417,report/predictions/australia-covid/MSAGAT-Net.australia-covid.w-20.h-7.none.seed-30.with_adj.pprm-multistep.npz,save_all/MSAGAT-Net.australia-covid.w-20.h-7.none.seed-30.with_adj.pprm-multistep.pt,,manifest_missing
MSAGAT-Net.australia-covid.w-20.h-7.none.seed-30.with_adj.pprm-multistep.sgate,MSAGAT-Net,current,australia-covid,7,30,20,none,True,default,level,False,,,False,,,,MSAGAT-Net.pprm-multistep.sgate,112,331.280365,331.280364,False,False,,,,,20260811_035052,report/predictions/australia-covid/MSAGAT-Net.australia-covid.w-20.h-7.none.seed-30.with_adj.pprm-multistep.sgate.npz,save_all/MSAGAT-Net.australia-covid.w-20.h-7.none.seed-30.with_adj.pprm-multistep.sgate.pt,,manifest_missing
MSAGAT-Net.australia-covid.w-20.h-7.none.seed-30.with_adj.sgate,MSAGAT-Net,current,australia-covid,7,30,20,none,True,default,level,False,,,False,,,,MSAGAT-Net.sgate,112,427.599213,427.599221,False,False,,,,,20260811_032748,report/predictions/australia-covid/MSAGAT-Net.australia-covid.w-20.h-7.none.seed-30.with_adj.sgate.npz,save_all/MSAGAT-Net.australia-covid.w-20.h-7.none.seed-30.with_adj.sgate.pt,,manifest_missing
MSAGAT-Net.australia-covid.w-20.h-7.none.seed-42.with_adj.loggrowth,MSAGAT-Net,current,australia-covid,7,42,20,none,True,default,loggrowth,False,,,False,,,,MSAGAT-Net.loggrowth,112,245.720688,245.720687,True,False,,,,,20260811_050415,report/predictions/australia-covid/MSAGAT-Net.australia-covid.w-20.h-7.none.seed-42.with_adj.loggrowth.npz,save_all/MSAGAT-Net.australia-covid.w-20.h-7.none.seed-42.with_adj.loggrowth.pt,,manifest_missing
MSAGAT-Net.australia-covid.w-20.h-7.none.seed-42.with_adj.loggrowth.quant.attnfix,MSAGAT-Net,current,australia-covid,7,42,20,none,True,default,loggrowth,True,,,False,,,,MSAGAT-Net.loggrowth.quant.attnfix,112,707.732472,707.732472,True,True,,,,,20260819_015010,report/predictions/australia-covid/MSAGAT-Net.australia-covid.w-20.h-7.none.seed-42.with_adj.loggrowth.quant.attnfix.npz,save_all/MSAGAT-Net.australia-covid.w-20.h-7.none.seed-42.with_adj.loggrowth.quant.attnfix.pt,,manifest_missing
MSAGAT-Net.australia-covid.w-20.h-7.none.seed-42.with_adj.loggrowth.quant.exp-nodecay-regpre,MSAGAT-Net,current,australia-covid,7,42,20,none,True,default,loggrowth,True,,nodecay-regpre,False,,,,MSAGAT-Net.loggrowth.quant.exp-nodecay-regpre,112,398.847063,398.847063,True,True,,,,,20260819_081335,report/predictions/australia-covid/MSAGAT-Net.australia-covid.w-20.h-7.none.seed-42.with_adj.loggrowth.quant.exp-nodecay-regpre.npz,save_all/MSAGAT-Net.australia-covid.w-20.h-7.none.seed-42.with_adj.loggrowth.quant.exp-nodecay-regpre.pt,,manifest_missing
MSAGAT-Net.australia-covid.w-20.h-7.none.seed-42.with_adj.loggrowth.quant,MSAGAT-Net,current,australia-covid,7,42,20,none,True,default,loggrowth,True,,,False,,,,MSAGAT-Net.loggrowth.quant,112,394.485452,394.485452,True,True,,,,,20260814_031545,report/predictions/australia-covid/MSAGAT-Net.australia-covid.w-20.h-7.none.seed-42.with_adj.loggrowth.quant.npz,save_all/MSAGAT-Net.australia-covid.w-20.h-7.none.seed-42.with_adj.loggrowth.quant.pt,,manifest_missing
MSAGAT-Net.australia-covid.w-20.h-7.none.seed-42.with_adj,MSAGAT-Net,current,australia-covid,7,42,20,none,True,default,level,False,,,False,,,,MSAGAT-Net,112,371.639404,371.6394,True,False,,,,,20260811_091552,report/predictions/australia-covid/MSAGAT-Net.australia-covid.w-20.h-7.none.seed-42.with_adj.npz,save_all/MSAGAT-Net.australia-covid.w-20.h-7.none.seed-42.with_adj.pt,,manifest_missing
MSAGAT-Net.australia-covid.w-20.h-7.none.seed-42.with_adj.pprm-multistep,MSAGAT-Net,current,australia-covid,7,42,20,none,True,default,level,False,,,False,,,,MSAGAT-Net.pprm-multistep,112,396.958862,396.958849,False,False,,,,,20260811_030312,report/predictions/australia-covid/MSAGAT-Net.australia-covid.w-20.h-7.none.seed-42.with_adj.pprm-multistep.npz,save_all/MSAGAT-Net.australia-covid.w-20.h-7.none.seed-42.with_adj.pprm-multistep.pt,,manifest_missing
MSAGAT-Net.australia-covid.w-20.h-7.none.seed-42.with_adj.pprm-multistep.sgate,MSAGAT-Net,current,australia-covid,7,42,20,none,True,default,level,False,,,False,,,,MSAGAT-Net.pprm-multistep.sgate,112,458.140564,458.140552,False,False,,,,,20260811_034913,report/predictions/australia-covid/MSAGAT-Net.australia-covid.w-20.h-7.none.seed-42.with_adj.pprm-multistep.sgate.npz,save_all/MSAGAT-Net.australia-covid.w-20.h-7.none.seed-42.with_adj.pprm-multistep.sgate.pt,,manifest_missing
MSAGAT-Net.australia-covid.w-20.h-7.none.seed-42.with_adj.sgate,MSAGAT-Net,current,australia-covid,7,42,20,none,True,default,level,False,,,False,,,,MSAGAT-Net.sgate,112,438.141541,438.141547,False,False,,,,,20260811_032656,report/predictions/australia-covid/MSAGAT-Net.australia-covid.w-20.h-7.none.seed-42.with_adj.sgate.npz,save_all/MSAGAT-Net.australia-covid.w-20.h-7.none.seed-42.with_adj.sgate.pt,,manifest_missing
MSAGAT-Net.australia-covid.w-20.h-7.none.seed-45.with_adj.loggrowth,MSAGAT-Net,current,australia-covid,7,45,20,none,True,default,loggrowth,False,,,False,,,,MSAGAT-Net.loggrowth,112,381.280029,381.280019,True,False,,,,,20260811_050605,report/predictions/australia-covid/MSAGAT-Net.australia-covid.w-20.h-7.none.seed-45.with_adj.loggrowth.npz,save_all/MSAGAT-Net.australia-covid.w-20.h-7.none.seed-45.with_adj.loggrowth.pt,,manifest_missing
MSAGAT-Net.australia-covid.w-20.h-7.none.seed-45.with_adj.loggrowth.quant.attnfix,MSAGAT-Net,current,australia-covid,7,45,20,none,True,default,loggrowth,True,,,False,,,,MSAGAT-Net.loggrowth.quant.attnfix,112,210.224772,210.224772,True,True,,,,,20260819_015112,report/predictions/australia-covid/MSAGAT-Net.australia-covid.w-20.h-7.none.seed-45.with_adj.loggrowth.quant.attnfix.npz,save_all/MSAGAT-Net.australia-covid.w-20.h-7.none.seed-45.with_adj.loggrowth.quant.attnfix.pt,,manifest_missing
MSAGAT-Net.australia-covid.w-20.h-7.none.seed-45.with_adj.loggrowth.quant.exp-nodecay-regpre,MSAGAT-Net,current,australia-covid,7,45,20,none,True,default,loggrowth,True,,nodecay-regpre,False,,,,MSAGAT-Net.loggrowth.quant.exp-nodecay-regpre,112,413.34521,413.34521,True,True,,,,,20260819_081448,report/predictions/australia-covid/MSAGAT-Net.australia-covid.w-20.h-7.none.seed-45.with_adj.loggrowth.quant.exp-nodecay-regpre.npz,save_all/MSAGAT-Net.australia-covid.w-20.h-7.none.seed-45.with_adj.loggrowth.quant.exp-nodecay-regpre.pt,,manifest_missing
MSAGAT-Net.australia-covid.w-20.h-7.none.seed-45.with_adj.loggrowth.quant,MSAGAT-Net,current,australia-covid,7,45,20,none,True,default,loggrowth,True,,,False,,,,MSAGAT-Net.loggrowth.quant,112,410.148301,410.148301,True,True,,,,,20260814_031556,report/predictions/australia-covid/MSAGAT-Net.australia-covid.w-20.h-7.none.seed-45.with_adj.loggrowth.quant.npz,save_all/MSAGAT-Net.australia-covid.w-20.h-7.none.seed-45.with_adj.loggrowth.quant.pt,,manifest_missing
MSAGAT-Net.australia-covid.w-20.h-7.none.seed-45.with_adj,MSAGAT-Net,current,australia-covid,7,45,20,none,True,default,level,False,,,False,,,,MSAGAT-Net,112,434.852234,434.85222,True,False,,,,,20260811_091615,report/predictions/australia-covid/MSAGAT-Net.australia-covid.w-20.h-7.none.seed-45.with_adj.npz,save_all/MSAGAT-Net.australia-covid.w-20.h-7.none.seed-45.with_adj.pt,,manifest_missing
MSAGAT-Net.australia-covid.w-20.h-7.none.seed-45.with_adj.pprm-multistep,MSAGAT-Net,current,australia-covid,7,45,20,none,True,default,level,False,,,False,,,,MSAGAT-Net.pprm-multistep,112,433.937042,433.937027,False,False,,,,,20260811_030552,report/predictions/australia-covid/MSAGAT-Net.australia-covid.w-20.h-7.none.seed-45.with_adj.pprm-multistep.npz,save_all/MSAGAT-Net.australia-covid.w-20.h-7.none.seed-45.with_adj.pprm-multistep.pt,,manifest_missing
MSAGAT-Net.australia-covid.w-20.h-7.none.seed-45.with_adj.pprm-multistep.sgate,MSAGAT-Net,current,australia-covid,7,45,20,none,True,default,level,False,,,False,,,,MSAGAT-Net.pprm-multistep.sgate,112,423.704529,423.704515,False,False,,,,,20260811_035159,report/predictions/australia-covid/MSAGAT-Net.australia-covid.w-20.h-7.none.seed-45.with_adj.pprm-multistep.sgate.npz,save_all/MSAGAT-Net.australia-covid.w-20.h-7.none.seed-45.with_adj.pprm-multistep.sgate.pt,,manifest_missing
MSAGAT-Net.australia-covid.w-20.h-7.none.seed-45.with_adj.sgate,MSAGAT-Net,current,australia-covid,7,45,20,none,True,default,level,False,,,False,,,,MSAGAT-Net.sgate,112,431.565887,431.565881,False,False,,,,,20260811_032836,report/predictions/australia-covid/MSAGAT-Net.australia-covid.w-20.h-7.none.seed-45.with_adj.sgate.npz,save_all/MSAGAT-Net.australia-covid.w-20.h-7.none.seed-45.with_adj.sgate.pt,,manifest_missing
cola_gnn.australia-covid.w-20.h-14.none.seed-1000,cola_gnn,current,australia-covid,14,1000,20,none,,,,,,,,,,,cola_gnn,112,396.146881,,False,False,,,,,,report/predictions/australia-covid/cola_gnn.australia-covid.w-20.h-14.none.seed-1000.npz,,,ok
cola_gnn.australia-covid.w-20.h-14.none.seed-123,cola_gnn,current,australia-covid,14,123,20,none,,,,,,,,,,,cola_gnn,112,401.250458,,False,False,,,,,,report/predictions/australia-covid/cola_gnn.australia-covid.w-20.h-14.none.seed-123.npz,,,ok
cola_gnn.australia-covid.w-20.h-14.none.seed-30,cola_gnn,current,australia-covid,14,30,20,none,,,,,,,,,,,cola_gnn,112,329.511841,,False,False,,,,,,report/predictions/australia-covid/cola_gnn.australia-covid.w-20.h-14.none.seed-30.npz,,,ok
cola_gnn.australia-covid.w-20.h-14.none.seed-42,cola_gnn,current,australia-covid,14,42,20,none,,,,,,,,,,,cola_gnn,112,497.63562,,False,False,,,,,,report/predictions/australia-covid/cola_gnn.australia-covid.w-20.h-14.none.seed-42.npz,,,ok
cola_gnn.australia-covid.w-20.h-14.none.seed-42.oldckpt,cola_gnn,oldckpt,australia-covid,14,42,20,none,,,,,,,,,,,cola_gnn,99,489.863953,,False,False,,,,,,report/predictions/australia-covid/cola_gnn.australia-covid.w-20.h-14.none.seed-42.oldckpt.npz,,,ok
cola_gnn.australia-covid.w-20.h-14.none.seed-45,cola_gnn,current,australia-covid,14,45,20,none,,,,,,,,,,,cola_gnn,112,305.179321,,False,False,,,,,,report/predictions/australia-covid/cola_gnn.australia-covid.w-20.h-14.none.seed-45.npz,,,ok
cola_gnn.australia-covid.w-20.h-3.none.seed-1000,cola_gnn,current,australia-covid,3,1000,20,none,,,,,,,,,,,cola_gnn,112,72.537842,,False,False,,,,,,report/predictions/australia-covid/cola_gnn.australia-covid.w-20.h-3.none.seed-1000.npz,,,ok
cola_gnn.australia-covid.w-20.h-3.none.seed-123,cola_gnn,current,australia-covid,3,123,20,none,,,,,,,,,,,cola_gnn,112,149.860382,,False,False,,,,,,report/predictions/australia-covid/cola_gnn.australia-covid.w-20.h-3.none.seed-123.npz,,,ok
cola_gnn.australia-covid.w-20.h-3.none.seed-30,cola_gnn,current,australia-covid,3,30,20,none,,,,,,,,,,,cola_gnn,112,154.069901,,False,False,,,,,,report/predictions/australia-covid/cola_gnn.australia-covid.w-20.h-3.none.seed-30.npz,,,ok
cola_gnn.australia-covid.w-20.h-3.none.seed-42,cola_gnn,current,australia-covid,3,42,20,none,,,,,,,,,,,cola_gnn,112,252.446594,,False,False,,,,,,report/predictions/australia-covid/cola_gnn.australia-covid.w-20.h-3.none.seed-42.npz,,,ok
cola_gnn.australia-covid.w-20.h-3.none.seed-42.oldckpt,cola_gnn,oldckpt,australia-covid,3,42,20,none,,,,,,,,,,,cola_gnn,110,254.953995,,False,False,,,,,,report/predictions/australia-covid/cola_gnn.australia-covid.w-20.h-3.none.seed-42.oldckpt.npz,,,ok
cola_gnn.australia-covid.w-20.h-3.none.seed-45,cola_gnn,current,australia-covid,3,45,20,none,,,,,,,,,,,cola_gnn,112,120.523674,,False,False,,,,,,report/predictions/australia-covid/cola_gnn.australia-covid.w-20.h-3.none.seed-45.npz,,,ok
cola_gnn.australia-covid.w-20.h-5.none.seed-42.oldckpt,cola_gnn,oldckpt,australia-covid,5,42,20,none,,,,,,,,,,,cola_gnn,108,377.183167,,False,False,,,,,,report/predictions/australia-covid/cola_gnn.australia-covid.w-20.h-5.none.seed-42.oldckpt.npz,,,ok
cola_gnn.australia-covid.w-20.h-7.none.seed-1000,cola_gnn,current,australia-covid,7,1000,20,none,,,,,,,,,,,cola_gnn,112,115.741371,,False,False,,,,,,report/predictions/australia-covid/cola_gnn.australia-covid.w-20.h-7.none.seed-1000.npz,,,ok
cola_gnn.australia-covid.w-20.h-7.none.seed-123,cola_gnn,current,australia-covid,7,123,20,none,,,,,,,,,,,cola_gnn,112,343.412201,,False,False,,,,,,report/predictions/australia-covid/cola_gnn.australia-covid.w-20.h-7.none.seed-123.npz,,,ok
cola_gnn.australia-covid.w-20.h-7.none.seed-30,cola_gnn,current,australia-covid,7,30,20,none,,,,,,,,,,,cola_gnn,112,247.110428,,False,False,,,,,,report/predictions/australia-covid/cola_gnn.australia-covid.w-20.h-7.none.seed-30.npz,,,ok
cola_gnn.australia-covid.w-20.h-7.none.seed-42,cola_gnn,current,australia-covid,7,42,20,none,,,,,,,,,,,cola_gnn,112,414.330322,,False,False,,,,,,report/predictions/australia-covid/cola_gnn.australia-covid.w-20.h-7.none.seed-42.npz,,,ok
cola_gnn.australia-covid.w-20.h-7.none.seed-42.oldckpt,cola_gnn,oldckpt,australia-covid,7,42,20,none,,,,,,,,,,,cola_gnn,106,211.970673,,False,False,,,,,,report/predictions/australia-covid/cola_gnn.australia-covid.w-20.h-7.none.seed-42.oldckpt.npz,,,ok
cola_gnn.australia-covid.w-20.h-7.none.seed-45,cola_gnn,current,australia-covid,7,45,20,none,,,,,,,,,,,cola_gnn,112,194.727478,,False,False,,,,,,report/predictions/australia-covid/cola_gnn.australia-covid.w-20.h-7.none.seed-45.npz,,,ok
cola_gnn_lg.australia-covid.w-20.h-14.none.seed-1000,cola_gnn_lg,current,australia-covid,14,1000,20,none,,,,,,,,,,,cola_gnn_lg,112,303.946472,,False,False,,,,,,report/predictions/australia-covid/cola_gnn_lg.australia-covid.w-20.h-14.none.seed-1000.npz,,,ok
cola_gnn_lg.australia-covid.w-20.h-14.none.seed-123,cola_gnn_lg,current,australia-covid,14,123,20,none,,,,,,,,,,,cola_gnn_lg,112,186.772781,,False,False,,,,,,report/predictions/australia-covid/cola_gnn_lg.australia-covid.w-20.h-14.none.seed-123.npz,,,ok
cola_gnn_lg.australia-covid.w-20.h-14.none.seed-30,cola_gnn_lg,current,australia-covid,14,30,20,none,,,,,,,,,,,cola_gnn_lg,112,142.532791,,False,False,,,,,,report/predictions/australia-covid/cola_gnn_lg.australia-covid.w-20.h-14.none.seed-30.npz,,,ok
cola_gnn_lg.australia-covid.w-20.h-14.none.seed-42,cola_gnn_lg,current,australia-covid,14,42,20,none,,,,,,,,,,,cola_gnn_lg,112,346.351257,,False,False,,,,,,report/predictions/australia-covid/cola_gnn_lg.australia-covid.w-20.h-14.none.seed-42.npz,,,ok
cola_gnn_lg.australia-covid.w-20.h-14.none.seed-45,cola_gnn_lg,current,australia-covid,14,45,20,none,,,,,,,,,,,cola_gnn_lg,112,437.650513,,False,False,,,,,,report/predictions/australia-covid/cola_gnn_lg.australia-covid.w-20.h-14.none.seed-45.npz,,,ok
cola_gnn_lg.australia-covid.w-20.h-3.none.seed-1000,cola_gnn_lg,current,australia-covid,3,1000,20,none,,,,,,,,,,,cola_gnn_lg,112,108.814171,,False,False,,,,,,report/predictions/australia-covid/cola_gnn_lg.australia-covid.w-20.h-3.none.seed-1000.npz,,,ok
cola_gnn_lg.australia-covid.w-20.h-3.none.seed-123,cola_gnn_lg,current,australia-covid,3,123,20,none,,,,,,,,,,,cola_gnn_lg,112,206.044449,,False,False,,,,,,report/predictions/australia-covid/cola_gnn_lg.australia-covid.w-20.h-3.none.seed-123.npz,,,ok
cola_gnn_lg.australia-covid.w-20.h-3.none.seed-30,cola_gnn_lg,current,australia-covid,3,30,20,none,,,,,,,,,,,cola_gnn_lg,112,48.489285,,False,False,,,,,,report/predictions/australia-covid/cola_gnn_lg.australia-covid.w-20.h-3.none.seed-30.npz,,,ok
cola_gnn_lg.australia-covid.w-20.h-3.none.seed-42,cola_gnn_lg,current,australia-covid,3,42,20,none,,,,,,,,,,,cola_gnn_lg,112,71.758919,,False,False,,,,,,report/predictions/australia-covid/cola_gnn_lg.australia-covid.w-20.h-3.none.seed-42.npz,,,ok
cola_gnn_lg.australia-covid.w-20.h-3.none.seed-45,cola_gnn_lg,current,australia-covid,3,45,20,none,,,,,,,,,,,cola_gnn_lg,112,62.263336,,False,False,,,,,,report/predictions/australia-covid/cola_gnn_lg.australia-covid.w-20.h-3.none.seed-45.npz,,,ok
cola_gnn_lg.australia-covid.w-20.h-7.none.seed-1000,cola_gnn_lg,current,australia-covid,7,1000,20,none,,,,,,,,,,,cola_gnn_lg,112,121.665085,,False,False,,,,,,report/predictions/australia-covid/cola_gnn_lg.australia-covid.w-20.h-7.none.seed-1000.npz,,,ok
cola_gnn_lg.australia-covid.w-20.h-7.none.seed-123,cola_gnn_lg,current,australia-covid,7,123,20,none,,,,,,,,,,,cola_gnn_lg,112,196.155853,,False,False,,,,,,report/predictions/australia-covid/cola_gnn_lg.australia-covid.w-20.h-7.none.seed-123.npz,,,ok
cola_gnn_lg.australia-covid.w-20.h-7.none.seed-30,cola_gnn_lg,current,australia-covid,7,30,20,none,,,,,,,,,,,cola_gnn_lg,112,52.893646,,False,False,,,,,,report/predictions/australia-covid/cola_gnn_lg.australia-covid.w-20.h-7.none.seed-30.npz,,,ok
cola_gnn_lg.australia-covid.w-20.h-7.none.seed-42,cola_gnn_lg,current,australia-covid,7,42,20,none,,,,,,,,,,,cola_gnn_lg,112,141.4021,,False,False,,,,,,report/predictions/australia-covid/cola_gnn_lg.australia-covid.w-20.h-7.none.seed-42.npz,,,ok
cola_gnn_lg.australia-covid.w-20.h-7.none.seed-45,cola_gnn_lg,current,australia-covid,7,45,20,none,,,,,,,,,,,cola_gnn_lg,112,120.274055,,False,False,,,,,,report/predictions/australia-covid/cola_gnn_lg.australia-covid.w-20.h-7.none.seed-45.npz,,,ok
dcrnn.australia-covid.w-20.h-14.none.seed-1000,dcrnn,current,australia-covid,14,1000,20,none,,,,,,,,,,,dcrnn,112,447.591187,,False,False,,,,,,report/predictions/australia-covid/dcrnn.australia-covid.w-20.h-14.none.seed-1000.npz,,,ok
dcrnn.australia-covid.w-20.h-14.none.seed-123,dcrnn,current,australia-covid,14,123,20,none,,,,,,,,,,,dcrnn,112,504.071838,,False,False,,,,,,report/predictions/australia-covid/dcrnn.australia-covid.w-20.h-14.none.seed-123.npz,,,ok
dcrnn.australia-covid.w-20.h-14.none.seed-30,dcrnn,current,australia-covid,14,30,20,none,,,,,,,,,,,dcrnn,112,613.092041,,False,False,,,,,,report/predictions/australia-covid/dcrnn.australia-covid.w-20.h-14.none.seed-30.npz,,,ok
dcrnn.australia-covid.w-20.h-14.none.seed-42,dcrnn,current,australia-covid,14,42,20,none,,,,,,,,,,,dcrnn,112,454.177826,,False,False,,,,,,report/predictions/australia-covid/dcrnn.australia-covid.w-20.h-14.none.seed-42.npz,,,ok
dcrnn.australia-covid.w-20.h-14.none.seed-42.oldckpt,dcrnn,oldckpt,australia-covid,14,42,20,none,,,,,,,,,,,dcrnn,99,1725.372192,,False,False,,,,,,report/predictions/australia-covid/dcrnn.australia-covid.w-20.h-14.none.seed-42.oldckpt.npz,,,ok
dcrnn.australia-covid.w-20.h-14.none.seed-45,dcrnn,current,australia-covid,14,45,20,none,,,,,,,,,,,dcrnn,112,430.220093,,False,False,,,,,,report/predictions/australia-covid/dcrnn.australia-covid.w-20.h-14.none.seed-45.npz,,,ok
dcrnn.australia-covid.w-20.h-3.none.seed-1000,dcrnn,current,australia-covid,3,1000,20,none,,,,,,,,,,,dcrnn,112,257.493652,,False,False,,,,,,report/predictions/australia-covid/dcrnn.australia-covid.w-20.h-3.none.seed-1000.npz,,,ok
dcrnn.australia-covid.w-20.h-3.none.seed-123,dcrnn,current,australia-covid,3,123,20,none,,,,,,,,,,,dcrnn,112,198.61618,,False,False,,,,,,report/predictions/australia-covid/dcrnn.australia-covid.w-20.h-3.none.seed-123.npz,,,ok
dcrnn.australia-covid.w-20.h-3.none.seed-30,dcrnn,current,australia-covid,3,30,20,none,,,,,,,,,,,dcrnn,112,219.247513,,False,False,,,,,,report/predictions/australia-covid/dcrnn.australia-covid.w-20.h-3.none.seed-30.npz,,,ok
dcrnn.australia-covid.w-20.h-3.none.seed-42,dcrnn,current,australia-covid,3,42,20,none,,,,,,,,,,,dcrnn,112,284.33078,,False,False,,,,,,report/predictions/australia-covid/dcrnn.australia-covid.w-20.h-3.none.seed-42.npz,,,ok
dcrnn.australia-covid.w-20.h-3.none.seed-42.oldckpt,dcrnn,oldckpt,australia-covid,3,42,20,none,,,,,,,,,,,dcrnn,110,223.71521,,False,False,,,,,,report/predictions/australia-covid/dcrnn.australia-covid.w-20.h-3.none.seed-42.oldckpt.npz,,,ok
dcrnn.australia-covid.w-20.h-3.none.seed-45,dcrnn,current,australia-covid,3,45,20,none,,,,,,,,,,,dcrnn,112,333.16983,,False,False,,,,,,report/predictions/australia-covid/dcrnn.australia-covid.w-20.h-3.none.seed-45.npz,,,ok
dcrnn.australia-covid.w-20.h-7.none.seed-1000,dcrnn,current,australia-covid,7,1000,20,none,,,,,,,,,,,dcrnn,112,283.678162,,False,False,,,,,,report/predictions/australia-covid/dcrnn.australia-covid.w-20.h-7.none.seed-1000.npz,,,ok
dcrnn.australia-covid.w-20.h-7.none.seed-123,dcrnn,current,australia-covid,7,123,20,none,,,,,,,,,,,dcrnn,112,302.559601,,False,False,,,,,,report/predictions/australia-covid/dcrnn.australia-covid.w-20.h-7.none.seed-123.npz,,,ok
dcrnn.australia-covid.w-20.h-7.none.seed-30,dcrnn,current,australia-covid,7,30,20,none,,,,,,,,,,,dcrnn,112,402.299591,,False,False,,,,,,report/predictions/australia-covid/dcrnn.australia-covid.w-20.h-7.none.seed-30.npz,,,ok
dcrnn.australia-covid.w-20.h-7.none.seed-42,dcrnn,current,australia-covid,7,42,20,none,,,,,,,,,,,dcrnn,112,432.877197,,False,False,,,,,,report/predictions/australia-covid/dcrnn.australia-covid.w-20.h-7.none.seed-42.npz,,,ok
dcrnn.australia-covid.w-20.h-7.none.seed-42.oldckpt,dcrnn,oldckpt,australia-covid,7,42,20,none,,,,,,,,,,,dcrnn,106,1276.208618,,False,False,,,,,,report/predictions/australia-covid/dcrnn.australia-covid.w-20.h-7.none.seed-42.oldckpt.npz,,,ok
dcrnn.australia-covid.w-20.h-7.none.seed-45,dcrnn,current,australia-covid,7,45,20,none,,,,,,,,,,,dcrnn,112,341.207123,,False,False,,,,,,report/predictions/australia-covid/dcrnn.australia-covid.w-20.h-7.none.seed-45.npz,,,ok
epignn.australia-covid.w-20.h-14.none.seed-1000,epignn,current,australia-covid,14,1000,20,none,,,,,,,,,,,epignn,112,463.817841,,False,False,,,,,,report/predictions/australia-covid/epignn.australia-covid.w-20.h-14.none.seed-1000.npz,,,ok
epignn.australia-covid.w-20.h-14.none.seed-123,epignn,current,australia-covid,14,123,20,none,,,,,,,,,,,epignn,112,389.320221,,False,False,,,,,,report/predictions/australia-covid/epignn.australia-covid.w-20.h-14.none.seed-123.npz,,,ok
epignn.australia-covid.w-20.h-14.none.seed-30,epignn,current,australia-covid,14,30,20,none,,,,,,,,,,,epignn,112,484.745941,,False,False,,,,,,report/predictions/australia-covid/epignn.australia-covid.w-20.h-14.none.seed-30.npz,,,ok
epignn.australia-covid.w-20.h-14.none.seed-42,epignn,current,australia-covid,14,42,20,none,,,,,,,,,,,epignn,112,463.42627,,False,False,,,,,,report/predictions/australia-covid/epignn.australia-covid.w-20.h-14.none.seed-42.npz,,,ok
epignn.australia-covid.w-20.h-14.none.seed-42.oldckpt,epignn,oldckpt,australia-covid,14,42,20,none,,,,,,,,,,,epignn,112,463.549622,,False,False,,,,,,report/predictions/australia-covid/epignn.australia-covid.w-20.h-14.none.seed-42.oldckpt.npz,,,ok
epignn.australia-covid.w-20.h-14.none.seed-45,epignn,current,australia-covid,14,45,20,none,,,,,,,,,,,epignn,112,516.63739,,False,False,,,,,,report/predictions/australia-covid/epignn.australia-covid.w-20.h-14.none.seed-45.npz,,,ok
epignn.australia-covid.w-20.h-3.none.seed-1000,epignn,current,australia-covid,3,1000,20,none,,,,,,,,,,,epignn,112,299.404175,,False,False,,,,,,report/predictions/australia-covid/epignn.australia-covid.w-20.h-3.none.seed-1000.npz,,,ok
epignn.australia-covid.w-20.h-3.none.seed-123,epignn,current,australia-covid,3,123,20,none,,,,,,,,,,,epignn,112,303.16156,,False,False,,,,,,report/predictions/australia-covid/epignn.australia-covid.w-20.h-3.none.seed-123.npz,,,ok
epignn.australia-covid.w-20.h-3.none.seed-30,epignn,current,australia-covid,3,30,20,none,,,,,,,,,,,epignn,112,304.689117,,False,False,,,,,,report/predictions/australia-covid/epignn.australia-covid.w-20.h-3.none.seed-30.npz,,,ok
epignn.australia-covid.w-20.h-3.none.seed-42,epignn,current,australia-covid,3,42,20,none,,,,,,,,,,,epignn,112,318.036865,,False,False,,,,,,report/predictions/australia-covid/epignn.australia-covid.w-20.h-3.none.seed-42.npz,,,ok
epignn.australia-covid.w-20.h-3.none.seed-42.oldckpt,epignn,oldckpt,australia-covid,3,42,20,none,,,,,,,,,,,epignn,112,317.965759,,False,False,,,,,,report/predictions/australia-covid/epignn.australia-covid.w-20.h-3.none.seed-42.oldckpt.npz,,,ok
epignn.australia-covid.w-20.h-3.none.seed-45,epignn,current,australia-covid,3,45,20,none,,,,,,,,,,,epignn,112,377.364075,,False,False,,,,,,report/predictions/australia-covid/epignn.australia-covid.w-20.h-3.none.seed-45.npz,,,ok
epignn.australia-covid.w-20.h-5.none.seed-42.oldckpt,epignn,oldckpt,australia-covid,5,42,20,none,,,,,,,,,,,epignn,112,341.111053,,False,False,,,,,,report/predictions/australia-covid/epignn.australia-covid.w-20.h-5.none.seed-42.oldckpt.npz,,,ok
epignn.australia-covid.w-20.h-7.none.seed-1000,epignn,current,australia-covid,7,1000,20,none,,,,,,,,,,,epignn,112,314.771973,,False,False,,,,,,report/predictions/australia-covid/epignn.australia-covid.w-20.h-7.none.seed-1000.npz,,,ok
epignn.australia-covid.w-20.h-7.none.seed-123,epignn,current,australia-covid,7,123,20,none,,,,,,,,,,,epignn,112,328.008423,,False,False,,,,,,report/predictions/australia-covid/epignn.australia-covid.w-20.h-7.none.seed-123.npz,,,ok
epignn.australia-covid.w-20.h-7.none.seed-30,epignn,current,australia-covid,7,30,20,none,,,,,,,,,,,epignn,112,323.657043,,False,False,,,,,,report/predictions/australia-covid/epignn.australia-covid.w-20.h-7.none.seed-30.npz,,,ok
epignn.australia-covid.w-20.h-7.none.seed-42,epignn,current,australia-covid,7,42,20,none,,,,,,,,,,,epignn,112,387.378967,,False,False,,,,,,report/predictions/australia-covid/epignn.australia-covid.w-20.h-7.none.seed-42.npz,,,ok
epignn.australia-covid.w-20.h-7.none.seed-42.oldckpt,epignn,oldckpt,australia-covid,7,42,20,none,,,,,,,,,,,epignn,112,387.304138,,False,False,,,,,,report/predictions/australia-covid/epignn.australia-covid.w-20.h-7.none.seed-42.oldckpt.npz,,,ok
epignn.australia-covid.w-20.h-7.none.seed-45,epignn,current,australia-covid,7,45,20,none,,,,,,,,,,,epignn,112,444.115967,,False,False,,,,,,report/predictions/australia-covid/epignn.australia-covid.w-20.h-7.none.seed-45.npz,,,ok
lstnet.australia-covid.w-20.h-14.none.seed-1000,lstnet,current,australia-covid,14,1000,20,none,,,,,,,,,,,lstnet,112,403.596924,,False,False,,,,,,report/predictions/australia-covid/lstnet.australia-covid.w-20.h-14.none.seed-1000.npz,,,ok
lstnet.australia-covid.w-20.h-14.none.seed-123,lstnet,current,australia-covid,14,123,20,none,,,,,,,,,,,lstnet,112,331.773254,,False,False,,,,,,report/predictions/australia-covid/lstnet.australia-covid.w-20.h-14.none.seed-123.npz,,,ok
lstnet.australia-covid.w-20.h-14.none.seed-30,lstnet,current,australia-covid,14,30,20,none,,,,,,,,,,,lstnet,112,385.323059,,False,False,,,,,,report/predictions/australia-covid/lstnet.australia-covid.w-20.h-14.none.seed-30.npz,,,ok
lstnet.australia-covid.w-20.h-14.none.seed-42,lstnet,current,australia-covid,14,42,20,none,,,,,,,,,,,lstnet,112,342.562439,,False,False,,,,,,report/predictions/australia-covid/lstnet.australia-covid.w-20.h-14.none.seed-42.npz,,,ok
lstnet.australia-covid.w-20.h-14.none.seed-42.oldckpt,lstnet,oldckpt,australia-covid,14,42,20,none,,,,,,,,,,,lstnet,99,176.402756,,False,False,,,,,,report/predictions/australia-covid/lstnet.australia-covid.w-20.h-14.none.seed-42.oldckpt.npz,,,ok
lstnet.australia-covid.w-20.h-14.none.seed-45,lstnet,current,australia-covid,14,45,20,none,,,,,,,,,,,lstnet,112,868.75238,,False,False,,,,,,report/predictions/australia-covid/lstnet.australia-covid.w-20.h-14.none.seed-45.npz,,,ok
lstnet.australia-covid.w-20.h-3.none.seed-1000,lstnet,current,australia-covid,3,1000,20,none,,,,,,,,,,,lstnet,112,223.041031,,False,False,,,,,,report/predictions/australia-covid/lstnet.australia-covid.w-20.h-3.none.seed-1000.npz,,,ok
lstnet.australia-covid.w-20.h-3.none.seed-123,lstnet,current,australia-covid,3,123,20,none,,,,,,,,,,,lstnet,112,208.091003,,False,False,,,,,,report/predictions/australia-covid/lstnet.australia-covid.w-20.h-3.none.seed-123.npz,,,ok
lstnet.australia-covid.w-20.h-3.none.seed-30,lstnet,current,australia-covid,3,30,20,none,,,,,,,,,,,lstnet,112,260.652771,,False,False,,,,,,report/predictions/australia-covid/lstnet.australia-covid.w-20.h-3.none.seed-30.npz,,,ok
lstnet.australia-covid.w-20.h-3.none.seed-42,lstnet,current,australia-covid,3,42,20,none,,,,,,,,,,,lstnet,112,168.598907,,False,False,,,,,,report/predictions/australia-covid/lstnet.australia-covid.w-20.h-3.none.seed-42.npz,,,ok
lstnet.australia-covid.w-20.h-3.none.seed-42.oldckpt,lstnet,oldckpt,australia-covid,3,42,20,none,,,,,,,,,,,lstnet,110,383.419464,,False,False,,,,,,report/predictions/australia-covid/lstnet.australia-covid.w-20.h-3.none.seed-42.oldckpt.npz,,,ok
lstnet.australia-covid.w-20.h-3.none.seed-45,lstnet,current,australia-covid,3,45,20,none,,,,,,,,,,,lstnet,112,296.980865,,False,False,,,,,,report/predictions/australia-covid/lstnet.australia-covid.w-20.h-3.none.seed-45.npz,,,ok
lstnet.australia-covid.w-20.h-7.none.seed-1000,lstnet,current,australia-covid,7,1000,20,none,,,,,,,,,,,lstnet,112,338.463379,,False,False,,,,,,report/predictions/australia-covid/lstnet.australia-covid.w-20.h-7.none.seed-1000.npz,,,ok
lstnet.australia-covid.w-20.h-7.none.seed-123,lstnet,current,australia-covid,7,123,20,none,,,,,,,,,,,lstnet,112,229.958817,,False,False,,,,,,report/predictions/australia-covid/lstnet.australia-covid.w-20.h-7.none.seed-123.npz,,,ok
lstnet.australia-covid.w-20.h-7.none.seed-30,lstnet,current,australia-covid,7,30,20,none,,,,,,,,,,,lstnet,112,252.499176,,False,False,,,,,,report/predictions/australia-covid/lstnet.australia-covid.w-20.h-7.none.seed-30.npz,,,ok
lstnet.australia-covid.w-20.h-7.none.seed-42,lstnet,current,australia-covid,7,42,20,none,,,,,,,,,,,lstnet,112,269.355377,,False,False,,,,,,report/predictions/australia-covid/lstnet.australia-covid.w-20.h-7.none.seed-42.npz,,,ok
lstnet.australia-covid.w-20.h-7.none.seed-42.oldckpt,lstnet,oldckpt,australia-covid,7,42,20,none,,,,,,,,,,,lstnet,106,184.83403,,False,False,,,,,,report/predictions/australia-covid/lstnet.australia-covid.w-20.h-7.none.seed-42.oldckpt.npz,,,ok
lstnet.australia-covid.w-20.h-7.none.seed-45,lstnet,current,australia-covid,7,45,20,none,,,,,,,,,,,lstnet,112,238.22934,,False,False,,,,,,report/predictions/australia-covid/lstnet.australia-covid.w-20.h-7.none.seed-45.npz,,,ok
lstnet_lg.australia-covid.w-20.h-14.none.seed-1000,lstnet_lg,current,australia-covid,14,1000,20,none,,,,,,,,,,,lstnet_lg,112,461.306,,False,False,,,,,,report/predictions/australia-covid/lstnet_lg.australia-covid.w-20.h-14.none.seed-1000.npz,,,ok
lstnet_lg.australia-covid.w-20.h-14.none.seed-123,lstnet_lg,current,australia-covid,14,123,20,none,,,,,,,,,,,lstnet_lg,112,311.017487,,False,False,,,,,,report/predictions/australia-covid/lstnet_lg.australia-covid.w-20.h-14.none.seed-123.npz,,,ok
lstnet_lg.australia-covid.w-20.h-14.none.seed-30,lstnet_lg,current,australia-covid,14,30,20,none,,,,,,,,,,,lstnet_lg,112,374.639587,,False,False,,,,,,report/predictions/australia-covid/lstnet_lg.australia-covid.w-20.h-14.none.seed-30.npz,,,ok
lstnet_lg.australia-covid.w-20.h-14.none.seed-42,lstnet_lg,current,australia-covid,14,42,20,none,,,,,,,,,,,lstnet_lg,112,293.431305,,False,False,,,,,,report/predictions/australia-covid/lstnet_lg.australia-covid.w-20.h-14.none.seed-42.npz,,,ok
lstnet_lg.australia-covid.w-20.h-14.none.seed-45,lstnet_lg,current,australia-covid,14,45,20,none,,,,,,,,,,,lstnet_lg,112,646.063171,,False,False,,,,,,report/predictions/australia-covid/lstnet_lg.australia-covid.w-20.h-14.none.seed-45.npz,,,ok
lstnet_lg.australia-covid.w-20.h-3.none.seed-1000,lstnet_lg,current,australia-covid,3,1000,20,none,,,,,,,,,,,lstnet_lg,112,502.134613,,False,False,,,,,,report/predictions/australia-covid/lstnet_lg.australia-covid.w-20.h-3.none.seed-1000.npz,,,ok
lstnet_lg.australia-covid.w-20.h-3.none.seed-123,lstnet_lg,current,australia-covid,3,123,20,none,,,,,,,,,,,lstnet_lg,112,181.059784,,False,False,,,,,,report/predictions/australia-covid/lstnet_lg.australia-covid.w-20.h-3.none.seed-123.npz,,,ok
lstnet_lg.australia-covid.w-20.h-3.none.seed-30,lstnet_lg,current,australia-covid,3,30,20,none,,,,,,,,,,,lstnet_lg,112,125.117325,,False,False,,,,,,report/predictions/australia-covid/lstnet_lg.australia-covid.w-20.h-3.none.seed-30.npz,,,ok
lstnet_lg.australia-covid.w-20.h-3.none.seed-42,lstnet_lg,current,australia-covid,3,42,20,none,,,,,,,,,,,lstnet_lg,112,104.849815,,False,False,,,,,,report/predictions/australia-covid/lstnet_lg.australia-covid.w-20.h-3.none.seed-42.npz,,,ok
lstnet_lg.australia-covid.w-20.h-3.none.seed-45,lstnet_lg,current,australia-covid,3,45,20,none,,,,,,,,,,,lstnet_lg,112,168.828598,,False,False,,,,,,report/predictions/australia-covid/lstnet_lg.australia-covid.w-20.h-3.none.seed-45.npz,,,ok
lstnet_lg.australia-covid.w-20.h-7.none.seed-1000,lstnet_lg,current,australia-covid,7,1000,20,none,,,,,,,,,,,lstnet_lg,112,304.38385,,False,False,,,,,,report/predictions/australia-covid/lstnet_lg.australia-covid.w-20.h-7.none.seed-1000.npz,,,ok
lstnet_lg.australia-covid.w-20.h-7.none.seed-123,lstnet_lg,current,australia-covid,7,123,20,none,,,,,,,,,,,lstnet_lg,112,220.701462,,False,False,,,,,,report/predictions/australia-covid/lstnet_lg.australia-covid.w-20.h-7.none.seed-123.npz,,,ok
lstnet_lg.australia-covid.w-20.h-7.none.seed-30,lstnet_lg,current,australia-covid,7,30,20,none,,,,,,,,,,,lstnet_lg,112,168.658661,,False,False,,,,,,report/predictions/australia-covid/lstnet_lg.australia-covid.w-20.h-7.none.seed-30.npz,,,ok
lstnet_lg.australia-covid.w-20.h-7.none.seed-42,lstnet_lg,current,australia-covid,7,42,20,none,,,,,,,,,,,lstnet_lg,112,224.801575,,False,False,,,,,,report/predictions/australia-covid/lstnet_lg.australia-covid.w-20.h-7.none.seed-42.npz,,,ok
lstnet_lg.australia-covid.w-20.h-7.none.seed-45,lstnet_lg,current,australia-covid,7,45,20,none,,,,,,,,,,,lstnet_lg,112,432.723907,,False,False,,,,,,report/predictions/australia-covid/lstnet_lg.australia-covid.w-20.h-7.none.seed-45.npz,,,ok
CNNRNN_Res.japan.w-20.h-10.none.seed-1000,CNNRNN_Res,current,japan,10,1000,20,none,,,,,,,,,,,CNNRNN_Res,70,1970.568115,,False,False,,,,,,report/predictions/japan/CNNRNN_Res.japan.w-20.h-10.none.seed-1000.npz,,,ok
CNNRNN_Res.japan.w-20.h-10.none.seed-123,CNNRNN_Res,current,japan,10,123,20,none,,,,,,,,,,,CNNRNN_Res,70,2618.672607,,False,False,,,,,,report/predictions/japan/CNNRNN_Res.japan.w-20.h-10.none.seed-123.npz,,,ok
CNNRNN_Res.japan.w-20.h-10.none.seed-30,CNNRNN_Res,current,japan,10,30,20,none,,,,,,,,,,,CNNRNN_Res,70,2588.399658,,False,False,,,,,,report/predictions/japan/CNNRNN_Res.japan.w-20.h-10.none.seed-30.npz,,,ok
CNNRNN_Res.japan.w-20.h-10.none.seed-42,CNNRNN_Res,current,japan,10,42,20,none,,,,,,,,,,,CNNRNN_Res,70,2033.992676,,False,False,,,,,,report/predictions/japan/CNNRNN_Res.japan.w-20.h-10.none.seed-42.npz,,,ok
CNNRNN_Res.japan.w-20.h-10.none.seed-42.oldckpt,CNNRNN_Res,oldckpt,japan,10,42,20,none,,,,,,,,,,,CNNRNN_Res,61,2650.841064,,False,False,,,,,,report/predictions/japan/CNNRNN_Res.japan.w-20.h-10.none.seed-42.oldckpt.npz,,,ok
CNNRNN_Res.japan.w-20.h-10.none.seed-45,CNNRNN_Res,current,japan,10,45,20,none,,,,,,,,,,,CNNRNN_Res,70,2614.159668,,False,False,,,,,,report/predictions/japan/CNNRNN_Res.japan.w-20.h-10.none.seed-45.npz,,,ok
CNNRNN_Res.japan.w-20.h-15.none.seed-1000,CNNRNN_Res,current,japan,15,1000,20,none,,,,,,,,,,,CNNRNN_Res,70,2145.078857,,False,False,,,,,,report/predictions/japan/CNNRNN_Res.japan.w-20.h-15.none.seed-1000.npz,,,ok
CNNRNN_Res.japan.w-20.h-15.none.seed-123,CNNRNN_Res,current,japan,15,123,20,none,,,,,,,,,,,CNNRNN_Res,70,2269.625732,,False,False,,,,,,report/predictions/japan/CNNRNN_Res.japan.w-20.h-15.none.seed-123.npz,,,ok
CNNRNN_Res.japan.w-20.h-15.none.seed-30,CNNRNN_Res,current,japan,15,30,20,none,,,,,,,,,,,CNNRNN_Res,70,2245.97168,,False,False,,,,,,report/predictions/japan/CNNRNN_Res.japan.w-20.h-15.none.seed-30.npz,,,ok
CNNRNN_Res.japan.w-20.h-15.none.seed-42,CNNRNN_Res,current,japan,15,42,20,none,,,,,,,,,,,CNNRNN_Res,70,2135.626953,,False,False,,,,,,report/predictions/japan/CNNRNN_Res.japan.w-20.h-15.none.seed-42.npz,,,ok
CNNRNN_Res.japan.w-20.h-15.none.seed-42.oldckpt,CNNRNN_Res,oldckpt,japan,15,42,20,none,,,,,,,,,,,CNNRNN_Res,56,1915.549683,,False,False,,,,,,report/predictions/japan/CNNRNN_Res.japan.w-20.h-15.none.seed-42.oldckpt.npz,,,ok
CNNRNN_Res.japan.w-20.h-15.none.seed-45,CNNRNN_Res,current,japan,15,45,20,none,,,,,,,,,,,CNNRNN_Res,70,2141.352295,,False,False,,,,,,report/predictions/japan/CNNRNN_Res.japan.w-20.h-15.none.seed-45.npz,,,ok
CNNRNN_Res.japan.w-20.h-3.none.seed-1000,CNNRNN_Res,current,japan,3,1000,20,none,,,,,,,,,,,CNNRNN_Res,70,1756.075928,,False,False,,,,,,report/predictions/japan/CNNRNN_Res.japan.w-20.h-3.none.seed-1000.npz,,,ok
CNNRNN_Res.japan.w-20.h-3.none.seed-123,CNNRNN_Res,current,japan,3,123,20,none,,,,,,,,,,,CNNRNN_Res,70,1922.33374,,False,False,,,,,,report/predictions/japan/CNNRNN_Res.japan.w-20.h-3.none.seed-123.npz,,,ok
CNNRNN_Res.japan.w-20.h-3.none.seed-30,CNNRNN_Res,current,japan,3,30,20,none,,,,,,,,,,,CNNRNN_Res,70,1938.191406,,False,False,,,,,,report/predictions/japan/CNNRNN_Res.japan.w-20.h-3.none.seed-30.npz,,,ok
CNNRNN_Res.japan.w-20.h-3.none.seed-42,CNNRNN_Res,current,japan,3,42,20,none,,,,,,,,,,,CNNRNN_Res,70,1941.167236,,False,False,,,,,,report/predictions/japan/CNNRNN_Res.japan.w-20.h-3.none.seed-42.npz,,,ok
CNNRNN_Res.japan.w-20.h-3.none.seed-42.oldckpt,CNNRNN_Res,oldckpt,japan,3,42,20,none,,,,,,,,,,,CNNRNN_Res,68,2203.79541,,False,False,,,,,,report/predictions/japan/CNNRNN_Res.japan.w-20.h-3.none.seed-42.oldckpt.npz,,,ok
CNNRNN_Res.japan.w-20.h-3.none.seed-45,CNNRNN_Res,current,japan,3,45,20,none,,,,,,,,,,,CNNRNN_Res,70,1964.838989,,False,False,,,,,,report/predictions/japan/CNNRNN_Res.japan.w-20.h-3.none.seed-45.npz,,,ok
CNNRNN_Res.japan.w-20.h-5.none.seed-1000,CNNRNN_Res,current,japan,5,1000,20,none,,,,,,,,,,,CNNRNN_Res,70,2479.773926,,False,False,,,,,,report/predictions/japan/CNNRNN_Res.japan.w-20.h-5.none.seed-1000.npz,,,ok
CNNRNN_Res.japan.w-20.h-5.none.seed-123,CNNRNN_Res,current,japan,5,123,20,none,,,,,,,,,,,CNNRNN_Res,70,2773.020264,,False,False,,,,,,report/predictions/japan/CNNRNN_Res.japan.w-20.h-5.none.seed-123.npz,,,ok
CNNRNN_Res.japan.w-20.h-5.none.seed-30,CNNRNN_Res,current,japan,5,30,20,none,,,,,,,,,,,CNNRNN_Res,70,2675.521729,,False,False,,,,,,report/predictions/japan/CNNRNN_Res.japan.w-20.h-5.none.seed-30.npz,,,ok
CNNRNN_Res.japan.w-20.h-5.none.seed-42,CNNRNN_Res,current,japan,5,42,20,none,,,,,,,,,,,CNNRNN_Res,70,2641.513916,,False,False,,,,,,report/predictions/japan/CNNRNN_Res.japan.w-20.h-5.none.seed-42.npz,,,ok
CNNRNN_Res.japan.w-20.h-5.none.seed-42.oldckpt,CNNRNN_Res,oldckpt,japan,5,42,20,none,,,,,,,,,,,CNNRNN_Res,66,2528.736572,,False,False,,,,,,report/predictions/japan/CNNRNN_Res.japan.w-20.h-5.none.seed-42.oldckpt.npz,,,ok
CNNRNN_Res.japan.w-20.h-5.none.seed-45,CNNRNN_Res,current,japan,5,45,20,none,,,,,,,,,,,CNNRNN_Res,70,2570.422119,,False,False,,,,,,report/predictions/japan/CNNRNN_Res.japan.w-20.h-5.none.seed-45.npz,,,ok
MSAGAT-Net.japan.w-20.h-10.none.seed-1000.with_adj.loggrowth.quant.exp-nodecay-regpre,MSAGAT-Net,current,japan,10,1000,20,none,True,default,loggrowth,True,,nodecay-regpre,False,,,,MSAGAT-Net.loggrowth.quant.exp-nodecay-regpre,70,1949.234164,1949.234164,True,True,,,,,20260819_085320,report/predictions/japan/MSAGAT-Net.japan.w-20.h-10.none.seed-1000.with_adj.loggrowth.quant.exp-nodecay-regpre.npz,save_all/MSAGAT-Net.japan.w-20.h-10.none.seed-1000.with_adj.loggrowth.quant.exp-nodecay-regpre.pt,,manifest_missing
MSAGAT-Net.japan.w-20.h-10.none.seed-1000.with_adj.loggrowth.quant,MSAGAT-Net,current,japan,10,1000,20,none,True,default,loggrowth,True,,,False,,,,MSAGAT-Net.loggrowth.quant,70,1904.774927,1904.774927,True,True,,,,,20260814_031606,report/predictions/japan/MSAGAT-Net.japan.w-20.h-10.none.seed-1000.with_adj.loggrowth.quant.npz,save_all/MSAGAT-Net.japan.w-20.h-10.none.seed-1000.with_adj.loggrowth.quant.pt,,manifest_missing
MSAGAT-Net.japan.w-20.h-10.none.seed-1000.with_adj,MSAGAT-Net,current,japan,10,1000,20,none,True,default,level,False,,,False,,,,MSAGAT-Net,70,1925.693237,1925.693187,True,False,,,,,20260811_092022,report/predictions/japan/MSAGAT-Net.japan.w-20.h-10.none.seed-1000.with_adj.npz,save_all/MSAGAT-Net.japan.w-20.h-10.none.seed-1000.with_adj.pt,,manifest_missing
MSAGAT-Net.japan.w-20.h-10.none.seed-123.with_adj.loggrowth.quant.exp-nodecay-regpre,MSAGAT-Net,current,japan,10,123,20,none,True,default,loggrowth,True,,nodecay-regpre,False,,,,MSAGAT-Net.loggrowth.quant.exp-nodecay-regpre,70,1913.014788,1913.014788,True,True,,,,,20260819_085213,report/predictions/japan/MSAGAT-Net.japan.w-20.h-10.none.seed-123.with_adj.loggrowth.quant.exp-nodecay-regpre.npz,save_all/MSAGAT-Net.japan.w-20.h-10.none.seed-123.with_adj.loggrowth.quant.exp-nodecay-regpre.pt,,manifest_missing
MSAGAT-Net.japan.w-20.h-10.none.seed-123.with_adj.loggrowth.quant,MSAGAT-Net,current,japan,10,123,20,none,True,default,loggrowth,True,,,False,,,,MSAGAT-Net.loggrowth.quant,70,1698.989078,1698.989078,True,True,,,,,20260814_031617,report/predictions/japan/MSAGAT-Net.japan.w-20.h-10.none.seed-123.with_adj.loggrowth.quant.npz,save_all/MSAGAT-Net.japan.w-20.h-10.none.seed-123.with_adj.loggrowth.quant.pt,,manifest_missing
MSAGAT-Net.japan.w-20.h-10.none.seed-123.with_adj,MSAGAT-Net,current,japan,10,123,20,none,True,default,level,False,,,False,,,,MSAGAT-Net,70,1686.069946,1686.069987,True,False,,,,,20260811_092011,report/predictions/japan/MSAGAT-Net.japan.w-20.h-10.none.seed-123.with_adj.npz,save_all/MSAGAT-Net.japan.w-20.h-10.none.seed-123.with_adj.pt,,manifest_missing
MSAGAT-Net.japan.w-20.h-10.none.seed-30.with_adj.loggrowth.quant.exp-nodecay-regpre,MSAGAT-Net,current,japan,10,30,20,none,True,default,loggrowth,True,,nodecay-regpre,False,,,,MSAGAT-Net.loggrowth.quant.exp-nodecay-regpre,70,1947.334919,1947.334919,True,True,,,,,20260819_084800,report/predictions/japan/MSAGAT-Net.japan.w-20.h-10.none.seed-30.with_adj.loggrowth.quant.exp-nodecay-regpre.npz,save_all/MSAGAT-Net.japan.w-20.h-10.none.seed-30.with_adj.loggrowth.quant.exp-nodecay-regpre.pt,,manifest_missing
MSAGAT-Net.japan.w-20.h-10.none.seed-30.with_adj.loggrowth.quant,MSAGAT-Net,current,japan,10,30,20,none,True,default,loggrowth,True,,,False,,,,MSAGAT-Net.loggrowth.quant,70,1765.976101,1765.976101,True,True,,,,,20260814_031627,report/predictions/japan/MSAGAT-Net.japan.w-20.h-10.none.seed-30.with_adj.loggrowth.quant.npz,save_all/MSAGAT-Net.japan.w-20.h-10.none.seed-30.with_adj.loggrowth.quant.pt,,manifest_missing
MSAGAT-Net.japan.w-20.h-10.none.seed-30.with_adj,MSAGAT-Net,current,japan,10,30,20,none,True,default,level,False,,,False,,,,MSAGAT-Net,70,1503.111572,1503.111523,True,False,,,,,20260811_091948,report/predictions/japan/MSAGAT-Net.japan.w-20.h-10.none.seed-30.with_adj.npz,save_all/MSAGAT-Net.japan.w-20.h-10.none.seed-30.with_adj.pt,,manifest_missing
MSAGAT-Net.japan.w-20.h-10.none.seed-42.with_adj.loggrowth.quant.exp-nodecay-regpre,MSAGAT-Net,current,japan,10,42,20,none,True,default,loggrowth,True,,nodecay-regpre,False,,,,MSAGAT-Net.loggrowth.quant.exp-nodecay-regpre,70,1902.829845,1902.829845,True,True,,,,,20260819_084701,report/predictions/japan/MSAGAT-Net.japan.w-20.h-10.none.seed-42.with_adj.loggrowth.quant.exp-nodecay-regpre.npz,save_all/MSAGAT-Net.japan.w-20.h-10.none.seed-42.with_adj.loggrowth.quant.exp-nodecay-regpre.pt,,manifest_missing
MSAGAT-Net.japan.w-20.h-10.none.seed-42.with_adj.loggrowth.quant,MSAGAT-Net,current,japan,10,42,20,none,True,default,loggrowth,True,,,False,,,,MSAGAT-Net.loggrowth.quant,70,1780.915246,1780.915246,True,True,,,,,20260814_031638,report/predictions/japan/MSAGAT-Net.japan.w-20.h-10.none.seed-42.with_adj.loggrowth.quant.npz,save_all/MSAGAT-Net.japan.w-20.h-10.none.seed-42.with_adj.loggrowth.quant.pt,,manifest_missing
MSAGAT-Net.japan.w-20.h-10.none.seed-42.with_adj,MSAGAT-Net,current,japan,10,42,20,none,True,default,level,False,,,False,,,,MSAGAT-Net,70,1584.093872,1584.093905,True,False,,,,,20260811_091937,report/predictions/japan/MSAGAT-Net.japan.w-20.h-10.none.seed-42.with_adj.npz,save_all/MSAGAT-Net.japan.w-20.h-10.none.seed-42.with_adj.pt,,manifest_missing
MSAGAT-Net.japan.w-20.h-10.none.seed-45.with_adj.loggrowth.quant.exp-nodecay-regpre,MSAGAT-Net,current,japan,10,45,20,none,True,default,loggrowth,True,,nodecay-regpre,False,,,,MSAGAT-Net.loggrowth.quant.exp-nodecay-regpre,70,2164.651957,2164.651957,True,True,,,,,20260819_085057,report/predictions/japan/MSAGAT-Net.japan.w-20.h-10.none.seed-45.with_adj.loggrowth.quant.exp-nodecay-regpre.npz,save_all/MSAGAT-Net.japan.w-20.h-10.none.seed-45.with_adj.loggrowth.quant.exp-nodecay-regpre.pt,,manifest_missing
MSAGAT-Net.japan.w-20.h-10.none.seed-45.with_adj.loggrowth.quant,MSAGAT-Net,current,japan,10,45,20,none,True,default,loggrowth,True,,,False,,,,MSAGAT-Net.loggrowth.quant,70,2188.153617,2188.153617,True,True,,,,,20260814_031648,report/predictions/japan/MSAGAT-Net.japan.w-20.h-10.none.seed-45.with_adj.loggrowth.quant.npz,save_all/MSAGAT-Net.japan.w-20.h-10.none.seed-45.with_adj.loggrowth.quant.pt,,manifest_missing
MSAGAT-Net.japan.w-20.h-10.none.seed-45.with_adj,MSAGAT-Net,current,japan,10,45,20,none,True,default,level,False,,,False,,,,MSAGAT-Net,70,2117.107666,2117.107579,True,False,,,,,20260811_092000,report/predictions/japan/MSAGAT-Net.japan.w-20.h-10.none.seed-45.with_adj.npz,save_all/MSAGAT-Net.japan.w-20.h-10.none.seed-45.with_adj.pt,,manifest_missing
MSAGAT-Net.japan.w-20.h-15.none.seed-1000.with_adj.loggrowth.quant.exp-nodecay-regpre,MSAGAT-Net,current,japan,15,1000,20,none,True,default,loggrowth,True,,nodecay-regpre,False,,,,MSAGAT-Net.loggrowth.quant.exp-nodecay-regpre,70,1819.039397,1819.039397,True,True,,,,,20260819_085929,report/predictions/japan/MSAGAT-Net.japan.w-20.h-15.none.seed-1000.with_adj.loggrowth.quant.exp-nodecay-regpre.npz,save_all/MSAGAT-Net.japan.w-20.h-15.none.seed-1000.with_adj.loggrowth.quant.exp-nodecay-regpre.pt,,manifest_missing
MSAGAT-Net.japan.w-20.h-15.none.seed-1000.with_adj.loggrowth.quant,MSAGAT-Net,current,japan,15,1000,20,none,True,default,loggrowth,True,,,False,,,,MSAGAT-Net.loggrowth.quant,70,1772.808126,1772.808126,True,True,,,,,20260814_031658,report/predictions/japan/MSAGAT-Net.japan.w-20.h-15.none.seed-1000.with_adj.loggrowth.quant.npz,save_all/MSAGAT-Net.japan.w-20.h-15.none.seed-1000.with_adj.loggrowth.quant.pt,,manifest_missing
MSAGAT-Net.japan.w-20.h-15.none.seed-1000.with_adj,MSAGAT-Net,current,japan,15,1000,20,none,True,default,level,False,,,False,,,,MSAGAT-Net,70,1639.69043,1639.690443,True,False,,,,,20260811_092118,report/predictions/japan/MSAGAT-Net.japan.w-20.h-15.none.seed-1000.with_adj.npz,save_all/MSAGAT-Net.japan.w-20.h-15.none.seed-1000.with_adj.pt,,manifest_missing
MSAGAT-Net.japan.w-20.h-15.none.seed-123.with_adj.loggrowth.quant.exp-nodecay-regpre,MSAGAT-Net,current,japan,15,123,20,none,True,default,loggrowth,True,,nodecay-regpre,False,,,,MSAGAT-Net.loggrowth.quant.exp-nodecay-regpre,70,2313.930934,2313.930934,True,True,,,,,20260819_085818,report/predictions/japan/MSAGAT-Net.japan.w-20.h-15.none.seed-123.with_adj.loggrowth.quant.exp-nodecay-regpre.npz,save_all/MSAGAT-Net.japan.w-20.h-15.none.seed-123.with_adj.loggrowth.quant.exp-nodecay-regpre.pt,,manifest_missing
MSAGAT-Net.japan.w-20.h-15.none.seed-123.with_adj.loggrowth.quant,MSAGAT-Net,current,japan,15,123,20,none,True,default,loggrowth,True,,,False,,,,MSAGAT-Net.loggrowth.quant,70,1669.05939,1669.05939,True,True,,,,,20260814_031709,report/predictions/japan/MSAGAT-Net.japan.w-20.h-15.none.seed-123.with_adj.loggrowth.quant.npz,save_all/MSAGAT-Net.japan.w-20.h-15.none.seed-123.with_adj.loggrowth.quant.pt,,manifest_missing
MSAGAT-Net.japan.w-20.h-15.none.seed-123.with_adj,MSAGAT-Net,current,japan,15,123,20,none,True,default,level,False,,,False,,,,MSAGAT-Net,70,1599.884399,1599.884371,True,False,,,,,20260811_092107,report/predictions/japan/MSAGAT-Net.japan.w-20.h-15.none.seed-123.with_adj.npz,save_all/MSAGAT-Net.japan.w-20.h-15.none.seed-123.with_adj.pt,,manifest_missing
MSAGAT-Net.japan.w-20.h-15.none.seed-30.with_adj.loggrowth,MSAGAT-Net,current,japan,15,30,20,none,True,default,loggrowth,False,,,False,,,,MSAGAT-Net.loggrowth,70,2037.566895,2037.56687,True,False,,,,,20260811_050151,report/predictions/japan/MSAGAT-Net.japan.w-20.h-15.none.seed-30.with_adj.loggrowth.npz,save_all/MSAGAT-Net.japan.w-20.h-15.none.seed-30.with_adj.loggrowth.pt,,manifest_missing
MSAGAT-Net.japan.w-20.h-15.none.seed-30.with_adj.loggrowth.quant.exp-nodecay-regpre,MSAGAT-Net,current,japan,15,30,20,none,True,default,loggrowth,True,,nodecay-regpre,False,,,,MSAGAT-Net.loggrowth.quant.exp-nodecay-regpre,70,1867.904037,1867.904037,True,True,,,,,20260819_085548,report/predictions/japan/MSAGAT-Net.japan.w-20.h-15.none.seed-30.with_adj.loggrowth.quant.exp-nodecay-regpre.npz,save_all/MSAGAT-Net.japan.w-20.h-15.none.seed-30.with_adj.loggrowth.quant.exp-nodecay-regpre.pt,,manifest_missing
MSAGAT-Net.japan.w-20.h-15.none.seed-30.with_adj.loggrowth.quant,MSAGAT-Net,current,japan,15,30,20,none,True,default,loggrowth,True,,,False,,,,MSAGAT-Net.loggrowth.quant,70,1694.4371,1694.4371,True,True,,,,,20260814_031720,report/predictions/japan/MSAGAT-Net.japan.w-20.h-15.none.seed-30.with_adj.loggrowth.quant.npz,save_all/MSAGAT-Net.japan.w-20.h-15.none.seed-30.with_adj.loggrowth.quant.pt,,manifest_missing
MSAGAT-Net.japan.w-20.h-15.none.seed-30.with_adj,MSAGAT-Net,current,japan,15,30,20,none,True,default,level,False,,,False,,,,MSAGAT-Net,70,1779.286743,1779.286725,True,False,,,,,20260811_092045,report/predictions/japan/MSAGAT-Net.japan.w-20.h-15.none.seed-30.with_adj.npz,save_all/MSAGAT-Net.japan.w-20.h-15.none.seed-30.with_adj.pt,,manifest_missing
MSAGAT-Net.japan.w-20.h-15.none.seed-30.with_adj.pprm-multistep,MSAGAT-Net,current,japan,15,30,20,none,True,default,level,False,,,False,,,,MSAGAT-Net.pprm-multistep,70,1798.133423,1798.133407,False,False,,,,,20260811_030018,report/predictions/japan/MSAGAT-Net.japan.w-20.h-15.none.seed-30.with_adj.pprm-multistep.npz,save_all/MSAGAT-Net.japan.w-20.h-15.none.seed-30.with_adj.pprm-multistep.pt,,manifest_missing
MSAGAT-Net.japan.w-20.h-15.none.seed-30.with_adj.pprm-multistep.sgate,MSAGAT-Net,current,japan,15,30,20,none,True,default,level,False,,,False,,,,MSAGAT-Net.pprm-multistep.sgate,70,1761.723389,1761.723375,False,False,,,,,20260811_034641,report/predictions/japan/MSAGAT-Net.japan.w-20.h-15.none.seed-30.with_adj.pprm-multistep.sgate.npz,save_all/MSAGAT-Net.japan.w-20.h-15.none.seed-30.with_adj.pprm-multistep.sgate.pt,,manifest_missing
MSAGAT-Net.japan.w-20.h-15.none.seed-30.with_adj.sgate,MSAGAT-Net,current,japan,15,30,20,none,True,default,level,False,,,False,,,,MSAGAT-Net.sgate,70,1785.205811,1785.2058,False,False,,,,,20260811_032434,report/predictions/japan/MSAGAT-Net.japan.w-20.h-15.none.seed-30.with_adj.sgate.npz,save_all/MSAGAT-Net.japan.w-20.h-15.none.seed-30.with_adj.sgate.pt,,manifest_missing
MSAGAT-Net.japan.w-20.h-15.none.seed-42.with_adj.loggrowth,MSAGAT-Net,current,japan,15,42,20,none,True,default,loggrowth,False,,,False,,,,MSAGAT-Net.loggrowth,70,1588.620972,1588.621022,True,False,,,,,20260811_050029,report/predictions/japan/MSAGAT-Net.japan.w-20.h-15.none.seed-42.with_adj.loggrowth.npz,save_all/MSAGAT-Net.japan.w-20.h-15.none.seed-42.with_adj.loggrowth.pt,,manifest_missing
MSAGAT-Net.japan.w-20.h-15.none.seed-42.with_adj.loggrowth.quant.exp-nodecay-regpre,MSAGAT-Net,current,japan,15,42,20,none,True,default,loggrowth,True,,nodecay-regpre,False,,,,MSAGAT-Net.loggrowth.quant.exp-nodecay-regpre,70,1764.377164,1764.377164,True,True,,,,,20260819_085440,report/predictions/japan/MSAGAT-Net.japan.w-20.h-15.none.seed-42.with_adj.loggrowth.quant.exp-nodecay-regpre.npz,save_all/MSAGAT-Net.japan.w-20.h-15.none.seed-42.with_adj.loggrowth.quant.exp-nodecay-regpre.pt,,manifest_missing
MSAGAT-Net.japan.w-20.h-15.none.seed-42.with_adj.loggrowth.quant,MSAGAT-Net,current,japan,15,42,20,none,True,default,loggrowth,True,,,False,,,,MSAGAT-Net.loggrowth.quant,70,1769.074616,1769.074616,True,True,,,,,20260814_031730,report/predictions/japan/MSAGAT-Net.japan.w-20.h-15.none.seed-42.with_adj.loggrowth.quant.npz,save_all/MSAGAT-Net.japan.w-20.h-15.none.seed-42.with_adj.loggrowth.quant.pt,,manifest_missing
MSAGAT-Net.japan.w-20.h-15.none.seed-42.with_adj,MSAGAT-Net,current,japan,15,42,20,none,True,default,level,False,,,False,,,,MSAGAT-Net,70,1549.666138,1549.666174,True,False,,,,,20260811_092033,report/predictions/japan/MSAGAT-Net.japan.w-20.h-15.none.seed-42.with_adj.npz,save_all/MSAGAT-Net.japan.w-20.h-15.none.seed-42.with_adj.pt,,manifest_missing
MSAGAT-Net.japan.w-20.h-15.none.seed-42.with_adj.pprm-multistep,MSAGAT-Net,current,japan,15,42,20,none,True,default,level,False,,,False,,,,MSAGAT-Net.pprm-multistep,70,1718.886963,1718.886995,False,False,,,,,20260811_025923,report/predictions/japan/MSAGAT-Net.japan.w-20.h-15.none.seed-42.with_adj.pprm-multistep.npz,save_all/MSAGAT-Net.japan.w-20.h-15.none.seed-42.with_adj.pprm-multistep.pt,,manifest_missing
MSAGAT-Net.japan.w-20.h-15.none.seed-42.with_adj.pprm-multistep.sgate,MSAGAT-Net,current,japan,15,42,20,none,True,default,level,False,,,False,,,,MSAGAT-Net.pprm-multistep.sgate,70,1824.61792,1824.617974,False,False,,,,,20260811_034536,report/predictions/japan/MSAGAT-Net.japan.w-20.h-15.none.seed-42.with_adj.pprm-multistep.sgate.npz,save_all/MSAGAT-Net.japan.w-20.h-15.none.seed-42.with_adj.pprm-multistep.sgate.pt,,manifest_missing
MSAGAT-Net.japan.w-20.h-15.none.seed-42.with_adj.sgate,MSAGAT-Net,current,japan,15,42,20,none,True,default,level,False,,,False,,,,MSAGAT-Net.sgate,70,1738.774658,1738.77464,False,False,,,,,20260811_032346,report/predictions/japan/MSAGAT-Net.japan.w-20.h-15.none.seed-42.with_adj.sgate.npz,save_all/MSAGAT-Net.japan.w-20.h-15.none.seed-42.with_adj.sgate.pt,,manifest_missing
MSAGAT-Net.japan.w-20.h-15.none.seed-45.with_adj.loggrowth,MSAGAT-Net,current,japan,15,45,20,none,True,default,loggrowth,False,,,False,,,,MSAGAT-Net.loggrowth,70,2058.46167,2058.461561,True,False,,,,,20260811_050336,report/predictions/japan/MSAGAT-Net.japan.w-20.h-15.none.seed-45.with_adj.loggrowth.npz,save_all/MSAGAT-Net.japan.w-20.h-15.none.seed-45.with_adj.loggrowth.pt,,manifest_missing
MSAGAT-Net.japan.w-20.h-15.none.seed-45.with_adj.loggrowth.quant.exp-nodecay-regpre,MSAGAT-Net,current,japan,15,45,20,none,True,default,loggrowth,True,,nodecay-regpre,False,,,,MSAGAT-Net.loggrowth.quant.exp-nodecay-regpre,70,1934.190009,1934.190009,True,True,,,,,20260819_085709,report/predictions/japan/MSAGAT-Net.japan.w-20.h-15.none.seed-45.with_adj.loggrowth.quant.exp-nodecay-regpre.npz,save_all/MSAGAT-Net.japan.w-20.h-15.none.seed-45.with_adj.loggrowth.quant.exp-nodecay-regpre.pt,,manifest_missing
MSAGAT-Net.japan.w-20.h-15.none.seed-45.with_adj.loggrowth.quant,MSAGAT-Net,current,japan,15,45,20,none,True,default,loggrowth,True,,,False,,,,MSAGAT-Net.loggrowth.quant,70,2158.748244,2158.748244,True,True,,,,,20260814_031740,report/predictions/japan/MSAGAT-Net.japan.w-20.h-15.none.seed-45.with_adj.loggrowth.quant.npz,save_all/MSAGAT-Net.japan.w-20.h-15.none.seed-45.with_adj.loggrowth.quant.pt,,manifest_missing
MSAGAT-Net.japan.w-20.h-15.none.seed-45.with_adj,MSAGAT-Net,current,japan,15,45,20,none,True,default,level,False,,,False,,,,MSAGAT-Net,70,1740.1875,1740.18749,True,False,,,,,20260811_092056,report/predictions/japan/MSAGAT-Net.japan.w-20.h-15.none.seed-45.with_adj.npz,save_all/MSAGAT-Net.japan.w-20.h-15.none.seed-45.with_adj.pt,,manifest_missing
MSAGAT-Net.japan.w-20.h-15.none.seed-45.with_adj.pprm-multistep,MSAGAT-Net,current,japan,15,45,20,none,True,default,level,False,,,False,,,,MSAGAT-Net.pprm-multistep,70,1804.48584,1804.485799,False,False,,,,,20260811_030124,report/predictions/japan/MSAGAT-Net.japan.w-20.h-15.none.seed-45.with_adj.pprm-multistep.npz,save_all/MSAGAT-Net.japan.w-20.h-15.none.seed-45.with_adj.pprm-multistep.pt,,manifest_missing
MSAGAT-Net.japan.w-20.h-15.none.seed-45.with_adj.pprm-multistep.sgate,MSAGAT-Net,current,japan,15,45,20,none,True,default,level,False,,,False,,,,MSAGAT-Net.pprm-multistep.sgate,70,2033.776855,2033.776905,False,False,,,,,20260811_034725,report/predictions/japan/MSAGAT-Net.japan.w-20.h-15.none.seed-45.with_adj.pprm-multistep.sgate.npz,save_all/MSAGAT-Net.japan.w-20.h-15.none.seed-45.with_adj.pprm-multistep.sgate.pt,,manifest_missing
MSAGAT-Net.japan.w-20.h-15.none.seed-45.with_adj.sgate,MSAGAT-Net,current,japan,15,45,20,none,True,default,level,False,,,False,,,,MSAGAT-Net.sgate,70,1589.27124,1589.271295,False,False,,,,,20260811_032524,report/predictions/japan/MSAGAT-Net.japan.w-20.h-15.none.seed-45.with_adj.sgate.npz,save_all/MSAGAT-Net.japan.w-20.h-15.none.seed-45.with_adj.sgate.pt,,manifest_missing
MSAGAT-Net.japan.w-20.h-3.no_agam.seed-42.with_adj.loggrowth.quant,MSAGAT-Net,current,japan,3,42,20,no_agam,True,default,loggrowth,True,,,False,,,,MSAGAT-Net.loggrowth.quant,70,1567.966204,1567.966204,True,True,,,,,20260819_020115,report/predictions/japan/MSAGAT-Net.japan.w-20.h-3.no_agam.seed-42.with_adj.loggrowth.quant.npz,save_attn/MSAGAT-Net.japan.w-20.h-3.no_agam.seed-42.with_adj.loggrowth.quant.pt,,manifest_missing
MSAGAT-Net.japan.w-20.h-3.none.seed-1000.with_adj.loggrowth.quant.exp-nodecay-regpre,MSAGAT-Net,current,japan,3,1000,20,none,True,default,loggrowth,True,,nodecay-regpre,False,,,,MSAGAT-Net.loggrowth.quant.exp-nodecay-regpre,70,1503.280029,1503.280029,True,True,,,,,20260819_084118,report/predictions/japan/MSAGAT-Net.japan.w-20.h-3.none.seed-1000.with_adj.loggrowth.quant.exp-nodecay-regpre.npz,save_all/MSAGAT-Net.japan.w-20.h-3.none.seed-1000.with_adj.loggrowth.quant.exp-nodecay-regpre.pt,,manifest_missing
MSAGAT-Net.japan.w-20.h-3.none.seed-1000.with_adj.loggrowth.quant,MSAGAT-Net,current,japan,3,1000,20,none,True,default,loggrowth,True,,,False,,,,MSAGAT-Net.loggrowth.quant,70,1481.54746,1481.54746,True,True,,,,,20260814_031751,report/predictions/japan/MSAGAT-Net.japan.w-20.h-3.none.seed-1000.with_adj.loggrowth.quant.npz,save_all/MSAGAT-Net.japan.w-20.h-3.none.seed-1000.with_adj.loggrowth.quant.pt,,manifest_missing
MSAGAT-Net.japan.w-20.h-3.none.seed-1000.with_adj,MSAGAT-Net,current,japan,3,1000,20,none,True,default,level,False,,,False,,,,MSAGAT-Net,70,1410.376221,1410.37628,True,False,,,,,20260811_091830,report/predictions/japan/MSAGAT-Net.japan.w-20.h-3.none.seed-1000.with_adj.npz,save_all/MSAGAT-Net.japan.w-20.h-3.none.seed-1000.with_adj.pt,,manifest_missing
MSAGAT-Net.japan.w-20.h-3.none.seed-123.with_adj.loggrowth.quant.exp-nodecay-regpre,MSAGAT-Net,current,japan,3,123,20,none,True,default,loggrowth,True,,nodecay-regpre,False,,,,MSAGAT-Net.loggrowth.quant.exp-nodecay-regpre,70,1414.499623,1414.499623,True,True,,,,,20260819_084034,report/predictions/japan/MSAGAT-Net.japan.w-20.h-3.none.seed-123.with_adj.loggrowth.quant.exp-nodecay-regpre.npz,save_all/MSAGAT-Net.japan.w-20.h-3.none.seed-123.with_adj.loggrowth.quant.exp-nodecay-regpre.pt,,manifest_missing
MSAGAT-Net.japan.w-20.h-3.none.seed-123.with_adj.loggrowth.quant,MSAGAT-Net,current,japan,3,123,20,none,True,default,loggrowth,True,,,False,,,,MSAGAT-Net.loggrowth.quant,70,1531.738231,1531.738231,True,True,,,,,20260814_031801,report/predictions/japan/MSAGAT-Net.japan.w-20.h-3.none.seed-123.with_adj.loggrowth.quant.npz,save_all/MSAGAT-Net.japan.w-20.h-3.none.seed-123.with_adj.loggrowth.quant.pt,,manifest_missing
MSAGAT-Net.japan.w-20.h-3.none.seed-123.with_adj,MSAGAT-Net,current,japan,3,123,20,none,True,default,level,False,,,False,,,,MSAGAT-Net,70,1541.976074,1541.976086,True,False,,,,,20260811_091818,report/predictions/japan/MSAGAT-Net.japan.w-20.h-3.none.seed-123.with_adj.npz,save_all/MSAGAT-Net.japan.w-20.h-3.none.seed-123.with_adj.pt,,manifest_missing
MSAGAT-Net.japan.w-20.h-3.none.seed-30.with_adj.loggrowth.quant.exp-nodecay-regpre,MSAGAT-Net,current,japan,3,30,20,none,True,default,loggrowth,True,,nodecay-regpre,False,,,,MSAGAT-Net.loggrowth.quant.exp-nodecay-regpre,70,1561.556107,1561.556107,True,True,,,,,20260819_083818,report/predictions/japan/MSAGAT-Net.japan.w-20.h-3.none.seed-30.with_adj.loggrowth.quant.exp-nodecay-regpre.npz,save_all/MSAGAT-Net.japan.w-20.h-3.none.seed-30.with_adj.loggrowth.quant.exp-nodecay-regpre.pt,,manifest_missing
MSAGAT-Net.japan.w-20.h-3.none.seed-30.with_adj.loggrowth.quant,MSAGAT-Net,current,japan,3,30,20,none,True,default,loggrowth,True,,,False,,,,MSAGAT-Net.loggrowth.quant,70,1206.403786,1206.403786,True,True,,,,,20260814_031811,report/predictions/japan/MSAGAT-Net.japan.w-20.h-3.none.seed-30.with_adj.loggrowth.quant.npz,save_all/MSAGAT-Net.japan.w-20.h-3.none.seed-30.with_adj.loggrowth.quant.pt,,manifest_missing
MSAGAT-Net.japan.w-20.h-3.none.seed-30.with_adj,MSAGAT-Net,current,japan,3,30,20,none,True,default,level,False,,,False,,,,MSAGAT-Net,70,1684.193848,1684.193798,True,False,,,,,20260811_091756,report/predictions/japan/MSAGAT-Net.japan.w-20.h-3.none.seed-30.with_adj.npz,save_all/MSAGAT-Net.japan.w-20.h-3.none.seed-30.with_adj.pt,,manifest_missing
MSAGAT-Net.japan.w-20.h-3.none.seed-42.with_adj.loggrowth.quant.exp-nodecay-regent,MSAGAT-Net,current,japan,3,42,20,none,True,default,loggrowth,True,,nodecay-regent,False,,,,MSAGAT-Net.loggrowth.quant.exp-nodecay-regent,70,1272.281027,1272.281027,True,True,,,,,20260819_074945,report/predictions/japan/MSAGAT-Net.japan.w-20.h-3.none.seed-42.with_adj.loggrowth.quant.exp-nodecay-regent.npz,save_attn/MSAGAT-Net.japan.w-20.h-3.none.seed-42.with_adj.loggrowth.quant.exp-nodecay-regent.pt,,manifest_missing
MSAGAT-Net.japan.w-20.h-3.none.seed-42.with_adj.loggrowth.quant.exp-nodecay-regpre-adjstd-lrx10,MSAGAT-Net,current,japan,3,42,20,none,True,default,loggrowth,True,,nodecay-regpre-adjstd-lrx10,False,,,,MSAGAT-Net.loggrowth.quant.exp-nodecay-regpre-adjstd-lrx10,70,1314.524108,1314.524108,True,True,,,,,20260819_074452,report/predictions/japan/MSAGAT-Net.japan.w-20.h-3.none.seed-42.with_adj.loggrowth.quant.exp-nodecay-regpre-adjstd-lrx10.npz,save_attn/MSAGAT-Net.japan.w-20.h-3.none.seed-42.with_adj.loggrowth.quant.exp-nodecay-regpre-adjstd-lrx10.pt,,manifest_missing
MSAGAT-Net.japan.w-20.h-3.none.seed-42.with_adj.loggrowth.quant.exp-nodecay-regpre-adjstd,MSAGAT-Net,current,japan,3,42,20,none,True,default,loggrowth,True,,nodecay-regpre-adjstd,False,,,,MSAGAT-Net.loggrowth.quant.exp-nodecay-regpre-adjstd,70,1288.176789,1288.176789,True,True,,,,,20260819_071100,report/predictions/japan/MSAGAT-Net.japan.w-20.h-3.none.seed-42.with_adj.loggrowth.quant.exp-nodecay-regpre-adjstd.npz,save_attn/MSAGAT-Net.japan.w-20.h-3.none.seed-42.with_adj.loggrowth.quant.exp-nodecay-regpre-adjstd.pt,,manifest_missing
MSAGAT-Net.japan.w-20.h-3.none.seed-42.with_adj.loggrowth.quant.exp-nodecay-regpre-init10,MSAGAT-Net,current,japan,3,42,20,none,True,default,loggrowth,True,,nodecay-regpre-init10,False,,,,MSAGAT-Net.loggrowth.quant.exp-nodecay-regpre-init10,70,1320.499822,1320.499822,True,True,,,,,20260819_025146,report/predictions/japan/MSAGAT-Net.japan.w-20.h-3.none.seed-42.with_adj.loggrowth.quant.exp-nodecay-regpre-init10.npz,save_attn/MSAGAT-Net.japan.w-20.h-3.none.seed-42.with_adj.loggrowth.quant.exp-nodecay-regpre-init10.pt,,manifest_missing
MSAGAT-Net.japan.w-20.h-3.none.seed-42.with_adj.loggrowth.quant.exp-nodecay-regpre-lrx10,MSAGAT-Net,current,japan,3,42,20,none,True,default,loggrowth,True,,nodecay-regpre-lrx10,False,,,,MSAGAT-Net.loggrowth.quant.exp-nodecay-regpre-lrx10,70,1302.78875,1302.78875,True,True,,,,,20260819_065921,report/predictions/japan/MSAGAT-Net.japan.w-20.h-3.none.seed-42.with_adj.loggrowth.quant.exp-nodecay-regpre-lrx10.npz,save_attn/MSAGAT-Net.japan.w-20.h-3.none.seed-42.with_adj.loggrowth.quant.exp-nodecay-regpre-lrx10.pt,,manifest_missing
MSAGAT-Net.japan.w-20.h-3.none.seed-42.with_adj.loggrowth.quant.exp-nodecay-regpre-multgate,MSAGAT-Net,current,japan,3,42,20,none,True,default,loggrowth,True,,nodecay-regpre-multgate,False,,,,MSAGAT-Net.loggrowth.quant.exp-nodecay-regpre-multgate,70,1243.556469,1243.556469,True,True,,,,,20260819_072653,report/predictions/japan/MSAGAT-Net.japan.w-20.h-3.none.seed-42.with_adj.loggrowth.quant.exp-nodecay-regpre-multgate.npz,save_attn/MSAGAT-Net.japan.w-20.h-3.none.seed-42.with_adj.loggrowth.quant.exp-nodecay-regpre-multgate.pt,,manifest_missing
MSAGAT-Net.japan.w-20.h-3.none.seed-42.with_adj.loggrowth.quant.exp-nodecay-regpre-rank16,MSAGAT-Net,current,japan,3,42,20,none,True,default,loggrowth,True,,nodecay-regpre-rank16,False,,,,MSAGAT-Net.loggrowth.quant.exp-nodecay-regpre-rank16,70,1473.407602,1473.407602,True,True,,,,,20260819_073747,report/predictions/japan/MSAGAT-Net.japan.w-20.h-3.none.seed-42.with_adj.loggrowth.quant.exp-nodecay-regpre-rank16.npz,save_attn/MSAGAT-Net.japan.w-20.h-3.none.seed-42.with_adj.loggrowth.quant.exp-nodecay-regpre-rank16.pt,,manifest_missing
MSAGAT-Net.japan.w-20.h-3.none.seed-42.with_adj.loggrowth.quant.exp-nodecay-regpre-rank2,MSAGAT-Net,current,japan,3,42,20,none,True,default,loggrowth,True,,nodecay-regpre-rank2,False,,,,MSAGAT-Net.loggrowth.quant.exp-nodecay-regpre-rank2,70,1641.58089,1641.58089,True,True,,,,,20260819_073242,report/predictions/japan/MSAGAT-Net.japan.w-20.h-3.none.seed-42.with_adj.loggrowth.quant.exp-nodecay-regpre-rank2.npz,save_attn/MSAGAT-Net.japan.w-20.h-3.none.seed-42.with_adj.loggrowth.quant.exp-nodecay-regpre-rank2.pt,,manifest_missing
MSAGAT-Net.japan.w-20.h-3.none.seed-42.with_adj.loggrowth.quant.exp-nodecay-regpre-renewal_lag0.renewal,MSAGAT-Net,current,japan,3,42,20,none,True,default,loggrowth,True,,nodecay-regpre-renewal_lag0,True,,,,MSAGAT-Net.loggrowth.quant.exp-nodecay-regpre-renewal_lag0.renewal,70,1728.825644,1728.825644,True,True,,,,,20260819_112447,report/predictions/japan/MSAGAT-Net.japan.w-20.h-3.none.seed-42.with_adj.loggrowth.quant.exp-nodecay-regpre-renewal_lag0.renewal.npz,save_attn/MSAGAT-Net.japan.w-20.h-3.none.seed-42.with_adj.loggrowth.quant.exp-nodecay-regpre-renewal_lag0.renewal.pt,,manifest_missing
MSAGAT-Net.japan.w-20.h-3.none.seed-42.with_adj.loggrowth.quant.exp-nodecay-regpre-renewres-renewal_lag0.renewal7,MSAGAT-Net,current,japan,3,42,20,none,True,default,loggrowth,True,,nodecay-regpre-renewres-renewal_lag0,True,7,,,MSAGAT-Net.loggrowth.quant.exp-nodecay-regpre-renewres-renewal_lag0.renewal7,70,1387.366023,1387.366023,True,True,,,,,20260819_115606,report/predictions/japan/MSAGAT-Net.japan.w-20.h-3.none.seed-42.with_adj.loggrowth.quant.exp-nodecay-regpre-renewres-renewal_lag0.renewal7.npz,save_attn/MSAGAT-Net.japan.w-20.h-3.none.seed-42.with_adj.loggrowth.quant.exp-nodecay-regpre-renewres-renewal_lag0.renewal7.pt,,manifest_missing
MSAGAT-Net.japan.w-20.h-3.none.seed-42.with_adj.loggrowth.quant.exp-nodecay-regpre-renewres.renewal7,MSAGAT-Net,current,japan,3,42,20,none,True,default,loggrowth,True,,nodecay-regpre-renewres,True,7,,,MSAGAT-Net.loggrowth.quant.exp-nodecay-regpre-renewres.renewal7,70,1579.655316,1579.655316,True,True,,,,,20260819_120317,report/predictions/japan/MSAGAT-Net.japan.w-20.h-3.none.seed-42.with_adj.loggrowth.quant.exp-nodecay-regpre-renewres.renewal7.npz,save_attn/MSAGAT-Net.japan.w-20.h-3.none.seed-42.with_adj.loggrowth.quant.exp-nodecay-regpre-renewres.renewal7.pt,,manifest_missing
MSAGAT-Net.japan.w-20.h-3.none.seed-42.with_adj.loggrowth.quant.exp-nodecay-regpre-reniter-giunif.renewal7,MSAGAT-Net,current,japan,3,42,20,none,True,default,loggrowth,True,,nodecay-regpre-reniter-giunif,True,7,,,MSAGAT-Net.loggrowth.quant.exp-nodecay-regpre-reniter-giunif.renewal7,70,1624.883541,1624.883541,True,True,,,,,20260820_092811,report/predictions/japan/MSAGAT-Net.japan.w-20.h-3.none.seed-42.with_adj.loggrowth.quant.exp-nodecay-regpre-reniter-giunif.renewal7.npz,save_attn/MSAGAT-Net.japan.w-20.h-3.none.seed-42.with_adj.loggrowth.quant.exp-nodecay-regpre-reniter-giunif.renewal7.pt,,manifest_missing
MSAGAT-Net.japan.w-20.h-3.none.seed-42.with_adj.loggrowth.quant.exp-nodecay-regpre-reniter-renewres.renewal7,MSAGAT-Net,current,japan,3,42,20,none,True,default,loggrowth,True,,nodecay-regpre-reniter-renewres,True,7,,,MSAGAT-Net.loggrowth.quant.exp-nodecay-regpre-reniter-renewres.renewal7,70,1372.014743,1372.014743,True,True,,,,,20260820_042058,report/predictions/japan/MSAGAT-Net.japan.w-20.h-3.none.seed-42.with_adj.loggrowth.quant.exp-nodecay-regpre-reniter-renewres.renewal7.npz,save_attn/MSAGAT-Net.japan.w-20.h-3.none.seed-42.with_adj.loggrowth.quant.exp-nodecay-regpre-reniter-renewres.renewal7.pt,,manifest_missing
MSAGAT-Net.japan.w-20.h-3.none.seed-42.with_adj.loggrowth.quant.exp-nodecay-regpre-reniter.renewal14,MSAGAT-Net,current,japan,3,42,20,none,True,default,loggrowth,True,,nodecay-regpre-reniter,True,14,,,MSAGAT-Net.loggrowth.quant.exp-nodecay-regpre-reniter.renewal14,70,1499.437877,1499.437877,True,True,,,,,20260820_041011,report/predictions/japan/MSAGAT-Net.japan.w-20.h-3.none.seed-42.with_adj.loggrowth.quant.exp-nodecay-regpre-reniter.renewal14.npz,save_attn/MSAGAT-Net.japan.w-20.h-3.none.seed-42.with_adj.loggrowth.quant.exp-nodecay-regpre-reniter.renewal14.pt,,manifest_missing
MSAGAT-Net.japan.w-20.h-3.none.seed-42.with_adj.loggrowth.quant.exp-nodecay-regpre-reniter.renewal7.gifix5.2-1.72,MSAGAT-Net,current,japan,3,42,20,none,True,default,loggrowth,True,,nodecay-regpre-reniter,True,7,5.2-1.72,,MSAGAT-Net.loggrowth.quant.exp-nodecay-regpre-reniter.renewal7.gifix5.2-1.72,70,1540.518413,1540.518413,True,True,,,,,20260820_103138,report/predictions/japan/MSAGAT-Net.japan.w-20.h-3.none.seed-42.with_adj.loggrowth.quant.exp-nodecay-regpre-reniter.renewal7.gifix5.2-1.72.npz,save_attn/MSAGAT-Net.japan.w-20.h-3.none.seed-42.with_adj.loggrowth.quant.exp-nodecay-regpre-reniter.renewal7.gifix5.2-1.72.pt,,manifest_missing
MSAGAT-Net.japan.w-20.h-3.none.seed-42.with_adj.loggrowth.quant.exp-nodecay-regpre-reniter.renewal7,MSAGAT-Net,current,japan,3,42,20,none,True,default,loggrowth,True,,nodecay-regpre-reniter,True,7,,,MSAGAT-Net.loggrowth.quant.exp-nodecay-regpre-reniter.renewal7,70,1504.62542,1504.62542,True,True,,,,,20260820_022455,report/predictions/japan/MSAGAT-Net.japan.w-20.h-3.none.seed-42.with_adj.loggrowth.quant.exp-nodecay-regpre-reniter.renewal7.npz,save_attn/MSAGAT-Net.japan.w-20.h-3.none.seed-42.with_adj.loggrowth.quant.exp-nodecay-regpre-reniter.renewal7.pt,,manifest_missing
MSAGAT-Net.japan.w-20.h-3.none.seed-42.with_adj.loggrowth.quant.exp-nodecay-regpre-scorenorm,MSAGAT-Net,current,japan,3,42,20,none,True,default,loggrowth,True,,nodecay-regpre-scorenorm,False,,,,MSAGAT-Net.loggrowth.quant.exp-nodecay-regpre-scorenorm,70,1291.095158,1291.095158,True,True,,,,,20260819_071806,report/predictions/japan/MSAGAT-Net.japan.w-20.h-3.none.seed-42.with_adj.loggrowth.quant.exp-nodecay-regpre-scorenorm.npz,save_attn/MSAGAT-Net.japan.w-20.h-3.none.seed-42.with_adj.loggrowth.quant.exp-nodecay-regpre-scorenorm.pt,,manifest_missing
MSAGAT-Net.japan.w-20.h-3.none.seed-42.with_adj.loggrowth.quant.exp-nodecay-regpre-temp,MSAGAT-Net,current,japan,3,42,20,none,True,default,loggrowth,True,,nodecay-regpre-temp,False,,,,MSAGAT-Net.loggrowth.quant.exp-nodecay-regpre-temp,70,1281.104586,1281.104586,True,True,,,,,20260819_024303,report/predictions/japan/MSAGAT-Net.japan.w-20.h-3.none.seed-42.with_adj.loggrowth.quant.exp-nodecay-regpre-temp.npz,save_attn/MSAGAT-Net.japan.w-20.h-3.none.seed-42.with_adj.loggrowth.quant.exp-nodecay-regpre-temp.pt,,manifest_missing
MSAGAT-Net.japan.w-20.h-3.none.seed-42.with_adj.loggrowth.quant.exp-nodecay-regpre,MSAGAT-Net,current,japan,3,42,20,none,True,default,loggrowth,True,,nodecay-regpre,False,,,,MSAGAT-Net.loggrowth.quant.exp-nodecay-regpre,70,1283.29067,1283.29067,True,True,,,,,20260819_020838,report/predictions/japan/MSAGAT-Net.japan.w-20.h-3.none.seed-42.with_adj.loggrowth.quant.exp-nodecay-regpre.npz,save_attn/MSAGAT-Net.japan.w-20.h-3.none.seed-42.with_adj.loggrowth.quant.exp-nodecay-regpre.pt,,manifest_missing
MSAGAT-Net.japan.w-20.h-3.none.seed-42.with_adj.loggrowth.quant.exp-nodecay-regpre.renewal,MSAGAT-Net,current,japan,3,42,20,none,True,default,loggrowth,True,,nodecay-regpre,True,,,,MSAGAT-Net.loggrowth.quant.exp-nodecay-regpre.renewal,70,2038.925323,2038.925323,True,True,,,,,20260819_111516,report/predictions/japan/MSAGAT-Net.japan.w-20.h-3.none.seed-42.with_adj.loggrowth.quant.exp-nodecay-regpre.renewal.npz,save_attn/MSAGAT-Net.japan.w-20.h-3.none.seed-42.with_adj.loggrowth.quant.exp-nodecay-regpre.renewal.pt,,manifest_missing
MSAGAT-Net.japan.w-20.h-3.none.seed-42.with_adj.loggrowth.quant.exp-nodecay-regpre.renewal21,MSAGAT-Net,current,japan,3,42,20,none,True,default,loggrowth,True,,nodecay-regpre,True,21,,,MSAGAT-Net.loggrowth.quant.exp-nodecay-regpre.renewal21,70,1974.428012,1974.428012,True,True,,,,,20260819_114552,report/predictions/japan/MSAGAT-Net.japan.w-20.h-3.none.seed-42.with_adj.loggrowth.quant.exp-nodecay-regpre.renewal21.npz,save_attn/MSAGAT-Net.japan.w-20.h-3.none.seed-42.with_adj.loggrowth.quant.exp-nodecay-regpre.renewal21.pt,,manifest_missing
MSAGAT-Net.japan.w-20.h-3.none.seed-42.with_adj.loggrowth.quant.exp-nodecay-regpre.renewal7,MSAGAT-Net,current,japan,3,42,20,none,True,default,loggrowth,True,,nodecay-regpre,True,7,,,MSAGAT-Net.loggrowth.quant.exp-nodecay-regpre.renewal7,70,1683.673616,1683.673616,True,True,,,,,20260819_113527,report/predictions/japan/MSAGAT-Net.japan.w-20.h-3.none.seed-42.with_adj.loggrowth.quant.exp-nodecay-regpre.renewal7.npz,save_attn/MSAGAT-Net.japan.w-20.h-3.none.seed-42.with_adj.loggrowth.quant.exp-nodecay-regpre.renewal7.pt,,manifest_missing
MSAGAT-Net.japan.w-20.h-3.none.seed-42.with_adj.loggrowth.quant,MSAGAT-Net,current,japan,3,42,20,none,True,default,loggrowth,True,,,False,,,,MSAGAT-Net.loggrowth.quant,70,1328.714578,1328.714578,True,True,,,,,20260814_031821,report/predictions/japan/MSAGAT-Net.japan.w-20.h-3.none.seed-42.with_adj.loggrowth.quant.npz,save_all/MSAGAT-Net.japan.w-20.h-3.none.seed-42.with_adj.loggrowth.quant.pt,,manifest_missing
MSAGAT-Net.japan.w-20.h-3.none.seed-42.with_adj,MSAGAT-Net,current,japan,3,42,20,none,True,default,level,False,,,False,,,,MSAGAT-Net,70,1385.142578,1385.142547,True,False,,,,,20260811_091745,report/predictions/japan/MSAGAT-Net.japan.w-20.h-3.none.seed-42.with_adj.npz,save_all/MSAGAT-Net.japan.w-20.h-3.none.seed-42.with_adj.pt,,manifest_missing
MSAGAT-Net.japan.w-20.h-3.none.seed-45.with_adj.loggrowth.quant.exp-nodecay-regpre,MSAGAT-Net,current,japan,3,45,20,none,True,default,loggrowth,True,,nodecay-regpre,False,,,,MSAGAT-Net.loggrowth.quant.exp-nodecay-regpre,70,2061.226196,2061.226196,True,True,,,,,20260819_083901,report/predictions/japan/MSAGAT-Net.japan.w-20.h-3.none.seed-45.with_adj.loggrowth.quant.exp-nodecay-regpre.npz,save_all/MSAGAT-Net.japan.w-20.h-3.none.seed-45.with_adj.loggrowth.quant.exp-nodecay-regpre.pt,,manifest_missing
MSAGAT-Net.japan.w-20.h-3.none.seed-45.with_adj.loggrowth.quant,MSAGAT-Net,current,japan,3,45,20,none,True,default,loggrowth,True,,,False,,,,MSAGAT-Net.loggrowth.quant,70,2001.59256,2001.59256,True,True,,,,,20260814_031831,report/predictions/japan/MSAGAT-Net.japan.w-20.h-3.none.seed-45.with_adj.loggrowth.quant.npz,save_all/MSAGAT-Net.japan.w-20.h-3.none.seed-45.with_adj.loggrowth.quant.pt,,manifest_missing
MSAGAT-Net.japan.w-20.h-3.none.seed-45.with_adj,MSAGAT-Net,current,japan,3,45,20,none,True,default,level,False,,,False,,,,MSAGAT-Net,70,1399.327271,1399.327249,True,False,,,,,20260811_091807,report/predictions/japan/MSAGAT-Net.japan.w-20.h-3.none.seed-45.with_adj.npz,save_all/MSAGAT-Net.japan.w-20.h-3.none.seed-45.with_adj.pt,,manifest_missing
MSAGAT-Net.japan.w-20.h-5.no_agam.seed-42.with_adj.loggrowth.quant,MSAGAT-Net,current,japan,5,42,20,no_agam,True,default,loggrowth,True,,,False,,,,MSAGAT-Net.loggrowth.quant,70,1514.794226,1514.794226,True,True,,,,,20260819_020152,report/predictions/japan/MSAGAT-Net.japan.w-20.h-5.no_agam.seed-42.with_adj.loggrowth.quant.npz,save_attn/MSAGAT-Net.japan.w-20.h-5.no_agam.seed-42.with_adj.loggrowth.quant.pt,,manifest_missing
MSAGAT-Net.japan.w-20.h-5.none.seed-1000.with_adj.loggrowth.quant.exp-nodecay-regpre,MSAGAT-Net,current,japan,5,1000,20,none,True,default,loggrowth,True,,nodecay-regpre,False,,,,MSAGAT-Net.loggrowth.quant.exp-nodecay-regpre,70,1410.963852,1410.963852,True,True,,,,,20260819_084601,report/predictions/japan/MSAGAT-Net.japan.w-20.h-5.none.seed-1000.with_adj.loggrowth.quant.exp-nodecay-regpre.npz,save_all/MSAGAT-Net.japan.w-20.h-5.none.seed-1000.with_adj.loggrowth.quant.exp-nodecay-regpre.pt,,manifest_missing
MSAGAT-Net.japan.w-20.h-5.none.seed-1000.with_adj.loggrowth.quant,MSAGAT-Net,current,japan,5,1000,20,none,True,default,loggrowth,True,,,False,,,,MSAGAT-Net.loggrowth.quant,70,1393.71558,1393.71558,True,True,,,,,20260814_031842,report/predictions/japan/MSAGAT-Net.japan.w-20.h-5.none.seed-1000.with_adj.loggrowth.quant.npz,save_all/MSAGAT-Net.japan.w-20.h-5.none.seed-1000.with_adj.loggrowth.quant.pt,,manifest_missing
MSAGAT-Net.japan.w-20.h-5.none.seed-1000.with_adj,MSAGAT-Net,current,japan,5,1000,20,none,True,default,level,False,,,False,,,,MSAGAT-Net,70,1659.648804,1659.648833,True,False,,,,,20260811_091926,report/predictions/japan/MSAGAT-Net.japan.w-20.h-5.none.seed-1000.with_adj.npz,save_all/MSAGAT-Net.japan.w-20.h-5.none.seed-1000.with_adj.pt,,manifest_missing
MSAGAT-Net.japan.w-20.h-5.none.seed-123.with_adj.loggrowth.quant.exp-nodecay-regpre,MSAGAT-Net,current,japan,5,123,20,none,True,default,loggrowth,True,,nodecay-regpre,False,,,,MSAGAT-Net.loggrowth.quant.exp-nodecay-regpre,70,1319.93866,1319.93866,True,True,,,,,20260819_084434,report/predictions/japan/MSAGAT-Net.japan.w-20.h-5.none.seed-123.with_adj.loggrowth.quant.exp-nodecay-regpre.npz,save_all/MSAGAT-Net.japan.w-20.h-5.none.seed-123.with_adj.loggrowth.quant.exp-nodecay-regpre.pt,,manifest_missing
MSAGAT-Net.japan.w-20.h-5.none.seed-123.with_adj.loggrowth.quant,MSAGAT-Net,current,japan,5,123,20,none,True,default,loggrowth,True,,,False,,,,MSAGAT-Net.loggrowth.quant,70,1246.778732,1246.778732,True,True,,,,,20260814_031853,report/predictions/japan/MSAGAT-Net.japan.w-20.h-5.none.seed-123.with_adj.loggrowth.quant.npz,save_all/MSAGAT-Net.japan.w-20.h-5.none.seed-123.with_adj.loggrowth.quant.pt,,manifest_missing
MSAGAT-Net.japan.w-20.h-5.none.seed-123.with_adj,MSAGAT-Net,current,japan,5,123,20,none,True,default,level,False,,,False,,,,MSAGAT-Net,70,1563.160522,1563.16058,True,False,,,,,20260811_091915,report/predictions/japan/MSAGAT-Net.japan.w-20.h-5.none.seed-123.with_adj.npz,save_all/MSAGAT-Net.japan.w-20.h-5.none.seed-123.with_adj.pt,,manifest_missing
MSAGAT-Net.japan.w-20.h-5.none.seed-30.with_adj.loggrowth,MSAGAT-Net,current,japan,5,30,20,none,True,default,loggrowth,False,,,False,,,,MSAGAT-Net.loggrowth,70,1691.712036,1691.712003,True,False,,,,,20260811_045756,report/predictions/japan/MSAGAT-Net.japan.w-20.h-5.none.seed-30.with_adj.loggrowth.npz,save_all/MSAGAT-Net.japan.w-20.h-5.none.seed-30.with_adj.loggrowth.pt,,manifest_missing
MSAGAT-Net.japan.w-20.h-5.none.seed-30.with_adj.loggrowth.quant.exp-nodecay-regpre,MSAGAT-Net,current,japan,5,30,20,none,True,default,loggrowth,True,,nodecay-regpre,False,,,,MSAGAT-Net.loggrowth.quant.exp-nodecay-regpre,70,1502.599335,1502.599335,True,True,,,,,20260819_084216,report/predictions/japan/MSAGAT-Net.japan.w-20.h-5.none.seed-30.with_adj.loggrowth.quant.exp-nodecay-regpre.npz,save_all/MSAGAT-Net.japan.w-20.h-5.none.seed-30.with_adj.loggrowth.quant.exp-nodecay-regpre.pt,,manifest_missing
MSAGAT-Net.japan.w-20.h-5.none.seed-30.with_adj.loggrowth.quant,MSAGAT-Net,current,japan,5,30,20,none,True,default,loggrowth,True,,,False,,,,MSAGAT-Net.loggrowth.quant,70,1467.354874,1467.354874,True,True,,,,,20260814_031908,report/predictions/japan/MSAGAT-Net.japan.w-20.h-5.none.seed-30.with_adj.loggrowth.quant.npz,save_all/MSAGAT-Net.japan.w-20.h-5.none.seed-30.with_adj.loggrowth.quant.pt,,manifest_missing
MSAGAT-Net.japan.w-20.h-5.none.seed-30.with_adj,MSAGAT-Net,current,japan,5,30,20,none,True,default,level,False,,,False,,,,MSAGAT-Net,70,1577.403442,1577.403484,True,False,,,,,20260811_091852,report/predictions/japan/MSAGAT-Net.japan.w-20.h-5.none.seed-30.with_adj.npz,save_all/MSAGAT-Net.japan.w-20.h-5.none.seed-30.with_adj.pt,,manifest_missing
MSAGAT-Net.japan.w-20.h-5.none.seed-30.with_adj.pprm-multistep,MSAGAT-Net,current,japan,5,30,20,none,True,default,level,False,,,False,,,,MSAGAT-Net.pprm-multistep,70,1508.287476,1508.287439,False,False,,,,,20260811_025718,report/predictions/japan/MSAGAT-Net.japan.w-20.h-5.none.seed-30.with_adj.pprm-multistep.npz,save_all/MSAGAT-Net.japan.w-20.h-5.none.seed-30.with_adj.pprm-multistep.pt,,manifest_missing
MSAGAT-Net.japan.w-20.h-5.none.seed-30.with_adj.pprm-multistep.sgate,MSAGAT-Net,current,japan,5,30,20,none,True,default,level,False,,,False,,,,MSAGAT-Net.pprm-multistep.sgate,70,1429.016846,1429.016882,False,False,,,,,20260811_034353,report/predictions/japan/MSAGAT-Net.japan.w-20.h-5.none.seed-30.with_adj.pprm-multistep.sgate.npz,save_all/MSAGAT-Net.japan.w-20.h-5.none.seed-30.with_adj.pprm-multistep.sgate.pt,,manifest_missing
MSAGAT-Net.japan.w-20.h-5.none.seed-30.with_adj.sgate,MSAGAT-Net,current,japan,5,30,20,none,True,default,level,False,,,False,,,,MSAGAT-Net.sgate,70,1465.06604,1465.066039,False,False,,,,,20260811_032213,report/predictions/japan/MSAGAT-Net.japan.w-20.h-5.none.seed-30.with_adj.sgate.npz,save_all/MSAGAT-Net.japan.w-20.h-5.none.seed-30.with_adj.sgate.pt,,manifest_missing
MSAGAT-Net.japan.w-20.h-5.none.seed-42.with_adj.loggrowth,MSAGAT-Net,current,japan,5,42,20,none,True,default,loggrowth,False,,,False,,,,MSAGAT-Net.loggrowth,70,1249.290161,1249.290198,True,False,,,,,20260811_045655,report/predictions/japan/MSAGAT-Net.japan.w-20.h-5.none.seed-42.with_adj.loggrowth.npz,save_all/MSAGAT-Net.japan.w-20.h-5.none.seed-42.with_adj.loggrowth.pt,,manifest_missing
MSAGAT-Net.japan.w-20.h-5.none.seed-42.with_adj.loggrowth.quant.exp-nodecay-regent,MSAGAT-Net,current,japan,5,42,20,none,True,default,loggrowth,True,,nodecay-regent,False,,,,MSAGAT-Net.loggrowth.quant.exp-nodecay-regent,70,1346.953799,1346.953799,True,True,,,,,20260819_075050,report/predictions/japan/MSAGAT-Net.japan.w-20.h-5.none.seed-42.with_adj.loggrowth.quant.exp-nodecay-regent.npz,save_attn/MSAGAT-Net.japan.w-20.h-5.none.seed-42.with_adj.loggrowth.quant.exp-nodecay-regent.pt,,manifest_missing
MSAGAT-Net.japan.w-20.h-5.none.seed-42.with_adj.loggrowth.quant.exp-nodecay-regpre-adjstd-lrx10,MSAGAT-Net,current,japan,5,42,20,none,True,default,loggrowth,True,,nodecay-regpre-adjstd-lrx10,False,,,,MSAGAT-Net.loggrowth.quant.exp-nodecay-regpre-adjstd-lrx10,70,1290.753222,1290.753222,True,True,,,,,20260819_074541,report/predictions/japan/MSAGAT-Net.japan.w-20.h-5.none.seed-42.with_adj.loggrowth.quant.exp-nodecay-regpre-adjstd-lrx10.npz,save_attn/MSAGAT-Net.japan.w-20.h-5.none.seed-42.with_adj.loggrowth.quant.exp-nodecay-regpre-adjstd-lrx10.pt,,manifest_missing
MSAGAT-Net.japan.w-20.h-5.none.seed-42.with_adj.loggrowth.quant.exp-nodecay-regpre-adjstd,MSAGAT-Net,current,japan,5,42,20,none,True,default,loggrowth,True,,nodecay-regpre-adjstd,False,,,,MSAGAT-Net.loggrowth.quant.exp-nodecay-regpre-adjstd,70,1301.093717,1301.093717,True,True,,,,,20260819_071241,report/predictions/japan/MSAGAT-Net.japan.w-20.h-5.none.seed-42.with_adj.loggrowth.quant.exp-nodecay-regpre-adjstd.npz,save_attn/MSAGAT-Net.japan.w-20.h-5.none.seed-42.with_adj.loggrowth.quant.exp-nodecay-regpre-adjstd.pt,,manifest_missing
MSAGAT-Net.japan.w-20.h-5.none.seed-42.with_adj.loggrowth.quant.exp-nodecay-regpre-init10,MSAGAT-Net,current,japan,5,42,20,none,True,default,loggrowth,True,,nodecay-regpre-init10,False,,,,MSAGAT-Net.loggrowth.quant.exp-nodecay-regpre-init10,70,1412.42213,1412.42213,True,True,,,,,20260819_025244,report/predictions/japan/MSAGAT-Net.japan.w-20.h-5.none.seed-42.with_adj.loggrowth.quant.exp-nodecay-regpre-init10.npz,save_attn/MSAGAT-Net.japan.w-20.h-5.none.seed-42.with_adj.loggrowth.quant.exp-nodecay-regpre-init10.pt,,manifest_missing
MSAGAT-Net.japan.w-20.h-5.none.seed-42.with_adj.loggrowth.quant.exp-nodecay-regpre-lrx10,MSAGAT-Net,current,japan,5,42,20,none,True,default,loggrowth,True,,nodecay-regpre-lrx10,False,,,,MSAGAT-Net.loggrowth.quant.exp-nodecay-regpre-lrx10,70,1355.854426,1355.854426,True,True,,,,,20260819_070030,report/predictions/japan/MSAGAT-Net.japan.w-20.h-5.none.seed-42.with_adj.loggrowth.quant.exp-nodecay-regpre-lrx10.npz,save_attn/MSAGAT-Net.japan.w-20.h-5.none.seed-42.with_adj.loggrowth.quant.exp-nodecay-regpre-lrx10.pt,,manifest_missing
MSAGAT-Net.japan.w-20.h-5.none.seed-42.with_adj.loggrowth.quant.exp-nodecay-regpre-multgate,MSAGAT-Net,current,japan,5,42,20,none,True,default,loggrowth,True,,nodecay-regpre-multgate,False,,,,MSAGAT-Net.loggrowth.quant.exp-nodecay-regpre-multgate,70,1541.985905,1541.985905,True,True,,,,,20260819_072754,report/predictions/japan/MSAGAT-Net.japan.w-20.h-5.none.seed-42.with_adj.loggrowth.quant.exp-nodecay-regpre-multgate.npz,save_attn/MSAGAT-Net.japan.w-20.h-5.none.seed-42.with_adj.loggrowth.quant.exp-nodecay-regpre-multgate.pt,,manifest_missing
MSAGAT-Net.japan.w-20.h-5.none.seed-42.with_adj.loggrowth.quant.exp-nodecay-regpre-rank16,MSAGAT-Net,current,japan,5,42,20,none,True,default,loggrowth,True,,nodecay-regpre-rank16,False,,,,MSAGAT-Net.loggrowth.quant.exp-nodecay-regpre-rank16,70,1388.962988,1388.962988,True,True,,,,,20260819_073836,report/predictions/japan/MSAGAT-Net.japan.w-20.h-5.none.seed-42.with_adj.loggrowth.quant.exp-nodecay-regpre-rank16.npz,save_attn/MSAGAT-Net.japan.w-20.h-5.none.seed-42.with_adj.loggrowth.quant.exp-nodecay-regpre-rank16.pt,,manifest_missing
MSAGAT-Net.japan.w-20.h-5.none.seed-42.with_adj.loggrowth.quant.exp-nodecay-regpre-rank2,MSAGAT-Net,current,japan,5,42,20,none,True,default,loggrowth,True,,nodecay-regpre-rank2,False,,,,MSAGAT-Net.loggrowth.quant.exp-nodecay-regpre-rank2,70,1693.885532,1693.885532,True,True,,,,,20260819_073344,report/predictions/japan/MSAGAT-Net.japan.w-20.h-5.none.seed-42.with_adj.loggrowth.quant.exp-nodecay-regpre-rank2.npz,save_attn/MSAGAT-Net.japan.w-20.h-5.none.seed-42.with_adj.loggrowth.quant.exp-nodecay-regpre-rank2.pt,,manifest_missing
MSAGAT-Net.japan.w-20.h-5.none.seed-42.with_adj.loggrowth.quant.exp-nodecay-regpre-renewal_lag0.renewal,MSAGAT-Net,current,japan,5,42,20,none,True,default,loggrowth,True,,nodecay-regpre-renewal_lag0,True,,,,MSAGAT-Net.loggrowth.quant.exp-nodecay-regpre-renewal_lag0.renewal,70,1843.925202,1843.925202,True,True,,,,,20260819_112659,report/predictions/japan/MSAGAT-Net.japan.w-20.h-5.none.seed-42.with_adj.loggrowth.quant.exp-nodecay-regpre-renewal_lag0.renewal.npz,save_attn/MSAGAT-Net.japan.w-20.h-5.none.seed-42.with_adj.loggrowth.quant.exp-nodecay-regpre-renewal_lag0.renewal.pt,,manifest_missing
MSAGAT-Net.japan.w-20.h-5.none.seed-42.with_adj.loggrowth.quant.exp-nodecay-regpre-renewres-renewal_lag0.renewal7,MSAGAT-Net,current,japan,5,42,20,none,True,default,loggrowth,True,,nodecay-regpre-renewres-renewal_lag0,True,7,,,MSAGAT-Net.loggrowth.quant.exp-nodecay-regpre-renewres-renewal_lag0.renewal7,70,1844.526594,1844.526594,True,True,,,,,20260819_115731,report/predictions/japan/MSAGAT-Net.japan.w-20.h-5.none.seed-42.with_adj.loggrowth.quant.exp-nodecay-regpre-renewres-renewal_lag0.renewal7.npz,save_attn/MSAGAT-Net.japan.w-20.h-5.none.seed-42.with_adj.loggrowth.quant.exp-nodecay-regpre-renewres-renewal_lag0.renewal7.pt,,manifest_missing
MSAGAT-Net.japan.w-20.h-5.none.seed-42.with_adj.loggrowth.quant.exp-nodecay-regpre-renewres.renewal7,MSAGAT-Net,current,japan,5,42,20,none,True,default,loggrowth,True,,nodecay-regpre-renewres,True,7,,,MSAGAT-Net.loggrowth.quant.exp-nodecay-regpre-renewres.renewal7,70,1712.593947,1712.593947,True,True,,,,,20260819_120406,report/predictions/japan/MSAGAT-Net.japan.w-20.h-5.none.seed-42.with_adj.loggrowth.quant.exp-nodecay-regpre-renewres.renewal7.npz,save_attn/MSAGAT-Net.japan.w-20.h-5.none.seed-42.with_adj.loggrowth.quant.exp-nodecay-regpre-renewres.renewal7.pt,,manifest_missing
MSAGAT-Net.japan.w-20.h-5.none.seed-42.with_adj.loggrowth.quant.exp-nodecay-regpre-reniter-giunif.renewal7,MSAGAT-Net,current,japan,5,42,20,none,True,default,loggrowth,True,,nodecay-regpre-reniter-giunif,True,7,,,MSAGAT-Net.loggrowth.quant.exp-nodecay-regpre-reniter-giunif.renewal7,70,1577.873212,1577.873212,True,True,,,,,20260820_092948,report/predictions/japan/MSAGAT-Net.japan.w-20.h-5.none.seed-42.with_adj.loggrowth.quant.exp-nodecay-regpre-reniter-giunif.renewal7.npz,save_attn/MSAGAT-Net.japan.w-20.h-5.none.seed-42.with_adj.loggrowth.quant.exp-nodecay-regpre-reniter-giunif.renewal7.pt,,manifest_missing
MSAGAT-Net.japan.w-20.h-5.none.seed-42.with_adj.loggrowth.quant.exp-nodecay-regpre-reniter-renewres.renewal7,MSAGAT-Net,current,japan,5,42,20,none,True,default,loggrowth,True,,nodecay-regpre-reniter-renewres,True,7,,,MSAGAT-Net.loggrowth.quant.exp-nodecay-regpre-reniter-renewres.renewal7,70,1645.737424,1645.737424,True,True,,,,,20260820_042241,report/predictions/japan/MSAGAT-Net.japan.w-20.h-5.none.seed-42.with_adj.loggrowth.quant.exp-nodecay-regpre-reniter-renewres.renewal7.npz,save_attn/MSAGAT-Net.japan.w-20.h-5.none.seed-42.with_adj.loggrowth.quant.exp-nodecay-regpre-reniter-renewres.renewal7.pt,,manifest_missing
MSAGAT-Net.japan.w-20.h-5.none.seed-42.with_adj.loggrowth.quant.exp-nodecay-regpre-reniter.renewal14,MSAGAT-Net,current,japan,5,42,20,none,True,default,loggrowth,True,,nodecay-regpre-reniter,True,14,,,MSAGAT-Net.loggrowth.quant.exp-nodecay-regpre-reniter.renewal14,70,1591.086422,1591.086422,True,True,,,,,20260820_041122,report/predictions/japan/MSAGAT-Net.japan.w-20.h-5.none.seed-42.with_adj.loggrowth.quant.exp-nodecay-regpre-reniter.renewal14.npz,save_attn/MSAGAT-Net.japan.w-20.h-5.none.seed-42.with_adj.loggrowth.quant.exp-nodecay-regpre-reniter.renewal14.pt,,manifest_missing
MSAGAT-Net.japan.w-20.h-5.none.seed-42.with_adj.loggrowth.quant.exp-nodecay-regpre-reniter.renewal7.gifix5.2-1.72,MSAGAT-Net,current,japan,5,42,20,none,True,default,loggrowth,True,,nodecay-regpre-reniter,True,7,5.2-1.72,,MSAGAT-Net.loggrowth.quant.exp-nodecay-regpre-reniter.renewal7.gifix5.2-1.72,70,1755.737089,1755.737089,True,True,,,,,20260820_103328,report/predictions/japan/MSAGAT-Net.japan.w-20.h-5.none.seed-42.with_adj.loggrowth.quant.exp-nodecay-regpre-reniter.renewal7.gifix5.2-1.72.npz,save_attn/MSAGAT-Net.japan.w-20.h-5.none.seed-42.with_adj.loggrowth.quant.exp-nodecay-regpre-reniter.renewal7.gifix5.2-1.72.pt,,manifest_missing
MSAGAT-Net.japan.w-20.h-5.none.seed-42.with_adj.loggrowth.quant.exp-nodecay-regpre-reniter.renewal7,MSAGAT-Net,current,japan,5,42,20,none,True,default,loggrowth,True,,nodecay-regpre-reniter,True,7,,,MSAGAT-Net.loggrowth.quant.exp-nodecay-regpre-reniter.renewal7,70,1651.512117,1651.512117,True,True,,,,,20260820_022653,report/predictions/japan/MSAGAT-Net.japan.w-20.h-5.none.seed-42.with_adj.loggrowth.quant.exp-nodecay-regpre-reniter.renewal7.npz,save_attn/MSAGAT-Net.japan.w-20.h-5.none.seed-42.with_adj.loggrowth.quant.exp-nodecay-regpre-reniter.renewal7.pt,,manifest_missing
MSAGAT-Net.japan.w-20.h-5.none.seed-42.with_adj.loggrowth.quant.exp-nodecay-regpre-scorenorm,MSAGAT-Net,current,japan,5,42,20,none,True,default,loggrowth,True,,nodecay-regpre-scorenorm,False,,,,MSAGAT-Net.loggrowth.quant.exp-nodecay-regpre-scorenorm,70,1531.240216,1531.240216,True,True,,,,,20260819_071921,report/predictions/japan/MSAGAT-Net.japan.w-20.h-5.none.seed-42.with_adj.loggrowth.quant.exp-nodecay-regpre-scorenorm.npz,save_attn/MSAGAT-Net.japan.w-20.h-5.none.seed-42.with_adj.loggrowth.quant.exp-nodecay-regpre-scorenorm.pt,,manifest_missing
MSAGAT-Net.japan.w-20.h-5.none.seed-42.with_adj.loggrowth.quant.exp-nodecay-regpre-temp,MSAGAT-Net,current,japan,5,42,20,none,True,default,loggrowth,True,,nodecay-regpre-temp,False,,,,MSAGAT-Net.loggrowth.quant.exp-nodecay-regpre-temp,70,1274.648816,1274.648816,True,True,,,,,20260819_024410,report/predictions/japan/MSAGAT-Net.japan.w-20.h-5.none.seed-42.with_adj.loggrowth.quant.exp-nodecay-regpre-temp.npz,save_attn/MSAGAT-Net.japan.w-20.h-5.none.seed-42.with_adj.loggrowth.quant.exp-nodecay-regpre-temp.pt,,manifest_missing
MSAGAT-Net.japan.w-20.h-5.none.seed-42.with_adj.loggrowth.quant.exp-nodecay-regpre,MSAGAT-Net,current,japan,5,42,20,none,True,default,loggrowth,True,,nodecay-regpre,False,,,,MSAGAT-Net.loggrowth.quant.exp-nodecay-regpre,70,1292.254924,1292.254924,True,True,,,,,20260819_021009,report/predictions/japan/MSAGAT-Net.japan.w-20.h-5.none.seed-42.with_adj.loggrowth.quant.exp-nodecay-regpre.npz,save_attn/MSAGAT-Net.japan.w-20.h-5.none.seed-42.with_adj.loggrowth.quant.exp-nodecay-regpre.pt,,manifest_missing
MSAGAT-Net.japan.w-20.h-5.none.seed-42.with_adj.loggrowth.quant.exp-nodecay-regpre.renewal,MSAGAT-Net,current,japan,5,42,20,none,True,default,loggrowth,True,,nodecay-regpre,True,,,,MSAGAT-Net.loggrowth.quant.exp-nodecay-regpre.renewal,70,1856.450361,1856.450361,True,True,,,,,20260819_111708,report/predictions/japan/MSAGAT-Net.japan.w-20.h-5.none.seed-42.with_adj.loggrowth.quant.exp-nodecay-regpre.renewal.npz,save_attn/MSAGAT-Net.japan.w-20.h-5.none.seed-42.with_adj.loggrowth.quant.exp-nodecay-regpre.renewal.pt,,manifest_missing
MSAGAT-Net.japan.w-20.h-5.none.seed-42.with_adj.loggrowth.quant.exp-nodecay-regpre.renewal21,MSAGAT-Net,current,japan,5,42,20,none,True,default,loggrowth,True,,nodecay-regpre,True,21,,,MSAGAT-Net.loggrowth.quant.exp-nodecay-regpre.renewal21,70,1839.397368,1839.397368,True,True,,,,,20260819_114647,report/predictions/japan/MSAGAT-Net.japan.w-20.h-5.none.seed-42.with_adj.loggrowth.quant.exp-nodecay-regpre.renewal21.npz,save_attn/MSAGAT-Net.japan.w-20.h-5.none.seed-42.with_adj.loggrowth.quant.exp-nodecay-regpre.renewal21.pt,,manifest_missing
MSAGAT-Net.japan.w-20.h-5.none.seed-42.with_adj.loggrowth.quant.exp-nodecay-regpre.renewal7,MSAGAT-Net,current,japan,5,42,20,none,True,default,loggrowth,True,,nodecay-regpre,True,7,,,MSAGAT-Net.loggrowth.quant.exp-nodecay-regpre.renewal7,70,1838.016793,1838.016793,True,True,,,,,20260819_113714,report/predictions/japan/MSAGAT-Net.japan.w-20.h-5.none.seed-42.with_adj.loggrowth.quant.exp-nodecay-regpre.renewal7.npz,save_attn/MSAGAT-Net.japan.w-20.h-5.none.seed-42.with_adj.loggrowth.quant.exp-nodecay-regpre.renewal7.pt,,manifest_missing
MSAGAT-Net.japan.w-20.h-5.none.seed-42.with_adj.loggrowth.quant,MSAGAT-Net,current,japan,5,42,20,none,True,default,loggrowth,True,,,False,,,,MSAGAT-Net.loggrowth.quant,70,1317.294076,1317.294076,True,True,,,,,20260814_031926,report/predictions/japan/MSAGAT-Net.japan.w-20.h-5.none.seed-42.with_adj.loggrowth.quant.npz,save_all/MSAGAT-Net.japan.w-20.h-5.none.seed-42.with_adj.loggrowth.quant.pt,,manifest_missing
MSAGAT-Net.japan.w-20.h-5.none.seed-42.with_adj,MSAGAT-Net,current,japan,5,42,20,none,True,default,level,False,,,False,,,,MSAGAT-Net,70,1436.802734,1436.802787,True,False,,,,,20260811_091841,report/predictions/japan/MSAGAT-Net.japan.w-20.h-5.none.seed-42.with_adj.npz,save_all/MSAGAT-Net.japan.w-20.h-5.none.seed-42.with_adj.pt,,manifest_missing
MSAGAT-Net.japan.w-20.h-5.none.seed-42.with_adj.pprm-multistep,MSAGAT-Net,current,japan,5,42,20,none,True,default,level,False,,,False,,,,MSAGAT-Net.pprm-multistep,70,1375.872803,1375.872814,False,False,,,,,20260811_025641,report/predictions/japan/MSAGAT-Net.japan.w-20.h-5.none.seed-42.with_adj.pprm-multistep.npz,save_all/MSAGAT-Net.japan.w-20.h-5.none.seed-42.with_adj.pprm-multistep.pt,,manifest_missing
MSAGAT-Net.japan.w-20.h-5.none.seed-42.with_adj.pprm-multistep.sgate,MSAGAT-Net,current,japan,5,42,20,none,True,default,level,False,,,False,,,,MSAGAT-Net.pprm-multistep.sgate,70,1384.546265,1384.546316,False,False,,,,,20260811_034300,report/predictions/japan/MSAGAT-Net.japan.w-20.h-5.none.seed-42.with_adj.pprm-multistep.sgate.npz,save_all/MSAGAT-Net.japan.w-20.h-5.none.seed-42.with_adj.pprm-multistep.sgate.pt,,manifest_missing
MSAGAT-Net.japan.w-20.h-5.none.seed-42.with_adj.sgate,MSAGAT-Net,current,japan,5,42,20,none,True,default,level,False,,,False,,,,MSAGAT-Net.sgate,70,1415.535889,1415.535853,False,False,,,,,20260811_032134,report/predictions/japan/MSAGAT-Net.japan.w-20.h-5.none.seed-42.with_adj.sgate.npz,save_all/MSAGAT-Net.japan.w-20.h-5.none.seed-42.with_adj.sgate.pt,,manifest_missing
MSAGAT-Net.japan.w-20.h-5.none.seed-45.with_adj.loggrowth,MSAGAT-Net,current,japan,5,45,20,none,True,default,loggrowth,False,,,False,,,,MSAGAT-Net.loggrowth,70,1450.686035,1450.686045,True,False,,,,,20260811_045845,report/predictions/japan/MSAGAT-Net.japan.w-20.h-5.none.seed-45.with_adj.loggrowth.npz,save_all/MSAGAT-Net.japan.w-20.h-5.none.seed-45.with_adj.loggrowth.pt,,manifest_missing
MSAGAT-Net.japan.w-20.h-5.none.seed-45.with_adj.loggrowth.quant.exp-nodecay-regpre,MSAGAT-Net,current,japan,5,45,20,none,True,default,loggrowth,True,,nodecay-regpre,False,,,,MSAGAT-Net.loggrowth.quant.exp-nodecay-regpre,70,1426.830881,1426.830881,True,True,,,,,20260819_084301,report/predictions/japan/MSAGAT-Net.japan.w-20.h-5.none.seed-45.with_adj.loggrowth.quant.exp-nodecay-regpre.npz,save_all/MSAGAT-Net.japan.w-20.h-5.none.seed-45.with_adj.loggrowth.quant.exp-nodecay-regpre.pt,,manifest_missing
MSAGAT-Net.japan.w-20.h-5.none.seed-45.with_adj.loggrowth.quant,MSAGAT-Net,current,japan,5,45,20,none,True,default,loggrowth,True,,,False,,,,MSAGAT-Net.loggrowth.quant,70,1288.877914,1288.877914,True,True,,,,,20260814_031940,report/predictions/japan/MSAGAT-Net.japan.w-20.h-5.none.seed-45.with_adj.loggrowth.quant.npz,save_all/MSAGAT-Net.japan.w-20.h-5.none.seed-45.with_adj.loggrowth.quant.pt,,manifest_missing
MSAGAT-Net.japan.w-20.h-5.none.seed-45.with_adj,MSAGAT-Net,current,japan,5,45,20,none,True,default,level,False,,,False,,,,MSAGAT-Net,70,1433.372681,1433.372727,True,False,,,,,20260811_091903,report/predictions/japan/MSAGAT-Net.japan.w-20.h-5.none.seed-45.with_adj.npz,save_all/MSAGAT-Net.japan.w-20.h-5.none.seed-45.with_adj.pt,,manifest_missing
MSAGAT-Net.japan.w-20.h-5.none.seed-45.with_adj.pprm-multistep,MSAGAT-Net,current,japan,5,45,20,none,True,default,level,False,,,False,,,,MSAGAT-Net.pprm-multistep,70,1422.991699,1422.991743,False,False,,,,,20260811_025811,report/predictions/japan/MSAGAT-Net.japan.w-20.h-5.none.seed-45.with_adj.pprm-multistep.npz,save_all/MSAGAT-Net.japan.w-20.h-5.none.seed-45.with_adj.pprm-multistep.pt,,manifest_missing
MSAGAT-Net.japan.w-20.h-5.none.seed-45.with_adj.pprm-multistep.sgate,MSAGAT-Net,current,japan,5,45,20,none,True,default,level,False,,,False,,,,MSAGAT-Net.pprm-multistep.sgate,70,1464.938599,1464.938565,False,False,,,,,20260811_034447,report/predictions/japan/MSAGAT-Net.japan.w-20.h-5.none.seed-45.with_adj.pprm-multistep.sgate.npz,save_all/MSAGAT-Net.japan.w-20.h-5.none.seed-45.with_adj.pprm-multistep.sgate.pt,,manifest_missing
MSAGAT-Net.japan.w-20.h-5.none.seed-45.with_adj.sgate,MSAGAT-Net,current,japan,5,45,20,none,True,default,level,False,,,False,,,,MSAGAT-Net.sgate,70,1422.048218,1422.048171,False,False,,,,,20260811_032304,report/predictions/japan/MSAGAT-Net.japan.w-20.h-5.none.seed-45.with_adj.sgate.npz,save_all/MSAGAT-Net.japan.w-20.h-5.none.seed-45.with_adj.sgate.pt,,manifest_missing
cola_gnn.japan.w-20.h-10.none.seed-1000,cola_gnn,current,japan,10,1000,20,none,,,,,,,,,,,cola_gnn,70,2032.096313,,False,False,,,,,,report/predictions/japan/cola_gnn.japan.w-20.h-10.none.seed-1000.npz,,,ok
cola_gnn.japan.w-20.h-10.none.seed-123,cola_gnn,current,japan,10,123,20,none,,,,,,,,,,,cola_gnn,70,2001.43811,,False,False,,,,,,report/predictions/japan/cola_gnn.japan.w-20.h-10.none.seed-123.npz,,,ok
cola_gnn.japan.w-20.h-10.none.seed-30,cola_gnn,current,japan,10,30,20,none,,,,,,,,,,,cola_gnn,70,1946.411621,,False,False,,,,,,report/predictions/japan/cola_gnn.japan.w-20.h-10.none.seed-30.npz,,,ok
cola_gnn.japan.w-20.h-10.none.seed-42,cola_gnn,current,japan,10,42,20,none,,,,,,,,,,,cola_gnn,70,1713.284912,,False,False,,,,,,report/predictions/japan/cola_gnn.japan.w-20.h-10.none.seed-42.npz,,,ok
cola_gnn.japan.w-20.h-10.none.seed-42.oldckpt,cola_gnn,oldckpt,japan,10,42,20,none,,,,,,,,,,,cola_gnn,61,1872.378418,,False,False,,,,,,report/predictions/japan/cola_gnn.japan.w-20.h-10.none.seed-42.oldckpt.npz,,,ok
cola_gnn.japan.w-20.h-10.none.seed-45,cola_gnn,current,japan,10,45,20,none,,,,,,,,,,,cola_gnn,70,1968.666626,,False,False,,,,,,report/predictions/japan/cola_gnn.japan.w-20.h-10.none.seed-45.npz,,,ok
cola_gnn.japan.w-20.h-15.none.seed-1000,cola_gnn,current,japan,15,1000,20,none,,,,,,,,,,,cola_gnn,70,1741.216064,,False,False,,,,,,report/predictions/japan/cola_gnn.japan.w-20.h-15.none.seed-1000.npz,,,ok
cola_gnn.japan.w-20.h-15.none.seed-123,cola_gnn,current,japan,15,123,20,none,,,,,,,,,,,cola_gnn,70,1648.394653,,False,False,,,,,,report/predictions/japan/cola_gnn.japan.w-20.h-15.none.seed-123.npz,,,ok
cola_gnn.japan.w-20.h-15.none.seed-30,cola_gnn,current,japan,15,30,20,none,,,,,,,,,,,cola_gnn,70,1724.296509,,False,False,,,,,,report/predictions/japan/cola_gnn.japan.w-20.h-15.none.seed-30.npz,,,ok
cola_gnn.japan.w-20.h-15.none.seed-42,cola_gnn,current,japan,15,42,20,none,,,,,,,,,,,cola_gnn,70,1689.627808,,False,False,,,,,,report/predictions/japan/cola_gnn.japan.w-20.h-15.none.seed-42.npz,,,ok
cola_gnn.japan.w-20.h-15.none.seed-42.oldckpt,cola_gnn,oldckpt,japan,15,42,20,none,,,,,,,,,,,cola_gnn,56,1787.693604,,False,False,,,,,,report/predictions/japan/cola_gnn.japan.w-20.h-15.none.seed-42.oldckpt.npz,,,ok
cola_gnn.japan.w-20.h-15.none.seed-45,cola_gnn,current,japan,15,45,20,none,,,,,,,,,,,cola_gnn,70,1708.683105,,False,False,,,,,,report/predictions/japan/cola_gnn.japan.w-20.h-15.none.seed-45.npz,,,ok
cola_gnn.japan.w-20.h-3.none.seed-1000,cola_gnn,current,japan,3,1000,20,none,,,,,,,,,,,cola_gnn,70,1420.826782,,False,False,,,,,,report/predictions/japan/cola_gnn.japan.w-20.h-3.none.seed-1000.npz,,,ok
cola_gnn.japan.w-20.h-3.none.seed-123,cola_gnn,current,japan,3,123,20,none,,,,,,,,,,,cola_gnn,70,1455.674927,,False,False,,,,,,report/predictions/japan/cola_gnn.japan.w-20.h-3.none.seed-123.npz,,,ok
cola_gnn.japan.w-20.h-3.none.seed-30,cola_gnn,current,japan,3,30,20,none,,,,,,,,,,,cola_gnn,70,1439.44751,,False,False,,,,,,report/predictions/japan/cola_gnn.japan.w-20.h-3.none.seed-30.npz,,,ok
cola_gnn.japan.w-20.h-3.none.seed-42,cola_gnn,current,japan,3,42,20,none,,,,,,,,,,,cola_gnn,70,1471.962769,,False,False,,,,,,report/predictions/japan/cola_gnn.japan.w-20.h-3.none.seed-42.npz,,,ok
cola_gnn.japan.w-20.h-3.none.seed-42.oldckpt,cola_gnn,oldckpt,japan,3,42,20,none,,,,,,,,,,,cola_gnn,68,1379.426758,,False,False,,,,,,report/predictions/japan/cola_gnn.japan.w-20.h-3.none.seed-42.oldckpt.npz,,,ok
cola_gnn.japan.w-20.h-3.none.seed-45,cola_gnn,current,japan,3,45,20,none,,,,,,,,,,,cola_gnn,70,1332.016479,,False,False,,,,,,report/predictions/japan/cola_gnn.japan.w-20.h-3.none.seed-45.npz,,,ok
cola_gnn.japan.w-20.h-5.none.seed-1000,cola_gnn,current,japan,5,1000,20,none,,,,,,,,,,,cola_gnn,70,1698.384033,,False,False,,,,,,report/predictions/japan/cola_gnn.japan.w-20.h-5.none.seed-1000.npz,,,ok
cola_gnn.japan.w-20.h-5.none.seed-123,cola_gnn,current,japan,5,123,20,none,,,,,,,,,,,cola_gnn,70,1557.917236,,False,False,,,,,,report/predictions/japan/cola_gnn.japan.w-20.h-5.none.seed-123.npz,,,ok
cola_gnn.japan.w-20.h-5.none.seed-30,cola_gnn,current,japan,5,30,20,none,,,,,,,,,,,cola_gnn,70,1607.408813,,False,False,,,,,,report/predictions/japan/cola_gnn.japan.w-20.h-5.none.seed-30.npz,,,ok
cola_gnn.japan.w-20.h-5.none.seed-42,cola_gnn,current,japan,5,42,20,none,,,,,,,,,,,cola_gnn,70,1490.71875,,False,False,,,,,,report/predictions/japan/cola_gnn.japan.w-20.h-5.none.seed-42.npz,,,ok
cola_gnn.japan.w-20.h-5.none.seed-42.oldckpt,cola_gnn,oldckpt,japan,5,42,20,none,,,,,,,,,,,cola_gnn,66,1368.718872,,False,False,,,,,,report/predictions/japan/cola_gnn.japan.w-20.h-5.none.seed-42.oldckpt.npz,,,ok
cola_gnn.japan.w-20.h-5.none.seed-45,cola_gnn,current,japan,5,45,20,none,,,,,,,,,,,cola_gnn,70,1517.090332,,False,False,,,,,,report/predictions/japan/cola_gnn.japan.w-20.h-5.none.seed-45.npz,,,ok
dcrnn.japan.w-20.h-10.none.seed-1000,dcrnn,current,japan,10,1000,20,none,,,,,,,,,,,dcrnn,70,2611.912598,,False,False,,,,,,report/predictions/japan/dcrnn.japan.w-20.h-10.none.seed-1000.npz,,,ok
dcrnn.japan.w-20.h-10.none.seed-123,dcrnn,current,japan,10,123,20,none,,,,,,,,,,,dcrnn,70,2553.219482,,False,False,,,,,,report/predictions/japan/dcrnn.japan.w-20.h-10.none.seed-123.npz,,,ok
dcrnn.japan.w-20.h-10.none.seed-30,dcrnn,current,japan,10,30,20,none,,,,,,,,,,,dcrnn,70,2579.308105,,False,False,,,,,,report/predictions/japan/dcrnn.japan.w-20.h-10.none.seed-30.npz,,,ok
dcrnn.japan.w-20.h-10.none.seed-42,dcrnn,current,japan,10,42,20,none,,,,,,,,,,,dcrnn,70,2615.103027,,False,False,,,,,,report/predictions/japan/dcrnn.japan.w-20.h-10.none.seed-42.npz,,,ok
dcrnn.japan.w-20.h-10.none.seed-42.oldckpt,dcrnn,oldckpt,japan,10,42,20,none,,,,,,,,,,,dcrnn,61,2568.387207,,False,False,,,,,,report/predictions/japan/dcrnn.japan.w-20.h-10.none.seed-42.oldckpt.npz,,,ok
dcrnn.japan.w-20.h-10.none.seed-45,dcrnn,current,japan,10,45,20,none,,,,,,,,,,,dcrnn,70,2610.172363,,False,False,,,,,,report/predictions/japan/dcrnn.japan.w-20.h-10.none.seed-45.npz,,,ok
dcrnn.japan.w-20.h-15.none.seed-1000,dcrnn,current,japan,15,1000,20,none,,,,,,,,,,,dcrnn,70,2597.276123,,False,False,,,,,,report/predictions/japan/dcrnn.japan.w-20.h-15.none.seed-1000.npz,,,ok
dcrnn.japan.w-20.h-15.none.seed-123,dcrnn,current,japan,15,123,20,none,,,,,,,,,,,dcrnn,70,2444.327148,,False,False,,,,,,report/predictions/japan/dcrnn.japan.w-20.h-15.none.seed-123.npz,,,ok
dcrnn.japan.w-20.h-15.none.seed-30,dcrnn,current,japan,15,30,20,none,,,,,,,,,,,dcrnn,70,2553.548584,,False,False,,,,,,report/predictions/japan/dcrnn.japan.w-20.h-15.none.seed-30.npz,,,ok
dcrnn.japan.w-20.h-15.none.seed-42,dcrnn,current,japan,15,42,20,none,,,,,,,,,,,dcrnn,70,2594.743896,,False,False,,,,,,report/predictions/japan/dcrnn.japan.w-20.h-15.none.seed-42.npz,,,ok
dcrnn.japan.w-20.h-15.none.seed-42.oldckpt,dcrnn,oldckpt,japan,15,42,20,none,,,,,,,,,,,dcrnn,56,2104.15918,,False,False,,,,,,report/predictions/japan/dcrnn.japan.w-20.h-15.none.seed-42.oldckpt.npz,,,ok
dcrnn.japan.w-20.h-15.none.seed-45,dcrnn,current,japan,15,45,20,none,,,,,,,,,,,dcrnn,70,2626.59082,,False,False,,,,,,report/predictions/japan/dcrnn.japan.w-20.h-15.none.seed-45.npz,,,ok
dcrnn.japan.w-20.h-3.none.seed-1000,dcrnn,current,japan,3,1000,20,none,,,,,,,,,,,dcrnn,70,2138.199707,,False,False,,,,,,report/predictions/japan/dcrnn.japan.w-20.h-3.none.seed-1000.npz,,,ok
dcrnn.japan.w-20.h-3.none.seed-123,dcrnn,current,japan,3,123,20,none,,,,,,,,,,,dcrnn,70,1952.701172,,False,False,,,,,,report/predictions/japan/dcrnn.japan.w-20.h-3.none.seed-123.npz,,,ok
dcrnn.japan.w-20.h-3.none.seed-30,dcrnn,current,japan,3,30,20,none,,,,,,,,,,,dcrnn,70,2040.747314,,False,False,,,,,,report/predictions/japan/dcrnn.japan.w-20.h-3.none.seed-30.npz,,,ok
dcrnn.japan.w-20.h-3.none.seed-42,dcrnn,current,japan,3,42,20,none,,,,,,,,,,,dcrnn,70,2106.449463,,False,False,,,,,,report/predictions/japan/dcrnn.japan.w-20.h-3.none.seed-42.npz,,,ok
dcrnn.japan.w-20.h-3.none.seed-42.oldckpt,dcrnn,oldckpt,japan,3,42,20,none,,,,,,,,,,,dcrnn,68,2162.620117,,False,False,,,,,,report/predictions/japan/dcrnn.japan.w-20.h-3.none.seed-42.oldckpt.npz,,,ok
dcrnn.japan.w-20.h-3.none.seed-45,dcrnn,current,japan,3,45,20,none,,,,,,,,,,,dcrnn,70,2109.326172,,False,False,,,,,,report/predictions/japan/dcrnn.japan.w-20.h-3.none.seed-45.npz,,,ok
dcrnn.japan.w-20.h-5.none.seed-1000,dcrnn,current,japan,5,1000,20,none,,,,,,,,,,,dcrnn,70,2447.438965,,False,False,,,,,,report/predictions/japan/dcrnn.japan.w-20.h-5.none.seed-1000.npz,,,ok
dcrnn.japan.w-20.h-5.none.seed-123,dcrnn,current,japan,5,123,20,none,,,,,,,,,,,dcrnn,70,2357.841064,,False,False,,,,,,report/predictions/japan/dcrnn.japan.w-20.h-5.none.seed-123.npz,,,ok
dcrnn.japan.w-20.h-5.none.seed-30,dcrnn,current,japan,5,30,20,none,,,,,,,,,,,dcrnn,70,2420.565674,,False,False,,,,,,report/predictions/japan/dcrnn.japan.w-20.h-5.none.seed-30.npz,,,ok
dcrnn.japan.w-20.h-5.none.seed-42,dcrnn,current,japan,5,42,20,none,,,,,,,,,,,dcrnn,70,2452.233398,,False,False,,,,,,report/predictions/japan/dcrnn.japan.w-20.h-5.none.seed-42.npz,,,ok
dcrnn.japan.w-20.h-5.none.seed-42.oldckpt,dcrnn,oldckpt,japan,5,42,20,none,,,,,,,,,,,dcrnn,66,2530.435303,,False,False,,,,,,report/predictions/japan/dcrnn.japan.w-20.h-5.none.seed-42.oldckpt.npz,,,ok
dcrnn.japan.w-20.h-5.none.seed-45,dcrnn,current,japan,5,45,20,none,,,,,,,,,,,dcrnn,70,2464.439697,,False,False,,,,,,report/predictions/japan/dcrnn.japan.w-20.h-5.none.seed-45.npz,,,ok
epignn.japan.w-20.h-10.none.seed-1000,epignn,current,japan,10,1000,20,none,,,,,,,,,,,epignn,70,2122.656738,,False,False,,,,,,report/predictions/japan/epignn.japan.w-20.h-10.none.seed-1000.npz,,,ok
epignn.japan.w-20.h-10.none.seed-123,epignn,current,japan,10,123,20,none,,,,,,,,,,,epignn,70,2115.083496,,False,False,,,,,,report/predictions/japan/epignn.japan.w-20.h-10.none.seed-123.npz,,,ok
epignn.japan.w-20.h-10.none.seed-30,epignn,current,japan,10,30,20,none,,,,,,,,,,,epignn,70,2100.739258,,False,False,,,,,,report/predictions/japan/epignn.japan.w-20.h-10.none.seed-30.npz,,,ok
epignn.japan.w-20.h-10.none.seed-42,epignn,current,japan,10,42,20,none,,,,,,,,,,,epignn,70,1806.273682,,False,False,,,,,,report/predictions/japan/epignn.japan.w-20.h-10.none.seed-42.npz,,,ok
epignn.japan.w-20.h-10.none.seed-42.oldckpt,epignn,oldckpt,japan,10,42,20,none,,,,,,,,,,,epignn,70,1806.289673,,False,False,,,,,,report/predictions/japan/epignn.japan.w-20.h-10.none.seed-42.oldckpt.npz,,,ok
epignn.japan.w-20.h-10.none.seed-45,epignn,current,japan,10,45,20,none,,,,,,,,,,,epignn,70,2251.452881,,False,False,,,,,,report/predictions/japan/epignn.japan.w-20.h-10.none.seed-45.npz,,,ok
epignn.japan.w-20.h-15.none.seed-1000,epignn,current,japan,15,1000,20,none,,,,,,,,,,,epignn,70,1965.906494,,False,False,,,,,,report/predictions/japan/epignn.japan.w-20.h-15.none.seed-1000.npz,,,ok
epignn.japan.w-20.h-15.none.seed-123,epignn,current,japan,15,123,20,none,,,,,,,,,,,epignn,70,1930.242676,,False,False,,,,,,report/predictions/japan/epignn.japan.w-20.h-15.none.seed-123.npz,,,ok
epignn.japan.w-20.h-15.none.seed-30,epignn,current,japan,15,30,20,none,,,,,,,,,,,epignn,70,1995.804077,,False,False,,,,,,report/predictions/japan/epignn.japan.w-20.h-15.none.seed-30.npz,,,ok
epignn.japan.w-20.h-15.none.seed-42,epignn,current,japan,15,42,20,none,,,,,,,,,,,epignn,70,1692.077393,,False,False,,,,,,report/predictions/japan/epignn.japan.w-20.h-15.none.seed-42.npz,,,ok
epignn.japan.w-20.h-15.none.seed-42.oldckpt,epignn,oldckpt,japan,15,42,20,none,,,,,,,,,,,epignn,70,1692.081055,,False,False,,,,,,report/predictions/japan/epignn.japan.w-20.h-15.none.seed-42.oldckpt.npz,,,ok
epignn.japan.w-20.h-15.none.seed-45,epignn,current,japan,15,45,20,none,,,,,,,,,,,epignn,70,2168.536377,,False,False,,,,,,report/predictions/japan/epignn.japan.w-20.h-15.none.seed-45.npz,,,ok
epignn.japan.w-20.h-3.none.seed-1000,epignn,current,japan,3,1000,20,none,,,,,,,,,,,epignn,70,1792.425781,,False,False,,,,,,report/predictions/japan/epignn.japan.w-20.h-3.none.seed-1000.npz,,,ok
epignn.japan.w-20.h-3.none.seed-123,epignn,current,japan,3,123,20,none,,,,,,,,,,,epignn,70,1851.135254,,False,False,,,,,,report/predictions/japan/epignn.japan.w-20.h-3.none.seed-123.npz,,,ok
epignn.japan.w-20.h-3.none.seed-30,epignn,current,japan,3,30,20,none,,,,,,,,,,,epignn,70,1799.743286,,False,False,,,,,,report/predictions/japan/epignn.japan.w-20.h-3.none.seed-30.npz,,,ok
epignn.japan.w-20.h-3.none.seed-42,epignn,current,japan,3,42,20,none,,,,,,,,,,,epignn,70,1272.36145,,False,False,,,,,,report/predictions/japan/epignn.japan.w-20.h-3.none.seed-42.npz,,,ok
epignn.japan.w-20.h-3.none.seed-42.oldckpt,epignn,oldckpt,japan,3,42,20,none,,,,,,,,,,,epignn,70,1272.507568,,False,False,,,,,,report/predictions/japan/epignn.japan.w-20.h-3.none.seed-42.oldckpt.npz,,,ok
epignn.japan.w-20.h-3.none.seed-45,epignn,current,japan,3,45,20,none,,,,,,,,,,,epignn,70,1968.435303,,False,False,,,,,,report/predictions/japan/epignn.japan.w-20.h-3.none.seed-45.npz,,,ok
epignn.japan.w-20.h-5.none.seed-1000,epignn,current,japan,5,1000,20,none,,,,,,,,,,,epignn,70,2131.606445,,False,False,,,,,,report/predictions/japan/epignn.japan.w-20.h-5.none.seed-1000.npz,,,ok
epignn.japan.w-20.h-5.none.seed-123,epignn,current,japan,5,123,20,none,,,,,,,,,,,epignn,70,2097.723145,,False,False,,,,,,report/predictions/japan/epignn.japan.w-20.h-5.none.seed-123.npz,,,ok
epignn.japan.w-20.h-5.none.seed-30,epignn,current,japan,5,30,20,none,,,,,,,,,,,epignn,70,2095.039551,,False,False,,,,,,report/predictions/japan/epignn.japan.w-20.h-5.none.seed-30.npz,,,ok
epignn.japan.w-20.h-5.none.seed-42,epignn,current,japan,5,42,20,none,,,,,,,,,,,epignn,70,1646.55835,,False,False,,,,,,report/predictions/japan/epignn.japan.w-20.h-5.none.seed-42.npz,,,ok
epignn.japan.w-20.h-5.none.seed-42.oldckpt,epignn,oldckpt,japan,5,42,20,none,,,,,,,,,,,epignn,70,1646.533813,,False,False,,,,,,report/predictions/japan/epignn.japan.w-20.h-5.none.seed-42.oldckpt.npz,,,ok
epignn.japan.w-20.h-5.none.seed-45,epignn,current,japan,5,45,20,none,,,,,,,,,,,epignn,70,2191.621338,,False,False,,,,,,report/predictions/japan/epignn.japan.w-20.h-5.none.seed-45.npz,,,ok
lstnet.japan.w-20.h-10.none.seed-1000,lstnet,current,japan,10,1000,20,none,,,,,,,,,,,lstnet,70,2450.129395,,False,False,,,,,,report/predictions/japan/lstnet.japan.w-20.h-10.none.seed-1000.npz,,,ok
lstnet.japan.w-20.h-10.none.seed-123,lstnet,current,japan,10,123,20,none,,,,,,,,,,,lstnet,70,2531.801514,,False,False,,,,,,report/predictions/japan/lstnet.japan.w-20.h-10.none.seed-123.npz,,,ok
lstnet.japan.w-20.h-10.none.seed-30,lstnet,current,japan,10,30,20,none,,,,,,,,,,,lstnet,70,2228.5271,,False,False,,,,,,report/predictions/japan/lstnet.japan.w-20.h-10.none.seed-30.npz,,,ok
lstnet.japan.w-20.h-10.none.seed-42,lstnet,current,japan,10,42,20,none,,,,,,,,,,,lstnet,70,2479.445068,,False,False,,,,,,report/predictions/japan/lstnet.japan.w-20.h-10.none.seed-42.npz,,,ok
lstnet.japan.w-20.h-10.none.seed-42.oldckpt,lstnet,oldckpt,japan,10,42,20,none,,,,,,,,,,,lstnet,61,2498.502441,,False,False,,,,,,report/predictions/japan/lstnet.japan.w-20.h-10.none.seed-42.oldckpt.npz,,,ok
lstnet.japan.w-20.h-10.none.seed-45,lstnet,current,japan,10,45,20,none,,,,,,,,,,,lstnet,70,2470.429199,,False,False,,,,,,report/predictions/japan/lstnet.japan.w-20.h-10.none.seed-45.npz,,,ok
lstnet.japan.w-20.h-15.none.seed-1000,lstnet,current,japan,15,1000,20,none,,,,,,,,,,,lstnet,70,2352.210693,,False,False,,,,,,report/predictions/japan/lstnet.japan.w-20.h-15.none.seed-1000.npz,,,ok
lstnet.japan.w-20.h-15.none.seed-123,lstnet,current,japan,15,123,20,none,,,,,,,,,,,lstnet,70,2433.18457,,False,False,,,,,,report/predictions/japan/lstnet.japan.w-20.h-15.none.seed-123.npz,,,ok
lstnet.japan.w-20.h-15.none.seed-30,lstnet,current,japan,15,30,20,none,,,,,,,,,,,lstnet,70,2404.72998,,False,False,,,,,,report/predictions/japan/lstnet.japan.w-20.h-15.none.seed-30.npz,,,ok
lstnet.japan.w-20.h-15.none.seed-42,lstnet,current,japan,15,42,20,none,,,,,,,,,,,lstnet,70,2363.884521,,False,False,,,,,,report/predictions/japan/lstnet.japan.w-20.h-15.none.seed-42.npz,,,ok
lstnet.japan.w-20.h-15.none.seed-42.oldckpt,lstnet,oldckpt,japan,15,42,20,none,,,,,,,,,,,lstnet,56,1816.148071,,False,False,,,,,,report/predictions/japan/lstnet.japan.w-20.h-15.none.seed-42.oldckpt.npz,,,ok
lstnet.japan.w-20.h-15.none.seed-45,lstnet,current,japan,15,45,20,none,,,,,,,,,,,lstnet,70,2378.136719,,False,False,,,,,,report/predictions/japan/lstnet.japan.w-20.h-15.none.seed-45.npz,,,ok
lstnet.japan.w-20.h-3.none.seed-1000,lstnet,current,japan,3,1000,20,none,,,,,,,,,,,lstnet,70,2095.305176,,False,False,,,,,,report/predictions/japan/lstnet.japan.w-20.h-3.none.seed-1000.npz,,,ok
lstnet.japan.w-20.h-3.none.seed-123,lstnet,current,japan,3,123,20,none,,,,,,,,,,,lstnet,70,2110.859619,,False,False,,,,,,report/predictions/japan/lstnet.japan.w-20.h-3.none.seed-123.npz,,,ok
lstnet.japan.w-20.h-3.none.seed-30,lstnet,current,japan,3,30,20,none,,,,,,,,,,,lstnet,70,1943.057007,,False,False,,,,,,report/predictions/japan/lstnet.japan.w-20.h-3.none.seed-30.npz,,,ok
lstnet.japan.w-20.h-3.none.seed-42,lstnet,current,japan,3,42,20,none,,,,,,,,,,,lstnet,70,2039.410034,,False,False,,,,,,report/predictions/japan/lstnet.japan.w-20.h-3.none.seed-42.npz,,,ok
lstnet.japan.w-20.h-3.none.seed-42.oldckpt,lstnet,oldckpt,japan,3,42,20,none,,,,,,,,,,,lstnet,68,2119.987549,,False,False,,,,,,report/predictions/japan/lstnet.japan.w-20.h-3.none.seed-42.oldckpt.npz,,,ok
lstnet.japan.w-20.h-3.none.seed-45,lstnet,current,japan,3,45,20,none,,,,,,,,,,,lstnet,70,2028.79248,,False,False,,,,,,report/predictions/japan/lstnet.japan.w-20.h-3.none.seed-45.npz,,,ok
lstnet.japan.w-20.h-5.none.seed-1000,lstnet,current,japan,5,1000,20,none,,,,,,,,,,,lstnet,70,2281.988037,,False,False,,,,,,report/predictions/japan/lstnet.japan.w-20.h-5.none.seed-1000.npz,,,ok
lstnet.japan.w-20.h-5.none.seed-123,lstnet,current,japan,5,123,20,none,,,,,,,,,,,lstnet,70,2522.361328,,False,False,,,,,,report/predictions/japan/lstnet.japan.w-20.h-5.none.seed-123.npz,,,ok
lstnet.japan.w-20.h-5.none.seed-30,lstnet,current,japan,5,30,20,none,,,,,,,,,,,lstnet,70,1684.510986,,False,False,,,,,,report/predictions/japan/lstnet.japan.w-20.h-5.none.seed-30.npz,,,ok
lstnet.japan.w-20.h-5.none.seed-42,lstnet,current,japan,5,42,20,none,,,,,,,,,,,lstnet,70,2428.87085,,False,False,,,,,,report/predictions/japan/lstnet.japan.w-20.h-5.none.seed-42.npz,,,ok
lstnet.japan.w-20.h-5.none.seed-42.oldckpt,lstnet,oldckpt,japan,5,42,20,none,,,,,,,,,,,lstnet,66,2452.379883,,False,False,,,,,,report/predictions/japan/lstnet.japan.w-20.h-5.none.seed-42.oldckpt.npz,,,ok
lstnet.japan.w-20.h-5.none.seed-45,lstnet,current,japan,5,45,20,none,,,,,,,,,,,lstnet,70,2229.883057,,False,False,,,,,,report/predictions/japan/lstnet.japan.w-20.h-5.none.seed-45.npz,,,ok
CNNRNN_Res.ltla_timeseries.w-20.h-14.none.seed-1000,CNNRNN_Res,current,ltla_timeseries,14,1000,20,none,,,,,,,,,,,CNNRNN_Res,168,133.535187,,False,False,,,,,,report/predictions/ltla_timeseries/CNNRNN_Res.ltla_timeseries.w-20.h-14.none.seed-1000.npz,,,ok
CNNRNN_Res.ltla_timeseries.w-20.h-14.none.seed-123,CNNRNN_Res,current,ltla_timeseries,14,123,20,none,,,,,,,,,,,CNNRNN_Res,168,134.411133,,False,False,,,,,,report/predictions/ltla_timeseries/CNNRNN_Res.ltla_timeseries.w-20.h-14.none.seed-123.npz,,,ok
CNNRNN_Res.ltla_timeseries.w-20.h-14.none.seed-30,CNNRNN_Res,current,ltla_timeseries,14,30,20,none,,,,,,,,,,,CNNRNN_Res,168,134.725983,,False,False,,,,,,report/predictions/ltla_timeseries/CNNRNN_Res.ltla_timeseries.w-20.h-14.none.seed-30.npz,,,ok
CNNRNN_Res.ltla_timeseries.w-20.h-14.none.seed-42,CNNRNN_Res,current,ltla_timeseries,14,42,20,none,,,,,,,,,,,CNNRNN_Res,168,133.73381,,False,False,,,,,,report/predictions/ltla_timeseries/CNNRNN_Res.ltla_timeseries.w-20.h-14.none.seed-42.npz,,,ok
CNNRNN_Res.ltla_timeseries.w-20.h-14.none.seed-42.oldckpt,CNNRNN_Res,oldckpt,ltla_timeseries,14,42,20,none,,,,,,,,,,,CNNRNN_Res,155,140.951538,,False,False,,,,,,report/predictions/ltla_timeseries/CNNRNN_Res.ltla_timeseries.w-20.h-14.none.seed-42.oldckpt.npz,,,ok
CNNRNN_Res.ltla_timeseries.w-20.h-14.none.seed-45,CNNRNN_Res,current,ltla_timeseries,14,45,20,none,,,,,,,,,,,CNNRNN_Res,168,136.958771,,False,False,,,,,,report/predictions/ltla_timeseries/CNNRNN_Res.ltla_timeseries.w-20.h-14.none.seed-45.npz,,,ok
CNNRNN_Res.ltla_timeseries.w-20.h-3.none.seed-1000,CNNRNN_Res,current,ltla_timeseries,3,1000,20,none,,,,,,,,,,,CNNRNN_Res,168,121.987892,,False,False,,,,,,report/predictions/ltla_timeseries/CNNRNN_Res.ltla_timeseries.w-20.h-3.none.seed-1000.npz,,,ok
CNNRNN_Res.ltla_timeseries.w-20.h-3.none.seed-123,CNNRNN_Res,current,ltla_timeseries,3,123,20,none,,,,,,,,,,,CNNRNN_Res,168,121.525581,,False,False,,,,,,report/predictions/ltla_timeseries/CNNRNN_Res.ltla_timeseries.w-20.h-3.none.seed-123.npz,,,ok
CNNRNN_Res.ltla_timeseries.w-20.h-3.none.seed-30,CNNRNN_Res,current,ltla_timeseries,3,30,20,none,,,,,,,,,,,CNNRNN_Res,168,117.156784,,False,False,,,,,,report/predictions/ltla_timeseries/CNNRNN_Res.ltla_timeseries.w-20.h-3.none.seed-30.npz,,,ok
CNNRNN_Res.ltla_timeseries.w-20.h-3.none.seed-42,CNNRNN_Res,current,ltla_timeseries,3,42,20,none,,,,,,,,,,,CNNRNN_Res,168,117.218788,,False,False,,,,,,report/predictions/ltla_timeseries/CNNRNN_Res.ltla_timeseries.w-20.h-3.none.seed-42.npz,,,ok
CNNRNN_Res.ltla_timeseries.w-20.h-3.none.seed-42.oldckpt,CNNRNN_Res,oldckpt,ltla_timeseries,3,42,20,none,,,,,,,,,,,CNNRNN_Res,166,122.631706,,False,False,,,,,,report/predictions/ltla_timeseries/CNNRNN_Res.ltla_timeseries.w-20.h-3.none.seed-42.oldckpt.npz,,,ok
CNNRNN_Res.ltla_timeseries.w-20.h-3.none.seed-45,CNNRNN_Res,current,ltla_timeseries,3,45,20,none,,,,,,,,,,,CNNRNN_Res,168,122.332336,,False,False,,,,,,report/predictions/ltla_timeseries/CNNRNN_Res.ltla_timeseries.w-20.h-3.none.seed-45.npz,,,ok
CNNRNN_Res.ltla_timeseries.w-20.h-7.none.seed-1000,CNNRNN_Res,current,ltla_timeseries,7,1000,20,none,,,,,,,,,,,CNNRNN_Res,168,126.372971,,False,False,,,,,,report/predictions/ltla_timeseries/CNNRNN_Res.ltla_timeseries.w-20.h-7.none.seed-1000.npz,,,ok
CNNRNN_Res.ltla_timeseries.w-20.h-7.none.seed-123,CNNRNN_Res,current,ltla_timeseries,7,123,20,none,,,,,,,,,,,CNNRNN_Res,168,128.798645,,False,False,,,,,,report/predictions/ltla_timeseries/CNNRNN_Res.ltla_timeseries.w-20.h-7.none.seed-123.npz,,,ok
CNNRNN_Res.ltla_timeseries.w-20.h-7.none.seed-30,CNNRNN_Res,current,ltla_timeseries,7,30,20,none,,,,,,,,,,,CNNRNN_Res,168,126.855682,,False,False,,,,,,report/predictions/ltla_timeseries/CNNRNN_Res.ltla_timeseries.w-20.h-7.none.seed-30.npz,,,ok
CNNRNN_Res.ltla_timeseries.w-20.h-7.none.seed-42,CNNRNN_Res,current,ltla_timeseries,7,42,20,none,,,,,,,,,,,CNNRNN_Res,168,126.280891,,False,False,,,,,,report/predictions/ltla_timeseries/CNNRNN_Res.ltla_timeseries.w-20.h-7.none.seed-42.npz,,,ok
CNNRNN_Res.ltla_timeseries.w-20.h-7.none.seed-42.oldckpt,CNNRNN_Res,oldckpt,ltla_timeseries,7,42,20,none,,,,,,,,,,,CNNRNN_Res,162,129.947357,,False,False,,,,,,report/predictions/ltla_timeseries/CNNRNN_Res.ltla_timeseries.w-20.h-7.none.seed-42.oldckpt.npz,,,ok
CNNRNN_Res.ltla_timeseries.w-20.h-7.none.seed-45,CNNRNN_Res,current,ltla_timeseries,7,45,20,none,,,,,,,,,,,CNNRNN_Res,168,130.21521,,False,False,,,,,,report/predictions/ltla_timeseries/CNNRNN_Res.ltla_timeseries.w-20.h-7.none.seed-45.npz,,,ok
MSAGAT-Net.ltla_timeseries.w-20.h-14.none.seed-1000.with_adj.loggrowth.quant.exp-nodecay-regpre,MSAGAT-Net,current,ltla_timeseries,14,1000,20,none,True,default,loggrowth,True,,nodecay-regpre,False,,,,MSAGAT-Net.loggrowth.quant.exp-nodecay-regpre,168,132.338004,132.338004,True,True,,,,,20260819_095244,report/predictions/ltla_timeseries/MSAGAT-Net.ltla_timeseries.w-20.h-14.none.seed-1000.with_adj.loggrowth.quant.exp-nodecay-regpre.npz,save_all/MSAGAT-Net.ltla_timeseries.w-20.h-14.none.seed-1000.with_adj.loggrowth.quant.exp-nodecay-regpre.pt,,manifest_missing
MSAGAT-Net.ltla_timeseries.w-20.h-14.none.seed-1000.with_adj.loggrowth.quant,MSAGAT-Net,current,ltla_timeseries,14,1000,20,none,True,default,loggrowth,True,,,False,,,,MSAGAT-Net.loggrowth.quant,168,132.392015,132.392015,True,True,,,,,20260814_031956,report/predictions/ltla_timeseries/MSAGAT-Net.ltla_timeseries.w-20.h-14.none.seed-1000.with_adj.loggrowth.quant.npz,save_all/MSAGAT-Net.ltla_timeseries.w-20.h-14.none.seed-1000.with_adj.loggrowth.quant.pt,,manifest_missing
MSAGAT-Net.ltla_timeseries.w-20.h-14.none.seed-1000.with_adj,MSAGAT-Net,current,ltla_timeseries,14,1000,20,none,True,default,level,False,,,False,,,,MSAGAT-Net,168,115.884277,115.884274,True,False,,,,,20260811_091156,report/predictions/ltla_timeseries/MSAGAT-Net.ltla_timeseries.w-20.h-14.none.seed-1000.with_adj.npz,save_all/MSAGAT-Net.ltla_timeseries.w-20.h-14.none.seed-1000.with_adj.pt,,manifest_missing
MSAGAT-Net.ltla_timeseries.w-20.h-14.none.seed-123.with_adj.loggrowth.quant.exp-nodecay-regpre,MSAGAT-Net,current,ltla_timeseries,14,123,20,none,True,default,loggrowth,True,,nodecay-regpre,False,,,,MSAGAT-Net.loggrowth.quant.exp-nodecay-regpre,168,123.958079,123.958079,True,True,,,,,20260819_095138,report/predictions/ltla_timeseries/MSAGAT-Net.ltla_timeseries.w-20.h-14.none.seed-123.with_adj.loggrowth.quant.exp-nodecay-regpre.npz,save_all/MSAGAT-Net.ltla_timeseries.w-20.h-14.none.seed-123.with_adj.loggrowth.quant.exp-nodecay-regpre.pt,,manifest_missing
MSAGAT-Net.ltla_timeseries.w-20.h-14.none.seed-123.with_adj.loggrowth.quant,MSAGAT-Net,current,ltla_timeseries,14,123,20,none,True,default,loggrowth,True,,,False,,,,MSAGAT-Net.loggrowth.quant,168,124.003393,124.003393,True,True,,,,,20260814_032014,report/predictions/ltla_timeseries/MSAGAT-Net.ltla_timeseries.w-20.h-14.none.seed-123.with_adj.loggrowth.quant.npz,save_all/MSAGAT-Net.ltla_timeseries.w-20.h-14.none.seed-123.with_adj.loggrowth.quant.pt,,manifest_missing
MSAGAT-Net.ltla_timeseries.w-20.h-14.none.seed-123.with_adj,MSAGAT-Net,current,ltla_timeseries,14,123,20,none,True,default,level,False,,,False,,,,MSAGAT-Net,168,118.028732,118.028735,True,False,,,,,20260811_091144,report/predictions/ltla_timeseries/MSAGAT-Net.ltla_timeseries.w-20.h-14.none.seed-123.with_adj.npz,save_all/MSAGAT-Net.ltla_timeseries.w-20.h-14.none.seed-123.with_adj.pt,,manifest_missing
MSAGAT-Net.ltla_timeseries.w-20.h-14.none.seed-30.with_adj.loggrowth.quant.exp-nodecay-regpre,MSAGAT-Net,current,ltla_timeseries,14,30,20,none,True,default,loggrowth,True,,nodecay-regpre,False,,,,MSAGAT-Net.loggrowth.quant.exp-nodecay-regpre,168,112.77717,112.77717,True,True,,,,,20260819_094931,report/predictions/ltla_timeseries/MSAGAT-Net.ltla_timeseries.w-20.h-14.none.seed-30.with_adj.loggrowth.quant.exp-nodecay-regpre.npz,save_all/MSAGAT-Net.ltla_timeseries.w-20.h-14.none.seed-30.with_adj.loggrowth.quant.exp-nodecay-regpre.pt,,manifest_missing
MSAGAT-Net.ltla_timeseries.w-20.h-14.none.seed-30.with_adj.loggrowth.quant,MSAGAT-Net,current,ltla_timeseries,14,30,20,none,True,default,loggrowth,True,,,False,,,,MSAGAT-Net.loggrowth.quant,168,147.720615,147.720615,True,True,,,,,20260814_032029,report/predictions/ltla_timeseries/MSAGAT-Net.ltla_timeseries.w-20.h-14.none.seed-30.with_adj.loggrowth.quant.npz,save_all/MSAGAT-Net.ltla_timeseries.w-20.h-14.none.seed-30.with_adj.loggrowth.quant.pt,,manifest_missing
MSAGAT-Net.ltla_timeseries.w-20.h-14.none.seed-30.with_adj,MSAGAT-Net,current,ltla_timeseries,14,30,20,none,True,default,level,False,,,False,,,,MSAGAT-Net,168,118.815788,118.815792,True,False,,,,,20260811_091121,report/predictions/ltla_timeseries/MSAGAT-Net.ltla_timeseries.w-20.h-14.none.seed-30.with_adj.npz,save_all/MSAGAT-Net.ltla_timeseries.w-20.h-14.none.seed-30.with_adj.pt,,manifest_missing
MSAGAT-Net.ltla_timeseries.w-20.h-14.none.seed-42.with_adj.loggrowth.quant.exp-nodecay-regpre,MSAGAT-Net,current,ltla_timeseries,14,42,20,none,True,default,loggrowth,True,,nodecay-regpre,False,,,,MSAGAT-Net.loggrowth.quant.exp-nodecay-regpre,168,112.115923,112.115923,True,True,,,,,20260819_094532,report/predictions/ltla_timeseries/MSAGAT-Net.ltla_timeseries.w-20.h-14.none.seed-42.with_adj.loggrowth.quant.exp-nodecay-regpre.npz,save_all/MSAGAT-Net.ltla_timeseries.w-20.h-14.none.seed-42.with_adj.loggrowth.quant.exp-nodecay-regpre.pt,,manifest_missing
MSAGAT-Net.ltla_timeseries.w-20.h-14.none.seed-42.with_adj.loggrowth.quant,MSAGAT-Net,current,ltla_timeseries,14,42,20,none,True,default,loggrowth,True,,,False,,,,MSAGAT-Net.loggrowth.quant,168,117.009885,117.009885,True,True,,,,,20260814_032044,report/predictions/ltla_timeseries/MSAGAT-Net.ltla_timeseries.w-20.h-14.none.seed-42.with_adj.loggrowth.quant.npz,save_all/MSAGAT-Net.ltla_timeseries.w-20.h-14.none.seed-42.with_adj.loggrowth.quant.pt,,manifest_missing
MSAGAT-Net.ltla_timeseries.w-20.h-14.none.seed-42.with_adj,MSAGAT-Net,current,ltla_timeseries,14,42,20,none,True,default,level,False,,,False,,,,MSAGAT-Net,168,115.572044,115.572044,True,False,,,,,20260811_091109,report/predictions/ltla_timeseries/MSAGAT-Net.ltla_timeseries.w-20.h-14.none.seed-42.with_adj.npz,save_all/MSAGAT-Net.ltla_timeseries.w-20.h-14.none.seed-42.with_adj.pt,,manifest_missing
MSAGAT-Net.ltla_timeseries.w-20.h-14.none.seed-45.with_adj.loggrowth.quant.exp-nodecay-regpre,MSAGAT-Net,current,ltla_timeseries,14,45,20,none,True,default,loggrowth,True,,nodecay-regpre,False,,,,MSAGAT-Net.loggrowth.quant.exp-nodecay-regpre,168,122.760467,122.760467,True,True,,,,,20260819_095036,report/predictions/ltla_timeseries/MSAGAT-Net.ltla_timeseries.w-20.h-14.none.seed-45.with_adj.loggrowth.quant.exp-nodecay-regpre.npz,save_all/MSAGAT-Net.ltla_timeseries.w-20.h-14.none.seed-45.with_adj.loggrowth.quant.exp-nodecay-regpre.pt,,manifest_missing
MSAGAT-Net.ltla_timeseries.w-20.h-14.none.seed-45.with_adj.loggrowth.quant,MSAGAT-Net,current,ltla_timeseries,14,45,20,none,True,default,loggrowth,True,,,False,,,,MSAGAT-Net.loggrowth.quant,168,122.769261,122.769261,True,True,,,,,20260814_032058,report/predictions/ltla_timeseries/MSAGAT-Net.ltla_timeseries.w-20.h-14.none.seed-45.with_adj.loggrowth.quant.npz,save_all/MSAGAT-Net.ltla_timeseries.w-20.h-14.none.seed-45.with_adj.loggrowth.quant.pt,,manifest_missing
MSAGAT-Net.ltla_timeseries.w-20.h-14.none.seed-45.with_adj,MSAGAT-Net,current,ltla_timeseries,14,45,20,none,True,default,level,False,,,False,,,,MSAGAT-Net,168,116.39669,116.39669,True,False,,,,,20260811_091133,report/predictions/ltla_timeseries/MSAGAT-Net.ltla_timeseries.w-20.h-14.none.seed-45.with_adj.npz,save_all/MSAGAT-Net.ltla_timeseries.w-20.h-14.none.seed-45.with_adj.pt,,manifest_missing
MSAGAT-Net.ltla_timeseries.w-20.h-3.none.seed-1000.with_adj.loggrowth.quant.exp-nodecay-regpre,MSAGAT-Net,current,ltla_timeseries,3,1000,20,none,True,default,loggrowth,True,,nodecay-regpre,False,,,,MSAGAT-Net.loggrowth.quant.exp-nodecay-regpre,168,49.482142,49.482142,True,True,,,,,20260819_093155,report/predictions/ltla_timeseries/MSAGAT-Net.ltla_timeseries.w-20.h-3.none.seed-1000.with_adj.loggrowth.quant.exp-nodecay-regpre.npz,save_all/MSAGAT-Net.ltla_timeseries.w-20.h-3.none.seed-1000.with_adj.loggrowth.quant.exp-nodecay-regpre.pt,,manifest_missing
MSAGAT-Net.ltla_timeseries.w-20.h-3.none.seed-1000.with_adj.loggrowth.quant,MSAGAT-Net,current,ltla_timeseries,3,1000,20,none,True,default,loggrowth,True,,,False,,,,MSAGAT-Net.loggrowth.quant,168,49.190318,49.190318,True,True,,,,,20260814_032111,report/predictions/ltla_timeseries/MSAGAT-Net.ltla_timeseries.w-20.h-3.none.seed-1000.with_adj.loggrowth.quant.npz,save_all/MSAGAT-Net.ltla_timeseries.w-20.h-3.none.seed-1000.with_adj.loggrowth.quant.pt,,manifest_missing
MSAGAT-Net.ltla_timeseries.w-20.h-3.none.seed-1000.with_adj,MSAGAT-Net,current,ltla_timeseries,3,1000,20,none,True,default,level,False,,,False,,,,MSAGAT-Net,168,49.772663,49.772662,True,False,,,,,20260811_091000,report/predictions/ltla_timeseries/MSAGAT-Net.ltla_timeseries.w-20.h-3.none.seed-1000.with_adj.npz,save_all/MSAGAT-Net.ltla_timeseries.w-20.h-3.none.seed-1000.with_adj.pt,,manifest_missing
MSAGAT-Net.ltla_timeseries.w-20.h-3.none.seed-123.with_adj.loggrowth.quant.exp-nodecay-regpre,MSAGAT-Net,current,ltla_timeseries,3,123,20,none,True,default,loggrowth,True,,nodecay-regpre,False,,,,MSAGAT-Net.loggrowth.quant.exp-nodecay-regpre,168,49.075794,49.075794,True,True,,,,,20260819_092934,report/predictions/ltla_timeseries/MSAGAT-Net.ltla_timeseries.w-20.h-3.none.seed-123.with_adj.loggrowth.quant.exp-nodecay-regpre.npz,save_all/MSAGAT-Net.ltla_timeseries.w-20.h-3.none.seed-123.with_adj.loggrowth.quant.exp-nodecay-regpre.pt,,manifest_missing
MSAGAT-Net.ltla_timeseries.w-20.h-3.none.seed-123.with_adj.loggrowth.quant,MSAGAT-Net,current,ltla_timeseries,3,123,20,none,True,default,loggrowth,True,,,False,,,,MSAGAT-Net.loggrowth.quant,168,49.337967,49.337967,True,True,,,,,20260814_032124,report/predictions/ltla_timeseries/MSAGAT-Net.ltla_timeseries.w-20.h-3.none.seed-123.with_adj.loggrowth.quant.npz,save_all/MSAGAT-Net.ltla_timeseries.w-20.h-3.none.seed-123.with_adj.loggrowth.quant.pt,,manifest_missing
MSAGAT-Net.ltla_timeseries.w-20.h-3.none.seed-123.with_adj,MSAGAT-Net,current,ltla_timeseries,3,123,20,none,True,default,level,False,,,False,,,,MSAGAT-Net,168,51.797581,51.797582,True,False,,,,,20260811_090949,report/predictions/ltla_timeseries/MSAGAT-Net.ltla_timeseries.w-20.h-3.none.seed-123.with_adj.npz,save_all/MSAGAT-Net.ltla_timeseries.w-20.h-3.none.seed-123.with_adj.pt,,manifest_missing
MSAGAT-Net.ltla_timeseries.w-20.h-3.none.seed-30.with_adj.loggrowth.quant.exp-nodecay-regpre,MSAGAT-Net,current,ltla_timeseries,3,30,20,none,True,default,loggrowth,True,,nodecay-regpre,False,,,,MSAGAT-Net.loggrowth.quant.exp-nodecay-regpre,168,52.235717,52.235717,True,True,,,,,20260819_092348,report/predictions/ltla_timeseries/MSAGAT-Net.ltla_timeseries.w-20.h-3.none.seed-30.with_adj.loggrowth.quant.exp-nodecay-regpre.npz,save_all/MSAGAT-Net.ltla_timeseries.w-20.h-3.none.seed-30.with_adj.loggrowth.quant.exp-nodecay-regpre.pt,,manifest_missing
MSAGAT-Net.ltla_timeseries.w-20.h-3.none.seed-30.with_adj.loggrowth.quant,MSAGAT-Net,current,ltla_timeseries,3,30,20,none,True,default,loggrowth,True,,,False,,,,MSAGAT-Net.loggrowth.quant,168,52.226654,52.226654,True,True,,,,,20260814_032136,report/predictions/ltla_timeseries/MSAGAT-Net.ltla_timeseries.w-20.h-3.none.seed-30.with_adj.loggrowth.quant.npz,save_all/MSAGAT-Net.ltla_timeseries.w-20.h-3.none.seed-30.with_adj.loggrowth.quant.pt,,manifest_missing
MSAGAT-Net.ltla_timeseries.w-20.h-3.none.seed-30.with_adj,MSAGAT-Net,current,ltla_timeseries,3,30,20,none,True,default,level,False,,,False,,,,MSAGAT-Net,168,49.907066,49.907065,True,False,,,,,20260811_090925,report/predictions/ltla_timeseries/MSAGAT-Net.ltla_timeseries.w-20.h-3.none.seed-30.with_adj.npz,save_all/MSAGAT-Net.ltla_timeseries.w-20.h-3.none.seed-30.with_adj.pt,,manifest_missing
MSAGAT-Net.ltla_timeseries.w-20.h-3.none.seed-42.with_adj.loggrowth.quant.exp-nodecay-regpre,MSAGAT-Net,current,ltla_timeseries,3,42,20,none,True,default,loggrowth,True,,nodecay-regpre,False,,,,MSAGAT-Net.loggrowth.quant.exp-nodecay-regpre,168,50.999994,50.999994,True,True,,,,,20260819_092238,report/predictions/ltla_timeseries/MSAGAT-Net.ltla_timeseries.w-20.h-3.none.seed-42.with_adj.loggrowth.quant.exp-nodecay-regpre.npz,save_all/MSAGAT-Net.ltla_timeseries.w-20.h-3.none.seed-42.with_adj.loggrowth.quant.exp-nodecay-regpre.pt,,manifest_missing
MSAGAT-Net.ltla_timeseries.w-20.h-3.none.seed-42.with_adj.loggrowth.quant,MSAGAT-Net,current,ltla_timeseries,3,42,20,none,True,default,loggrowth,True,,,False,,,,MSAGAT-Net.loggrowth.quant,168,50.419668,50.419668,True,True,,,,,20260814_032149,report/predictions/ltla_timeseries/MSAGAT-Net.ltla_timeseries.w-20.h-3.none.seed-42.with_adj.loggrowth.quant.npz,save_all/MSAGAT-Net.ltla_timeseries.w-20.h-3.none.seed-42.with_adj.loggrowth.quant.pt,,manifest_missing
MSAGAT-Net.ltla_timeseries.w-20.h-3.none.seed-42.with_adj,MSAGAT-Net,current,ltla_timeseries,3,42,20,none,True,default,level,False,,,False,,,,MSAGAT-Net,168,49.782001,49.782,True,False,,,,,20260811_090913,report/predictions/ltla_timeseries/MSAGAT-Net.ltla_timeseries.w-20.h-3.none.seed-42.with_adj.npz,save_all/MSAGAT-Net.ltla_timeseries.w-20.h-3.none.seed-42.with_adj.pt,,manifest_missing
MSAGAT-Net.ltla_timeseries.w-20.h-3.none.seed-45.with_adj.loggrowth.quant.exp-nodecay-regpre,MSAGAT-Net,current,ltla_timeseries,3,45,20,none,True,default,loggrowth,True,,nodecay-regpre,False,,,,MSAGAT-Net.loggrowth.quant.exp-nodecay-regpre,168,51.436134,51.436134,True,True,,,,,20260819_092543,report/predictions/ltla_timeseries/MSAGAT-Net.ltla_timeseries.w-20.h-3.none.seed-45.with_adj.loggrowth.quant.exp-nodecay-regpre.npz,save_all/MSAGAT-Net.ltla_timeseries.w-20.h-3.none.seed-45.with_adj.loggrowth.quant.exp-nodecay-regpre.pt,,manifest_missing
MSAGAT-Net.ltla_timeseries.w-20.h-3.none.seed-45.with_adj.loggrowth.quant,MSAGAT-Net,current,ltla_timeseries,3,45,20,none,True,default,loggrowth,True,,,False,,,,MSAGAT-Net.loggrowth.quant,168,51.445149,51.445149,True,True,,,,,20260814_032202,report/predictions/ltla_timeseries/MSAGAT-Net.ltla_timeseries.w-20.h-3.none.seed-45.with_adj.loggrowth.quant.npz,save_all/MSAGAT-Net.ltla_timeseries.w-20.h-3.none.seed-45.with_adj.loggrowth.quant.pt,,manifest_missing
MSAGAT-Net.ltla_timeseries.w-20.h-3.none.seed-45.with_adj,MSAGAT-Net,current,ltla_timeseries,3,45,20,none,True,default,level,False,,,False,,,,MSAGAT-Net,168,47.967644,47.967646,True,False,,,,,20260811_090937,report/predictions/ltla_timeseries/MSAGAT-Net.ltla_timeseries.w-20.h-3.none.seed-45.with_adj.npz,save_all/MSAGAT-Net.ltla_timeseries.w-20.h-3.none.seed-45.with_adj.pt,,manifest_missing
MSAGAT-Net.ltla_timeseries.w-20.h-7.none.seed-1000.with_adj.loggrowth.quant.exp-nodecay-regpre,MSAGAT-Net,current,ltla_timeseries,7,1000,20,none,True,default,loggrowth,True,,nodecay-regpre,False,,,,MSAGAT-Net.loggrowth.quant.exp-nodecay-regpre,168,85.636747,85.636747,True,True,,,,,20260819_094212,report/predictions/ltla_timeseries/MSAGAT-Net.ltla_timeseries.w-20.h-7.none.seed-1000.with_adj.loggrowth.quant.exp-nodecay-regpre.npz,save_all/MSAGAT-Net.ltla_timeseries.w-20.h-7.none.seed-1000.with_adj.loggrowth.quant.exp-nodecay-regpre.pt,,manifest_missing
MSAGAT-Net.ltla_timeseries.w-20.h-7.none.seed-1000.with_adj.loggrowth.quant,MSAGAT-Net,current,ltla_timeseries,7,1000,20,none,True,default,loggrowth,True,,,False,,,,MSAGAT-Net.loggrowth.quant,168,82.258029,82.258029,True,True,,,,,20260814_032215,report/predictions/ltla_timeseries/MSAGAT-Net.ltla_timeseries.w-20.h-7.none.seed-1000.with_adj.loggrowth.quant.npz,save_all/MSAGAT-Net.ltla_timeseries.w-20.h-7.none.seed-1000.with_adj.loggrowth.quant.pt,,manifest_missing
MSAGAT-Net.ltla_timeseries.w-20.h-7.none.seed-1000.with_adj,MSAGAT-Net,current,ltla_timeseries,7,1000,20,none,True,default,level,False,,,False,,,,MSAGAT-Net,168,84.292229,84.292225,True,False,,,,,20260811_091058,report/predictions/ltla_timeseries/MSAGAT-Net.ltla_timeseries.w-20.h-7.none.seed-1000.with_adj.npz,save_all/MSAGAT-Net.ltla_timeseries.w-20.h-7.none.seed-1000.with_adj.pt,,manifest_missing
MSAGAT-Net.ltla_timeseries.w-20.h-7.none.seed-123.with_adj.loggrowth.quant.exp-nodecay-regpre,MSAGAT-Net,current,ltla_timeseries,7,123,20,none,True,default,loggrowth,True,,nodecay-regpre,False,,,,MSAGAT-Net.loggrowth.quant.exp-nodecay-regpre,168,77.757177,77.757177,True,True,,,,,20260819_094055,report/predictions/ltla_timeseries/MSAGAT-Net.ltla_timeseries.w-20.h-7.none.seed-123.with_adj.loggrowth.quant.exp-nodecay-regpre.npz,save_all/MSAGAT-Net.ltla_timeseries.w-20.h-7.none.seed-123.with_adj.loggrowth.quant.exp-nodecay-regpre.pt,,manifest_missing
MSAGAT-Net.ltla_timeseries.w-20.h-7.none.seed-123.with_adj.loggrowth.quant,MSAGAT-Net,current,ltla_timeseries,7,123,20,none,True,default,loggrowth,True,,,False,,,,MSAGAT-Net.loggrowth.quant,168,77.957115,77.957115,True,True,,,,,20260814_032228,report/predictions/ltla_timeseries/MSAGAT-Net.ltla_timeseries.w-20.h-7.none.seed-123.with_adj.loggrowth.quant.npz,save_all/MSAGAT-Net.ltla_timeseries.w-20.h-7.none.seed-123.with_adj.loggrowth.quant.pt,,manifest_missing
MSAGAT-Net.ltla_timeseries.w-20.h-7.none.seed-123.with_adj,MSAGAT-Net,current,ltla_timeseries,7,123,20,none,True,default,level,False,,,False,,,,MSAGAT-Net,168,81.628891,81.628891,True,False,,,,,20260811_091047,report/predictions/ltla_timeseries/MSAGAT-Net.ltla_timeseries.w-20.h-7.none.seed-123.with_adj.npz,save_all/MSAGAT-Net.ltla_timeseries.w-20.h-7.none.seed-123.with_adj.pt,,manifest_missing
MSAGAT-Net.ltla_timeseries.w-20.h-7.none.seed-30.with_adj.loggrowth,MSAGAT-Net,current,ltla_timeseries,7,30,20,none,True,default,loggrowth,False,,,False,,,,MSAGAT-Net.loggrowth,168,89.591476,89.59148,True,False,,,,,20260811_051834,report/predictions/ltla_timeseries/MSAGAT-Net.ltla_timeseries.w-20.h-7.none.seed-30.with_adj.loggrowth.npz,save_all/MSAGAT-Net.ltla_timeseries.w-20.h-7.none.seed-30.with_adj.loggrowth.pt,,manifest_missing
MSAGAT-Net.ltla_timeseries.w-20.h-7.none.seed-30.with_adj.loggrowth.quant.exp-nodecay-regpre,MSAGAT-Net,current,ltla_timeseries,7,30,20,none,True,default,loggrowth,True,,nodecay-regpre,False,,,,MSAGAT-Net.loggrowth.quant.exp-nodecay-regpre,168,85.009815,85.009815,True,True,,,,,20260819_093736,report/predictions/ltla_timeseries/MSAGAT-Net.ltla_timeseries.w-20.h-7.none.seed-30.with_adj.loggrowth.quant.exp-nodecay-regpre.npz,save_all/MSAGAT-Net.ltla_timeseries.w-20.h-7.none.seed-30.with_adj.loggrowth.quant.exp-nodecay-regpre.pt,,manifest_missing
MSAGAT-Net.ltla_timeseries.w-20.h-7.none.seed-30.with_adj.loggrowth.quant,MSAGAT-Net,current,ltla_timeseries,7,30,20,none,True,default,loggrowth,True,,,False,,,,MSAGAT-Net.loggrowth.quant,168,88.253744,88.253744,True,True,,,,,20260814_032243,report/predictions/ltla_timeseries/MSAGAT-Net.ltla_timeseries.w-20.h-7.none.seed-30.with_adj.loggrowth.quant.npz,save_all/MSAGAT-Net.ltla_timeseries.w-20.h-7.none.seed-30.with_adj.loggrowth.quant.pt,,manifest_missing
MSAGAT-Net.ltla_timeseries.w-20.h-7.none.seed-30.with_adj,MSAGAT-Net,current,ltla_timeseries,7,30,20,none,True,default,level,False,,,False,,,,MSAGAT-Net,168,85.296608,85.296607,True,False,,,,,20260811_091023,report/predictions/ltla_timeseries/MSAGAT-Net.ltla_timeseries.w-20.h-7.none.seed-30.with_adj.npz,save_all/MSAGAT-Net.ltla_timeseries.w-20.h-7.none.seed-30.with_adj.pt,,manifest_missing
MSAGAT-Net.ltla_timeseries.w-20.h-7.none.seed-30.with_adj.pprm-multistep,MSAGAT-Net,current,ltla_timeseries,7,30,20,none,True,default,level,False,,,False,,,,MSAGAT-Net.pprm-multistep,168,88.558517,88.558514,False,False,,,,,20260811_031000,report/predictions/ltla_timeseries/MSAGAT-Net.ltla_timeseries.w-20.h-7.none.seed-30.with_adj.pprm-multistep.npz,save_all/MSAGAT-Net.ltla_timeseries.w-20.h-7.none.seed-30.with_adj.pprm-multistep.pt,,manifest_missing
MSAGAT-Net.ltla_timeseries.w-20.h-7.none.seed-30.with_adj.pprm-multistep.sgate,MSAGAT-Net,current,ltla_timeseries,7,30,20,none,True,default,level,False,,,False,,,,MSAGAT-Net.pprm-multistep.sgate,168,88.92923,88.929231,False,False,,,,,20260811_035626,report/predictions/ltla_timeseries/MSAGAT-Net.ltla_timeseries.w-20.h-7.none.seed-30.with_adj.pprm-multistep.sgate.npz,save_all/MSAGAT-Net.ltla_timeseries.w-20.h-7.none.seed-30.with_adj.pprm-multistep.sgate.pt,,manifest_missing
MSAGAT-Net.ltla_timeseries.w-20.h-7.none.seed-30.with_adj.sgate,MSAGAT-Net,current,ltla_timeseries,7,30,20,none,True,default,level,False,,,False,,,,MSAGAT-Net.sgate,168,89.128487,89.128487,False,False,,,,,20260811_033246,report/predictions/ltla_timeseries/MSAGAT-Net.ltla_timeseries.w-20.h-7.none.seed-30.with_adj.sgate.npz,save_all/MSAGAT-Net.ltla_timeseries.w-20.h-7.none.seed-30.with_adj.sgate.pt,,manifest_missing
MSAGAT-Net.ltla_timeseries.w-20.h-7.none.seed-42.with_adj.loggrowth,MSAGAT-Net,current,ltla_timeseries,7,42,20,none,True,default,loggrowth,False,,,False,,,,MSAGAT-Net.loggrowth,168,81.963692,81.963689,True,False,,,,,20260811_051554,report/predictions/ltla_timeseries/MSAGAT-Net.ltla_timeseries.w-20.h-7.none.seed-42.with_adj.loggrowth.npz,save_all/MSAGAT-Net.ltla_timeseries.w-20.h-7.none.seed-42.with_adj.loggrowth.pt,,manifest_missing
MSAGAT-Net.ltla_timeseries.w-20.h-7.none.seed-42.with_adj.loggrowth.quant.exp-nodecay-regpre,MSAGAT-Net,current,ltla_timeseries,7,42,20,none,True,default,loggrowth,True,,nodecay-regpre,False,,,,MSAGAT-Net.loggrowth.quant.exp-nodecay-regpre,168,85.037779,85.037779,True,True,,,,,20260819_093453,report/predictions/ltla_timeseries/MSAGAT-Net.ltla_timeseries.w-20.h-7.none.seed-42.with_adj.loggrowth.quant.exp-nodecay-regpre.npz,save_all/MSAGAT-Net.ltla_timeseries.w-20.h-7.none.seed-42.with_adj.loggrowth.quant.exp-nodecay-regpre.pt,,manifest_missing
MSAGAT-Net.ltla_timeseries.w-20.h-7.none.seed-42.with_adj.loggrowth.quant,MSAGAT-Net,current,ltla_timeseries,7,42,20,none,True,default,loggrowth,True,,,False,,,,MSAGAT-Net.loggrowth.quant,168,86.205811,86.205811,True,True,,,,,20260814_032300,report/predictions/ltla_timeseries/MSAGAT-Net.ltla_timeseries.w-20.h-7.none.seed-42.with_adj.loggrowth.quant.npz,save_all/MSAGAT-Net.ltla_timeseries.w-20.h-7.none.seed-42.with_adj.loggrowth.quant.pt,,manifest_missing
MSAGAT-Net.ltla_timeseries.w-20.h-7.none.seed-42.with_adj,MSAGAT-Net,current,ltla_timeseries,7,42,20,none,True,default,level,False,,,False,,,,MSAGAT-Net,168,83.024216,83.024219,True,False,,,,,20260811_091012,report/predictions/ltla_timeseries/MSAGAT-Net.ltla_timeseries.w-20.h-7.none.seed-42.with_adj.npz,save_all/MSAGAT-Net.ltla_timeseries.w-20.h-7.none.seed-42.with_adj.pt,,manifest_missing
MSAGAT-Net.ltla_timeseries.w-20.h-7.none.seed-42.with_adj.pprm-multistep,MSAGAT-Net,current,ltla_timeseries,7,42,20,none,True,default,level,False,,,False,,,,MSAGAT-Net.pprm-multistep,168,83.111374,83.111374,False,False,,,,,20260811_030810,report/predictions/ltla_timeseries/MSAGAT-Net.ltla_timeseries.w-20.h-7.none.seed-42.with_adj.pprm-multistep.npz,save_all/MSAGAT-Net.ltla_timeseries.w-20.h-7.none.seed-42.with_adj.pprm-multistep.pt,,manifest_missing
MSAGAT-Net.ltla_timeseries.w-20.h-7.none.seed-42.with_adj.pprm-multistep.sgate,MSAGAT-Net,current,ltla_timeseries,7,42,20,none,True,default,level,False,,,False,,,,MSAGAT-Net.pprm-multistep.sgate,168,82.011887,82.011885,False,False,,,,,20260811_035434,report/predictions/ltla_timeseries/MSAGAT-Net.ltla_timeseries.w-20.h-7.none.seed-42.with_adj.pprm-multistep.sgate.npz,save_all/MSAGAT-Net.ltla_timeseries.w-20.h-7.none.seed-42.with_adj.pprm-multistep.sgate.pt,,manifest_missing
MSAGAT-Net.ltla_timeseries.w-20.h-7.none.seed-42.with_adj.sgate,MSAGAT-Net,current,ltla_timeseries,7,42,20,none,True,default,level,False,,,False,,,,MSAGAT-Net.sgate,168,83.096466,83.096468,False,False,,,,,20260811_033058,report/predictions/ltla_timeseries/MSAGAT-Net.ltla_timeseries.w-20.h-7.none.seed-42.with_adj.sgate.npz,save_all/MSAGAT-Net.ltla_timeseries.w-20.h-7.none.seed-42.with_adj.sgate.pt,,manifest_missing
MSAGAT-Net.ltla_timeseries.w-20.h-7.none.seed-45.with_adj.loggrowth,MSAGAT-Net,current,ltla_timeseries,7,45,20,none,True,default,loggrowth,False,,,False,,,,MSAGAT-Net.loggrowth,168,98.347527,98.347528,True,False,,,,,20260811_052026,report/predictions/ltla_timeseries/MSAGAT-Net.ltla_timeseries.w-20.h-7.none.seed-45.with_adj.loggrowth.npz,save_all/MSAGAT-Net.ltla_timeseries.w-20.h-7.none.seed-45.with_adj.loggrowth.pt,,manifest_missing
MSAGAT-Net.ltla_timeseries.w-20.h-7.none.seed-45.with_adj.loggrowth.quant.exp-nodecay-regpre,MSAGAT-Net,current,ltla_timeseries,7,45,20,none,True,default,loggrowth,True,,nodecay-regpre,False,,,,MSAGAT-Net.loggrowth.quant.exp-nodecay-regpre,168,88.140326,88.140326,True,True,,,,,20260819_093925,report/predictions/ltla_timeseries/MSAGAT-Net.ltla_timeseries.w-20.h-7.none.seed-45.with_adj.loggrowth.quant.exp-nodecay-regpre.npz,save_all/MSAGAT-Net.ltla_timeseries.w-20.h-7.none.seed-45.with_adj.loggrowth.quant.exp-nodecay-regpre.pt,,manifest_missing
MSAGAT-Net.ltla_timeseries.w-20.h-7.none.seed-45.with_adj.loggrowth.quant,MSAGAT-Net,current,ltla_timeseries,7,45,20,none,True,default,loggrowth,True,,,False,,,,MSAGAT-Net.loggrowth.quant,168,87.76049,87.76049,True,True,,,,,20260814_032313,report/predictions/ltla_timeseries/MSAGAT-Net.ltla_timeseries.w-20.h-7.none.seed-45.with_adj.loggrowth.quant.npz,save_all/MSAGAT-Net.ltla_timeseries.w-20.h-7.none.seed-45.with_adj.loggrowth.quant.pt,,manifest_missing
MSAGAT-Net.ltla_timeseries.w-20.h-7.none.seed-45.with_adj,MSAGAT-Net,current,ltla_timeseries,7,45,20,none,True,default,level,False,,,False,,,,MSAGAT-Net,168,95.652435,95.652437,True,False,,,,,20260811_091035,report/predictions/ltla_timeseries/MSAGAT-Net.ltla_timeseries.w-20.h-7.none.seed-45.with_adj.npz,save_all/MSAGAT-Net.ltla_timeseries.w-20.h-7.none.seed-45.with_adj.pt,,manifest_missing
MSAGAT-Net.ltla_timeseries.w-20.h-7.none.seed-45.with_adj.pprm-multistep,MSAGAT-Net,current,ltla_timeseries,7,45,20,none,True,default,level,False,,,False,,,,MSAGAT-Net.pprm-multistep,168,87.065971,87.065969,False,False,,,,,20260811_031225,report/predictions/ltla_timeseries/MSAGAT-Net.ltla_timeseries.w-20.h-7.none.seed-45.with_adj.pprm-multistep.npz,save_all/MSAGAT-Net.ltla_timeseries.w-20.h-7.none.seed-45.with_adj.pprm-multistep.pt,,manifest_missing
MSAGAT-Net.ltla_timeseries.w-20.h-7.none.seed-45.with_adj.pprm-multistep.sgate,MSAGAT-Net,current,ltla_timeseries,7,45,20,none,True,default,level,False,,,False,,,,MSAGAT-Net.pprm-multistep.sgate,168,87.188904,87.1889,False,False,,,,,20260811_035851,report/predictions/ltla_timeseries/MSAGAT-Net.ltla_timeseries.w-20.h-7.none.seed-45.with_adj.pprm-multistep.sgate.npz,save_all/MSAGAT-Net.ltla_timeseries.w-20.h-7.none.seed-45.with_adj.pprm-multistep.sgate.pt,,manifest_missing
MSAGAT-Net.ltla_timeseries.w-20.h-7.none.seed-45.with_adj.sgate,MSAGAT-Net,current,ltla_timeseries,7,45,20,none,True,default,level,False,,,False,,,,MSAGAT-Net.sgate,168,89.522118,89.52212,False,False,,,,,20260811_033452,report/predictions/ltla_timeseries/MSAGAT-Net.ltla_timeseries.w-20.h-7.none.seed-45.with_adj.sgate.npz,save_all/MSAGAT-Net.ltla_timeseries.w-20.h-7.none.seed-45.with_adj.sgate.pt,,manifest_missing
cola_gnn.ltla_timeseries.w-20.h-14.none.seed-30,cola_gnn,current,ltla_timeseries,14,30,20,none,,,,,,,,,,,cola_gnn,168,227.678421,,False,False,,,,,,report/predictions/ltla_timeseries/cola_gnn.ltla_timeseries.w-20.h-14.none.seed-30.npz,,,ok
cola_gnn.ltla_timeseries.w-20.h-14.none.seed-42,cola_gnn,current,ltla_timeseries,14,42,20,none,,,,,,,,,,,cola_gnn,168,153.844849,,False,False,,,,,,report/predictions/ltla_timeseries/cola_gnn.ltla_timeseries.w-20.h-14.none.seed-42.npz,,,ok
cola_gnn.ltla_timeseries.w-20.h-14.none.seed-42.oldckpt,cola_gnn,oldckpt,ltla_timeseries,14,42,20,none,,,,,,,,,,,cola_gnn,155,130.746338,,False,False,,,,,,report/predictions/ltla_timeseries/cola_gnn.ltla_timeseries.w-20.h-14.none.seed-42.oldckpt.npz,,,ok
cola_gnn.ltla_timeseries.w-20.h-14.none.seed-45,cola_gnn,current,ltla_timeseries,14,45,20,none,,,,,,,,,,,cola_gnn,168,128.821182,,False,False,,,,,,report/predictions/ltla_timeseries/cola_gnn.ltla_timeseries.w-20.h-14.none.seed-45.npz,,,ok
cola_gnn.ltla_timeseries.w-20.h-3.none.seed-1000,cola_gnn,current,ltla_timeseries,3,1000,20,none,,,,,,,,,,,cola_gnn,168,49.310932,,False,False,,,,,,report/predictions/ltla_timeseries/cola_gnn.ltla_timeseries.w-20.h-3.none.seed-1000.npz,,,ok
cola_gnn.ltla_timeseries.w-20.h-3.none.seed-123,cola_gnn,current,ltla_timeseries,3,123,20,none,,,,,,,,,,,cola_gnn,168,49.566296,,False,False,,,,,,report/predictions/ltla_timeseries/cola_gnn.ltla_timeseries.w-20.h-3.none.seed-123.npz,,,ok
cola_gnn.ltla_timeseries.w-20.h-3.none.seed-30,cola_gnn,current,ltla_timeseries,3,30,20,none,,,,,,,,,,,cola_gnn,168,48.359619,,False,False,,,,,,report/predictions/ltla_timeseries/cola_gnn.ltla_timeseries.w-20.h-3.none.seed-30.npz,,,ok
cola_gnn.ltla_timeseries.w-20.h-3.none.seed-42,cola_gnn,current,ltla_timeseries,3,42,20,none,,,,,,,,,,,cola_gnn,168,56.327763,,False,False,,,,,,report/predictions/ltla_timeseries/cola_gnn.ltla_timeseries.w-20.h-3.none.seed-42.npz,,,ok
cola_gnn.ltla_timeseries.w-20.h-3.none.seed-42.oldckpt,cola_gnn,oldckpt,ltla_timeseries,3,42,20,none,,,,,,,,,,,cola_gnn,166,76.801895,,False,False,,,,,,report/predictions/ltla_timeseries/cola_gnn.ltla_timeseries.w-20.h-3.none.seed-42.oldckpt.npz,,,ok
cola_gnn.ltla_timeseries.w-20.h-3.none.seed-45,cola_gnn,current,ltla_timeseries,3,45,20,none,,,,,,,,,,,cola_gnn,168,48.751343,,False,False,,,,,,report/predictions/ltla_timeseries/cola_gnn.ltla_timeseries.w-20.h-3.none.seed-45.npz,,,ok
cola_gnn.ltla_timeseries.w-20.h-7.none.seed-1000,cola_gnn,current,ltla_timeseries,7,1000,20,none,,,,,,,,,,,cola_gnn,168,131.711746,,False,False,,,,,,report/predictions/ltla_timeseries/cola_gnn.ltla_timeseries.w-20.h-7.none.seed-1000.npz,,,ok
cola_gnn.ltla_timeseries.w-20.h-7.none.seed-123,cola_gnn,current,ltla_timeseries,7,123,20,none,,,,,,,,,,,cola_gnn,168,81.322556,,False,False,,,,,,report/predictions/ltla_timeseries/cola_gnn.ltla_timeseries.w-20.h-7.none.seed-123.npz,,,ok
cola_gnn.ltla_timeseries.w-20.h-7.none.seed-30,cola_gnn,current,ltla_timeseries,7,30,20,none,,,,,,,,,,,cola_gnn,168,85.858147,,False,False,,,,,,report/predictions/ltla_timeseries/cola_gnn.ltla_timeseries.w-20.h-7.none.seed-30.npz,,,ok
cola_gnn.ltla_timeseries.w-20.h-7.none.seed-42,cola_gnn,current,ltla_timeseries,7,42,20,none,,,,,,,,,,,cola_gnn,168,100.098366,,False,False,,,,,,report/predictions/ltla_timeseries/cola_gnn.ltla_timeseries.w-20.h-7.none.seed-42.npz,,,ok
cola_gnn.ltla_timeseries.w-20.h-7.none.seed-42.oldckpt,cola_gnn,oldckpt,ltla_timeseries,7,42,20,none,,,,,,,,,,,cola_gnn,162,87.582207,,False,False,,,,,,report/predictions/ltla_timeseries/cola_gnn.ltla_timeseries.w-20.h-7.none.seed-42.oldckpt.npz,,,ok
cola_gnn.ltla_timeseries.w-20.h-7.none.seed-45,cola_gnn,current,ltla_timeseries,7,45,20,none,,,,,,,,,,,cola_gnn,168,113.701096,,False,False,,,,,,report/predictions/ltla_timeseries/cola_gnn.ltla_timeseries.w-20.h-7.none.seed-45.npz,,,ok
dcrnn.ltla_timeseries.w-20.h-14.none.seed-42.oldckpt,dcrnn,oldckpt,ltla_timeseries,14,42,20,none,,,,,,,,,,,dcrnn,155,146.331131,,False,False,,,,,,report/predictions/ltla_timeseries/dcrnn.ltla_timeseries.w-20.h-14.none.seed-42.oldckpt.npz,,,ok
dcrnn.ltla_timeseries.w-20.h-3.none.seed-1000,dcrnn,current,ltla_timeseries,3,1000,20,none,,,,,,,,,,,dcrnn,168,84.606987,,False,False,,,,,,report/predictions/ltla_timeseries/dcrnn.ltla_timeseries.w-20.h-3.none.seed-1000.npz,,,ok
dcrnn.ltla_timeseries.w-20.h-3.none.seed-123,dcrnn,current,ltla_timeseries,3,123,20,none,,,,,,,,,,,dcrnn,168,69.597992,,False,False,,,,,,report/predictions/ltla_timeseries/dcrnn.ltla_timeseries.w-20.h-3.none.seed-123.npz,,,ok
dcrnn.ltla_timeseries.w-20.h-3.none.seed-30,dcrnn,current,ltla_timeseries,3,30,20,none,,,,,,,,,,,dcrnn,168,59.291374,,False,False,,,,,,report/predictions/ltla_timeseries/dcrnn.ltla_timeseries.w-20.h-3.none.seed-30.npz,,,ok
dcrnn.ltla_timeseries.w-20.h-3.none.seed-42,dcrnn,current,ltla_timeseries,3,42,20,none,,,,,,,,,,,dcrnn,168,59.514427,,False,False,,,,,,report/predictions/ltla_timeseries/dcrnn.ltla_timeseries.w-20.h-3.none.seed-42.npz,,,ok
dcrnn.ltla_timeseries.w-20.h-3.none.seed-42.oldckpt,dcrnn,oldckpt,ltla_timeseries,3,42,20,none,,,,,,,,,,,dcrnn,166,128.729279,,False,False,,,,,,report/predictions/ltla_timeseries/dcrnn.ltla_timeseries.w-20.h-3.none.seed-42.oldckpt.npz,,,ok
dcrnn.ltla_timeseries.w-20.h-3.none.seed-45,dcrnn,current,ltla_timeseries,3,45,20,none,,,,,,,,,,,dcrnn,168,66.478577,,False,False,,,,,,report/predictions/ltla_timeseries/dcrnn.ltla_timeseries.w-20.h-3.none.seed-45.npz,,,ok
dcrnn.ltla_timeseries.w-20.h-7.none.seed-1000,dcrnn,current,ltla_timeseries,7,1000,20,none,,,,,,,,,,,dcrnn,168,107.595078,,False,False,,,,,,report/predictions/ltla_timeseries/dcrnn.ltla_timeseries.w-20.h-7.none.seed-1000.npz,,,ok
dcrnn.ltla_timeseries.w-20.h-7.none.seed-123,dcrnn,current,ltla_timeseries,7,123,20,none,,,,,,,,,,,dcrnn,168,95.599022,,False,False,,,,,,report/predictions/ltla_timeseries/dcrnn.ltla_timeseries.w-20.h-7.none.seed-123.npz,,,ok
dcrnn.ltla_timeseries.w-20.h-7.none.seed-30,dcrnn,current,ltla_timeseries,7,30,20,none,,,,,,,,,,,dcrnn,168,100.959335,,False,False,,,,,,report/predictions/ltla_timeseries/dcrnn.ltla_timeseries.w-20.h-7.none.seed-30.npz,,,ok
dcrnn.ltla_timeseries.w-20.h-7.none.seed-42,dcrnn,current,ltla_timeseries,7,42,20,none,,,,,,,,,,,dcrnn,168,91.869232,,False,False,,,,,,report/predictions/ltla_timeseries/dcrnn.ltla_timeseries.w-20.h-7.none.seed-42.npz,,,ok
dcrnn.ltla_timeseries.w-20.h-7.none.seed-42.oldckpt,dcrnn,oldckpt,ltla_timeseries,7,42,20,none,,,,,,,,,,,dcrnn,162,97.941895,,False,False,,,,,,report/predictions/ltla_timeseries/dcrnn.ltla_timeseries.w-20.h-7.none.seed-42.oldckpt.npz,,,ok
dcrnn.ltla_timeseries.w-20.h-7.none.seed-45,dcrnn,current,ltla_timeseries,7,45,20,none,,,,,,,,,,,dcrnn,168,101.006516,,False,False,,,,,,report/predictions/ltla_timeseries/dcrnn.ltla_timeseries.w-20.h-7.none.seed-45.npz,,,ok
epignn.ltla_timeseries.w-20.h-14.none.seed-1000,epignn,current,ltla_timeseries,14,1000,20,none,,,,,,,,,,,epignn,168,175.518158,,False,False,,,,,,report/predictions/ltla_timeseries/epignn.ltla_timeseries.w-20.h-14.none.seed-1000.npz,,,ok
epignn.ltla_timeseries.w-20.h-14.none.seed-123,epignn,current,ltla_timeseries,14,123,20,none,,,,,,,,,,,epignn,168,171.96524,,False,False,,,,,,report/predictions/ltla_timeseries/epignn.ltla_timeseries.w-20.h-14.none.seed-123.npz,,,ok
epignn.ltla_timeseries.w-20.h-14.none.seed-30,epignn,current,ltla_timeseries,14,30,20,none,,,,,,,,,,,epignn,168,269.19632,,False,False,,,,,,report/predictions/ltla_timeseries/epignn.ltla_timeseries.w-20.h-14.none.seed-30.npz,,,ok
epignn.ltla_timeseries.w-20.h-14.none.seed-42,epignn,current,ltla_timeseries,14,42,20,none,,,,,,,,,,,epignn,168,157.137054,,False,False,,,,,,report/predictions/ltla_timeseries/epignn.ltla_timeseries.w-20.h-14.none.seed-42.npz,,,ok
epignn.ltla_timeseries.w-20.h-14.none.seed-42.oldckpt,epignn,oldckpt,ltla_timeseries,14,42,20,none,,,,,,,,,,,epignn,168,157.14537,,False,False,,,,,,report/predictions/ltla_timeseries/epignn.ltla_timeseries.w-20.h-14.none.seed-42.oldckpt.npz,,,ok
epignn.ltla_timeseries.w-20.h-14.none.seed-45,epignn,current,ltla_timeseries,14,45,20,none,,,,,,,,,,,epignn,168,208.807419,,False,False,,,,,,report/predictions/ltla_timeseries/epignn.ltla_timeseries.w-20.h-14.none.seed-45.npz,,,ok
epignn.ltla_timeseries.w-20.h-3.none.seed-1000,epignn,current,ltla_timeseries,3,1000,20,none,,,,,,,,,,,epignn,168,305.696747,,False,False,,,,,,report/predictions/ltla_timeseries/epignn.ltla_timeseries.w-20.h-3.none.seed-1000.npz,,,ok
epignn.ltla_timeseries.w-20.h-3.none.seed-123,epignn,current,ltla_timeseries,3,123,20,none,,,,,,,,,,,epignn,168,147.189285,,False,False,,,,,,report/predictions/ltla_timeseries/epignn.ltla_timeseries.w-20.h-3.none.seed-123.npz,,,ok
epignn.ltla_timeseries.w-20.h-3.none.seed-30,epignn,current,ltla_timeseries,3,30,20,none,,,,,,,,,,,epignn,168,145.902512,,False,False,,,,,,report/predictions/ltla_timeseries/epignn.ltla_timeseries.w-20.h-3.none.seed-30.npz,,,ok
epignn.ltla_timeseries.w-20.h-3.none.seed-42,epignn,current,ltla_timeseries,3,42,20,none,,,,,,,,,,,epignn,168,154.922104,,False,False,,,,,,report/predictions/ltla_timeseries/epignn.ltla_timeseries.w-20.h-3.none.seed-42.npz,,,ok
epignn.ltla_timeseries.w-20.h-3.none.seed-42.oldckpt,epignn,oldckpt,ltla_timeseries,3,42,20,none,,,,,,,,,,,epignn,168,154.911407,,False,False,,,,,,report/predictions/ltla_timeseries/epignn.ltla_timeseries.w-20.h-3.none.seed-42.oldckpt.npz,,,ok
epignn.ltla_timeseries.w-20.h-3.none.seed-45,epignn,current,ltla_timeseries,3,45,20,none,,,,,,,,,,,epignn,168,118.685577,,False,False,,,,,,report/predictions/ltla_timeseries/epignn.ltla_timeseries.w-20.h-3.none.seed-45.npz,,,ok
epignn.ltla_timeseries.w-20.h-7.none.seed-1000,epignn,current,ltla_timeseries,7,1000,20,none,,,,,,,,,,,epignn,168,315.718231,,False,False,,,,,,report/predictions/ltla_timeseries/epignn.ltla_timeseries.w-20.h-7.none.seed-1000.npz,,,ok
epignn.ltla_timeseries.w-20.h-7.none.seed-123,epignn,current,ltla_timeseries,7,123,20,none,,,,,,,,,,,epignn,168,223.967957,,False,False,,,,,,report/predictions/ltla_timeseries/epignn.ltla_timeseries.w-20.h-7.none.seed-123.npz,,,ok
epignn.ltla_timeseries.w-20.h-7.none.seed-30,epignn,current,ltla_timeseries,7,30,20,none,,,,,,,,,,,epignn,168,118.604103,,False,False,,,,,,report/predictions/ltla_timeseries/epignn.ltla_timeseries.w-20.h-7.none.seed-30.npz,,,ok
epignn.ltla_timeseries.w-20.h-7.none.seed-42,epignn,current,ltla_timeseries,7,42,20,none,,,,,,,,,,,epignn,168,143.540451,,False,False,,,,,,report/predictions/ltla_timeseries/epignn.ltla_timeseries.w-20.h-7.none.seed-42.npz,,,ok
epignn.ltla_timeseries.w-20.h-7.none.seed-42.oldckpt,epignn,oldckpt,ltla_timeseries,7,42,20,none,,,,,,,,,,,epignn,168,143.534607,,False,False,,,,,,report/predictions/ltla_timeseries/epignn.ltla_timeseries.w-20.h-7.none.seed-42.oldckpt.npz,,,ok
epignn.ltla_timeseries.w-20.h-7.none.seed-45,epignn,current,ltla_timeseries,7,45,20,none,,,,,,,,,,,epignn,168,158.526077,,False,False,,,,,,report/predictions/ltla_timeseries/epignn.ltla_timeseries.w-20.h-7.none.seed-45.npz,,,ok
lstnet.ltla_timeseries.w-20.h-14.none.seed-1000,lstnet,current,ltla_timeseries,14,1000,20,none,,,,,,,,,,,lstnet,168,119.330688,,False,False,,,,,,report/predictions/ltla_timeseries/lstnet.ltla_timeseries.w-20.h-14.none.seed-1000.npz,,,ok
lstnet.ltla_timeseries.w-20.h-14.none.seed-123,lstnet,current,ltla_timeseries,14,123,20,none,,,,,,,,,,,lstnet,168,130.551041,,False,False,,,,,,report/predictions/ltla_timeseries/lstnet.ltla_timeseries.w-20.h-14.none.seed-123.npz,,,ok
lstnet.ltla_timeseries.w-20.h-14.none.seed-30,lstnet,current,ltla_timeseries,14,30,20,none,,,,,,,,,,,lstnet,168,128.306152,,False,False,,,,,,report/predictions/ltla_timeseries/lstnet.ltla_timeseries.w-20.h-14.none.seed-30.npz,,,ok
lstnet.ltla_timeseries.w-20.h-14.none.seed-42,lstnet,current,ltla_timeseries,14,42,20,none,,,,,,,,,,,lstnet,168,131.845367,,False,False,,,,,,report/predictions/ltla_timeseries/lstnet.ltla_timeseries.w-20.h-14.none.seed-42.npz,,,ok
lstnet.ltla_timeseries.w-20.h-14.none.seed-42.oldckpt,lstnet,oldckpt,ltla_timeseries,14,42,20,none,,,,,,,,,,,lstnet,155,149.738174,,False,False,,,,,,report/predictions/ltla_timeseries/lstnet.ltla_timeseries.w-20.h-14.none.seed-42.oldckpt.npz,,,ok
lstnet.ltla_timeseries.w-20.h-14.none.seed-45,lstnet,current,ltla_timeseries,14,45,20,none,,,,,,,,,,,lstnet,168,130.319672,,False,False,,,,,,report/predictions/ltla_timeseries/lstnet.ltla_timeseries.w-20.h-14.none.seed-45.npz,,,ok
lstnet.ltla_timeseries.w-20.h-3.none.seed-1000,lstnet,current,ltla_timeseries,3,1000,20,none,,,,,,,,,,,lstnet,168,49.16983,,False,False,,,,,,report/predictions/ltla_timeseries/lstnet.ltla_timeseries.w-20.h-3.none.seed-1000.npz,,,ok
lstnet.ltla_timeseries.w-20.h-3.none.seed-123,lstnet,current,ltla_timeseries,3,123,20,none,,,,,,,,,,,lstnet,168,47.959393,,False,False,,,,,,report/predictions/ltla_timeseries/lstnet.ltla_timeseries.w-20.h-3.none.seed-123.npz,,,ok
lstnet.ltla_timeseries.w-20.h-3.none.seed-30,lstnet,current,ltla_timeseries,3,30,20,none,,,,,,,,,,,lstnet,168,49.356758,,False,False,,,,,,report/predictions/ltla_timeseries/lstnet.ltla_timeseries.w-20.h-3.none.seed-30.npz,,,ok
lstnet.ltla_timeseries.w-20.h-3.none.seed-42,lstnet,current,ltla_timeseries,3,42,20,none,,,,,,,,,,,lstnet,168,48.838387,,False,False,,,,,,report/predictions/ltla_timeseries/lstnet.ltla_timeseries.w-20.h-3.none.seed-42.npz,,,ok
lstnet.ltla_timeseries.w-20.h-3.none.seed-42.oldckpt,lstnet,oldckpt,ltla_timeseries,3,42,20,none,,,,,,,,,,,lstnet,166,49.909382,,False,False,,,,,,report/predictions/ltla_timeseries/lstnet.ltla_timeseries.w-20.h-3.none.seed-42.oldckpt.npz,,,ok
lstnet.ltla_timeseries.w-20.h-3.none.seed-45,lstnet,current,ltla_timeseries,3,45,20,none,,,,,,,,,,,lstnet,168,47.799618,,False,False,,,,,,report/predictions/ltla_timeseries/lstnet.ltla_timeseries.w-20.h-3.none.seed-45.npz,,,ok
lstnet.ltla_timeseries.w-20.h-7.none.seed-1000,lstnet,current,ltla_timeseries,7,1000,20,none,,,,,,,,,,,lstnet,168,81.047913,,False,False,,,,,,report/predictions/ltla_timeseries/lstnet.ltla_timeseries.w-20.h-7.none.seed-1000.npz,,,ok
lstnet.ltla_timeseries.w-20.h-7.none.seed-123,lstnet,current,ltla_timeseries,7,123,20,none,,,,,,,,,,,lstnet,168,85.066231,,False,False,,,,,,report/predictions/ltla_timeseries/lstnet.ltla_timeseries.w-20.h-7.none.seed-123.npz,,,ok
lstnet.ltla_timeseries.w-20.h-7.none.seed-30,lstnet,current,ltla_timeseries,7,30,20,none,,,,,,,,,,,lstnet,168,80.51635,,False,False,,,,,,report/predictions/ltla_timeseries/lstnet.ltla_timeseries.w-20.h-7.none.seed-30.npz,,,ok
lstnet.ltla_timeseries.w-20.h-7.none.seed-42,lstnet,current,ltla_timeseries,7,42,20,none,,,,,,,,,,,lstnet,168,90.505867,,False,False,,,,,,report/predictions/ltla_timeseries/lstnet.ltla_timeseries.w-20.h-7.none.seed-42.npz,,,ok
lstnet.ltla_timeseries.w-20.h-7.none.seed-42.oldckpt,lstnet,oldckpt,ltla_timeseries,7,42,20,none,,,,,,,,,,,lstnet,162,109.695366,,False,False,,,,,,report/predictions/ltla_timeseries/lstnet.ltla_timeseries.w-20.h-7.none.seed-42.oldckpt.npz,,,ok
lstnet.ltla_timeseries.w-20.h-7.none.seed-45,lstnet,current,ltla_timeseries,7,45,20,none,,,,,,,,,,,lstnet,168,90.091141,,False,False,,,,,,report/predictions/ltla_timeseries/lstnet.ltla_timeseries.w-20.h-7.none.seed-45.npz,,,ok
lstnet_lg.ltla_timeseries.w-20.h-14.none.seed-1000,lstnet_lg,current,ltla_timeseries,14,1000,20,none,,,,,,,,,,,lstnet_lg,168,134.782959,,False,False,,,,,,report/predictions/ltla_timeseries/lstnet_lg.ltla_timeseries.w-20.h-14.none.seed-1000.npz,,,ok
lstnet_lg.ltla_timeseries.w-20.h-14.none.seed-123,lstnet_lg,current,ltla_timeseries,14,123,20,none,,,,,,,,,,,lstnet_lg,168,137.165054,,False,False,,,,,,report/predictions/ltla_timeseries/lstnet_lg.ltla_timeseries.w-20.h-14.none.seed-123.npz,,,ok
lstnet_lg.ltla_timeseries.w-20.h-14.none.seed-30,lstnet_lg,current,ltla_timeseries,14,30,20,none,,,,,,,,,,,lstnet_lg,168,140.033081,,False,False,,,,,,report/predictions/ltla_timeseries/lstnet_lg.ltla_timeseries.w-20.h-14.none.seed-30.npz,,,ok
lstnet_lg.ltla_timeseries.w-20.h-14.none.seed-42,lstnet_lg,current,ltla_timeseries,14,42,20,none,,,,,,,,,,,lstnet_lg,168,133.723953,,False,False,,,,,,report/predictions/ltla_timeseries/lstnet_lg.ltla_timeseries.w-20.h-14.none.seed-42.npz,,,ok
lstnet_lg.ltla_timeseries.w-20.h-14.none.seed-45,lstnet_lg,current,ltla_timeseries,14,45,20,none,,,,,,,,,,,lstnet_lg,168,136.087296,,False,False,,,,,,report/predictions/ltla_timeseries/lstnet_lg.ltla_timeseries.w-20.h-14.none.seed-45.npz,,,ok
lstnet_lg.ltla_timeseries.w-20.h-3.none.seed-1000,lstnet_lg,current,ltla_timeseries,3,1000,20,none,,,,,,,,,,,lstnet_lg,168,48.465664,,False,False,,,,,,report/predictions/ltla_timeseries/lstnet_lg.ltla_timeseries.w-20.h-3.none.seed-1000.npz,,,ok
lstnet_lg.ltla_timeseries.w-20.h-3.none.seed-123,lstnet_lg,current,ltla_timeseries,3,123,20,none,,,,,,,,,,,lstnet_lg,168,65.519569,,False,False,,,,,,report/predictions/ltla_timeseries/lstnet_lg.ltla_timeseries.w-20.h-3.none.seed-123.npz,,,ok
lstnet_lg.ltla_timeseries.w-20.h-3.none.seed-30,lstnet_lg,current,ltla_timeseries,3,30,20,none,,,,,,,,,,,lstnet_lg,168,54.393539,,False,False,,,,,,report/predictions/ltla_timeseries/lstnet_lg.ltla_timeseries.w-20.h-3.none.seed-30.npz,,,ok
lstnet_lg.ltla_timeseries.w-20.h-3.none.seed-42,lstnet_lg,current,ltla_timeseries,3,42,20,none,,,,,,,,,,,lstnet_lg,168,51.620792,,False,False,,,,,,report/predictions/ltla_timeseries/lstnet_lg.ltla_timeseries.w-20.h-3.none.seed-42.npz,,,ok
lstnet_lg.ltla_timeseries.w-20.h-3.none.seed-45,lstnet_lg,current,ltla_timeseries,3,45,20,none,,,,,,,,,,,lstnet_lg,168,59.151783,,False,False,,,,,,report/predictions/ltla_timeseries/lstnet_lg.ltla_timeseries.w-20.h-3.none.seed-45.npz,,,ok
lstnet_lg.ltla_timeseries.w-20.h-7.none.seed-1000,lstnet_lg,current,ltla_timeseries,7,1000,20,none,,,,,,,,,,,lstnet_lg,168,97.644287,,False,False,,,,,,report/predictions/ltla_timeseries/lstnet_lg.ltla_timeseries.w-20.h-7.none.seed-1000.npz,,,ok
lstnet_lg.ltla_timeseries.w-20.h-7.none.seed-123,lstnet_lg,current,ltla_timeseries,7,123,20,none,,,,,,,,,,,lstnet_lg,168,111.953911,,False,False,,,,,,report/predictions/ltla_timeseries/lstnet_lg.ltla_timeseries.w-20.h-7.none.seed-123.npz,,,ok
lstnet_lg.ltla_timeseries.w-20.h-7.none.seed-30,lstnet_lg,current,ltla_timeseries,7,30,20,none,,,,,,,,,,,lstnet_lg,168,99.231354,,False,False,,,,,,report/predictions/ltla_timeseries/lstnet_lg.ltla_timeseries.w-20.h-7.none.seed-30.npz,,,ok
lstnet_lg.ltla_timeseries.w-20.h-7.none.seed-42,lstnet_lg,current,ltla_timeseries,7,42,20,none,,,,,,,,,,,lstnet_lg,168,89.37999,,False,False,,,,,,report/predictions/ltla_timeseries/lstnet_lg.ltla_timeseries.w-20.h-7.none.seed-42.npz,,,ok
lstnet_lg.ltla_timeseries.w-20.h-7.none.seed-45,lstnet_lg,current,ltla_timeseries,7,45,20,none,,,,,,,,,,,lstnet_lg,168,91.847885,,False,False,,,,,,report/predictions/ltla_timeseries/lstnet_lg.ltla_timeseries.w-20.h-7.none.seed-45.npz,,,ok
CNNRNN_Res.nhs_timeseries.w-20.h-14.none.seed-1000,CNNRNN_Res,current,nhs_timeseries,14,1000,20,none,,,,,,,,,,,CNNRNN_Res,179,12.474117,,False,False,,,,,,report/predictions/nhs_timeseries/CNNRNN_Res.nhs_timeseries.w-20.h-14.none.seed-1000.npz,,,ok
CNNRNN_Res.nhs_timeseries.w-20.h-14.none.seed-123,CNNRNN_Res,current,nhs_timeseries,14,123,20,none,,,,,,,,,,,CNNRNN_Res,179,13.887813,,False,False,,,,,,report/predictions/nhs_timeseries/CNNRNN_Res.nhs_timeseries.w-20.h-14.none.seed-123.npz,,,ok
CNNRNN_Res.nhs_timeseries.w-20.h-14.none.seed-30,CNNRNN_Res,current,nhs_timeseries,14,30,20,none,,,,,,,,,,,CNNRNN_Res,179,11.533816,,False,False,,,,,,report/predictions/nhs_timeseries/CNNRNN_Res.nhs_timeseries.w-20.h-14.none.seed-30.npz,,,ok
CNNRNN_Res.nhs_timeseries.w-20.h-14.none.seed-42,CNNRNN_Res,current,nhs_timeseries,14,42,20,none,,,,,,,,,,,CNNRNN_Res,179,11.294407,,False,False,,,,,,report/predictions/nhs_timeseries/CNNRNN_Res.nhs_timeseries.w-20.h-14.none.seed-42.npz,,,ok
CNNRNN_Res.nhs_timeseries.w-20.h-14.none.seed-42.oldckpt,CNNRNN_Res,oldckpt,nhs_timeseries,14,42,20,none,,,,,,,,,,,CNNRNN_Res,166,11.307014,,False,False,,,,,,report/predictions/nhs_timeseries/CNNRNN_Res.nhs_timeseries.w-20.h-14.none.seed-42.oldckpt.npz,,,ok
CNNRNN_Res.nhs_timeseries.w-20.h-14.none.seed-45,CNNRNN_Res,current,nhs_timeseries,14,45,20,none,,,,,,,,,,,CNNRNN_Res,179,13.267809,,False,False,,,,,,report/predictions/nhs_timeseries/CNNRNN_Res.nhs_timeseries.w-20.h-14.none.seed-45.npz,,,ok
CNNRNN_Res.nhs_timeseries.w-20.h-3.none.seed-1000,CNNRNN_Res,current,nhs_timeseries,3,1000,20,none,,,,,,,,,,,CNNRNN_Res,179,3.270104,,False,False,,,,,,report/predictions/nhs_timeseries/CNNRNN_Res.nhs_timeseries.w-20.h-3.none.seed-1000.npz,,,ok
CNNRNN_Res.nhs_timeseries.w-20.h-3.none.seed-123,CNNRNN_Res,current,nhs_timeseries,3,123,20,none,,,,,,,,,,,CNNRNN_Res,179,4.113559,,False,False,,,,,,report/predictions/nhs_timeseries/CNNRNN_Res.nhs_timeseries.w-20.h-3.none.seed-123.npz,,,ok
CNNRNN_Res.nhs_timeseries.w-20.h-3.none.seed-30,CNNRNN_Res,current,nhs_timeseries,3,30,20,none,,,,,,,,,,,CNNRNN_Res,179,3.390887,,False,False,,,,,,report/predictions/nhs_timeseries/CNNRNN_Res.nhs_timeseries.w-20.h-3.none.seed-30.npz,,,ok
CNNRNN_Res.nhs_timeseries.w-20.h-3.none.seed-42,CNNRNN_Res,current,nhs_timeseries,3,42,20,none,,,,,,,,,,,CNNRNN_Res,179,3.698779,,False,False,,,,,,report/predictions/nhs_timeseries/CNNRNN_Res.nhs_timeseries.w-20.h-3.none.seed-42.npz,,,ok
CNNRNN_Res.nhs_timeseries.w-20.h-3.none.seed-42.oldckpt,CNNRNN_Res,oldckpt,nhs_timeseries,3,42,20,none,,,,,,,,,,,CNNRNN_Res,177,3.736971,,False,False,,,,,,report/predictions/nhs_timeseries/CNNRNN_Res.nhs_timeseries.w-20.h-3.none.seed-42.oldckpt.npz,,,ok
CNNRNN_Res.nhs_timeseries.w-20.h-3.none.seed-45,CNNRNN_Res,current,nhs_timeseries,3,45,20,none,,,,,,,,,,,CNNRNN_Res,179,3.322947,,False,False,,,,,,report/predictions/nhs_timeseries/CNNRNN_Res.nhs_timeseries.w-20.h-3.none.seed-45.npz,,,ok
CNNRNN_Res.nhs_timeseries.w-20.h-7.none.seed-1000,CNNRNN_Res,current,nhs_timeseries,7,1000,20,none,,,,,,,,,,,CNNRNN_Res,179,7.702213,,False,False,,,,,,report/predictions/nhs_timeseries/CNNRNN_Res.nhs_timeseries.w-20.h-7.none.seed-1000.npz,,,ok
CNNRNN_Res.nhs_timeseries.w-20.h-7.none.seed-123,CNNRNN_Res,current,nhs_timeseries,7,123,20,none,,,,,,,,,,,CNNRNN_Res,179,7.62328,,False,False,,,,,,report/predictions/nhs_timeseries/CNNRNN_Res.nhs_timeseries.w-20.h-7.none.seed-123.npz,,,ok
CNNRNN_Res.nhs_timeseries.w-20.h-7.none.seed-30,CNNRNN_Res,current,nhs_timeseries,7,30,20,none,,,,,,,,,,,CNNRNN_Res,179,6.721965,,False,False,,,,,,report/predictions/nhs_timeseries/CNNRNN_Res.nhs_timeseries.w-20.h-7.none.seed-30.npz,,,ok
CNNRNN_Res.nhs_timeseries.w-20.h-7.none.seed-42,CNNRNN_Res,current,nhs_timeseries,7,42,20,none,,,,,,,,,,,CNNRNN_Res,179,8.872612,,False,False,,,,,,report/predictions/nhs_timeseries/CNNRNN_Res.nhs_timeseries.w-20.h-7.none.seed-42.npz,,,ok
CNNRNN_Res.nhs_timeseries.w-20.h-7.none.seed-42.oldckpt,CNNRNN_Res,oldckpt,nhs_timeseries,7,42,20,none,,,,,,,,,,,CNNRNN_Res,173,11.249996,,False,False,,,,,,report/predictions/nhs_timeseries/CNNRNN_Res.nhs_timeseries.w-20.h-7.none.seed-42.oldckpt.npz,,,ok
CNNRNN_Res.nhs_timeseries.w-20.h-7.none.seed-45,CNNRNN_Res,current,nhs_timeseries,7,45,20,none,,,,,,,,,,,CNNRNN_Res,179,7.338557,,False,False,,,,,,report/predictions/nhs_timeseries/CNNRNN_Res.nhs_timeseries.w-20.h-7.none.seed-45.npz,,,ok
MSAGAT-Net.nhs_timeseries.w-20.h-14.no_agam.seed-42.with_adj.loggrowth.quant,MSAGAT-Net,current,nhs_timeseries,14,42,20,no_agam,True,default,loggrowth,True,,,False,,,,MSAGAT-Net.loggrowth.quant,179,10.696462,10.696462,True,True,,,,,20260819_020044,report/predictions/nhs_timeseries/MSAGAT-Net.nhs_timeseries.w-20.h-14.no_agam.seed-42.with_adj.loggrowth.quant.npz,save_attn/MSAGAT-Net.nhs_timeseries.w-20.h-14.no_agam.seed-42.with_adj.loggrowth.quant.pt,,manifest_missing
MSAGAT-Net.nhs_timeseries.w-20.h-14.none.seed-1000.with_adj.loggrowth.quant.attnfix,MSAGAT-Net,current,nhs_timeseries,14,1000,20,none,True,default,loggrowth,True,,,False,,,,MSAGAT-Net.loggrowth.quant.attnfix,179,10.942664,10.942664,True,True,,,,,20260819_014607,report/predictions/nhs_timeseries/MSAGAT-Net.nhs_timeseries.w-20.h-14.none.seed-1000.with_adj.loggrowth.quant.attnfix.npz,save_all/MSAGAT-Net.nhs_timeseries.w-20.h-14.none.seed-1000.with_adj.loggrowth.quant.attnfix.pt,,manifest_missing
MSAGAT-Net.nhs_timeseries.w-20.h-14.none.seed-1000.with_adj.loggrowth.quant.exp-nodecay-regpre-reniter-giunif.renewal7,MSAGAT-Net,current,nhs_timeseries,14,1000,20,none,True,default,loggrowth,True,,nodecay-regpre-reniter-giunif,True,7,,,MSAGAT-Net.loggrowth.quant.exp-nodecay-regpre-reniter-giunif.renewal7,179,15.812755,15.812755,True,True,,,,,20260820_152409,report/predictions/nhs_timeseries/MSAGAT-Net.nhs_timeseries.w-20.h-14.none.seed-1000.with_adj.loggrowth.quant.exp-nodecay-regpre-reniter-giunif.renewal7.npz,save_renewal/MSAGAT-Net.nhs_timeseries.w-20.h-14.none.seed-1000.with_adj.loggrowth.quant.exp-nodecay-regpre-reniter-giunif.renewal7.pt,,manifest_missing
MSAGAT-Net.nhs_timeseries.w-20.h-14.none.seed-1000.with_adj.loggrowth.quant.exp-nodecay-regpre-reniter.renewal7.gifix5.2-1.72,MSAGAT-Net,current,nhs_timeseries,14,1000,20,none,True,default,loggrowth,True,,nodecay-regpre-reniter,True,7,5.2-1.72,,MSAGAT-Net.loggrowth.quant.exp-nodecay-regpre-reniter.renewal7.gifix5.2-1.72,179,12.399434,12.399434,True,True,,,,,20260820_153346,report/predictions/nhs_timeseries/MSAGAT-Net.nhs_timeseries.w-20.h-14.none.seed-1000.with_adj.loggrowth.quant.exp-nodecay-regpre-reniter.renewal7.gifix5.2-1.72.npz,save_renewal/MSAGAT-Net.nhs_timeseries.w-20.h-14.none.seed-1000.with_adj.loggrowth.quant.exp-nodecay-regpre-reniter.renewal7.gifix5.2-1.72.pt,,manifest_missing
MSAGAT-Net.nhs_timeseries.w-20.h-14.none.seed-1000.with_adj.loggrowth.quant.exp-nodecay-regpre-reniter.renewal7,MSAGAT-Net,current,nhs_timeseries,14,1000,20,none,True,default,loggrowth,True,,nodecay-regpre-reniter,True,7,,,MSAGAT-Net.loggrowth.quant.exp-nodecay-regpre-reniter.renewal7,179,15.352317,15.352317,True,True,,,,,20260820_151615,report/predictions/nhs_timeseries/MSAGAT-Net.nhs_timeseries.w-20.h-14.none.seed-1000.with_adj.loggrowth.quant.exp-nodecay-regpre-reniter.renewal7.npz,save_renewal/MSAGAT-Net.nhs_timeseries.w-20.h-14.none.seed-1000.with_adj.loggrowth.quant.exp-nodecay-regpre-reniter.renewal7.pt,,manifest_missing
MSAGAT-Net.nhs_timeseries.w-20.h-14.none.seed-1000.with_adj.loggrowth.quant.exp-nodecay-regpre,MSAGAT-Net,current,nhs_timeseries,14,1000,20,none,True,default,loggrowth,True,,nodecay-regpre,False,,,,MSAGAT-Net.loggrowth.quant.exp-nodecay-regpre,179,11.602319,11.602319,True,True,,,,,20260819_080937,report/predictions/nhs_timeseries/MSAGAT-Net.nhs_timeseries.w-20.h-14.none.seed-1000.with_adj.loggrowth.quant.exp-nodecay-regpre.npz,save_all/MSAGAT-Net.nhs_timeseries.w-20.h-14.none.seed-1000.with_adj.loggrowth.quant.exp-nodecay-regpre.pt,,manifest_missing
MSAGAT-Net.nhs_timeseries.w-20.h-14.none.seed-1000.with_adj.loggrowth.quant,MSAGAT-Net,current,nhs_timeseries,14,1000,20,none,True,default,loggrowth,True,,,False,,,,MSAGAT-Net.loggrowth.quant,179,12.775766,12.775766,True,True,,,,,20260814_032323,report/predictions/nhs_timeseries/MSAGAT-Net.nhs_timeseries.w-20.h-14.none.seed-1000.with_adj.loggrowth.quant.npz,save_all/MSAGAT-Net.nhs_timeseries.w-20.h-14.none.seed-1000.with_adj.loggrowth.quant.pt,,manifest_missing
MSAGAT-Net.nhs_timeseries.w-20.h-14.none.seed-1000.with_adj,MSAGAT-Net,current,nhs_timeseries,14,1000,20,none,True,default,level,False,,,False,,,,MSAGAT-Net,179,10.009749,10.00975,True,False,,,,,20260811_091445,report/predictions/nhs_timeseries/MSAGAT-Net.nhs_timeseries.w-20.h-14.none.seed-1000.with_adj.npz,save_all/MSAGAT-Net.nhs_timeseries.w-20.h-14.none.seed-1000.with_adj.pt,,manifest_missing
MSAGAT-Net.nhs_timeseries.w-20.h-14.none.seed-123.with_adj.loggrowth.quant.attnfix,MSAGAT-Net,current,nhs_timeseries,14,123,20,none,True,default,loggrowth,True,,,False,,,,MSAGAT-Net.loggrowth.quant.attnfix,179,9.4075,9.4075,True,True,,,,,20260819_014507,report/predictions/nhs_timeseries/MSAGAT-Net.nhs_timeseries.w-20.h-14.none.seed-123.with_adj.loggrowth.quant.attnfix.npz,save_all/MSAGAT-Net.nhs_timeseries.w-20.h-14.none.seed-123.with_adj.loggrowth.quant.attnfix.pt,,manifest_missing
MSAGAT-Net.nhs_timeseries.w-20.h-14.none.seed-123.with_adj.loggrowth.quant.exp-nodecay-regpre-reniter-giunif.renewal7,MSAGAT-Net,current,nhs_timeseries,14,123,20,none,True,default,loggrowth,True,,nodecay-regpre-reniter-giunif,True,7,,,MSAGAT-Net.loggrowth.quant.exp-nodecay-regpre-reniter-giunif.renewal7,179,9.482268,9.482268,True,True,,,,,20260820_152153,report/predictions/nhs_timeseries/MSAGAT-Net.nhs_timeseries.w-20.h-14.none.seed-123.with_adj.loggrowth.quant.exp-nodecay-regpre-reniter-giunif.renewal7.npz,save_renewal/MSAGAT-Net.nhs_timeseries.w-20.h-14.none.seed-123.with_adj.loggrowth.quant.exp-nodecay-regpre-reniter-giunif.renewal7.pt,,manifest_missing
MSAGAT-Net.nhs_timeseries.w-20.h-14.none.seed-123.with_adj.loggrowth.quant.exp-nodecay-regpre-reniter.renewal7.gifix5.2-1.72,MSAGAT-Net,current,nhs_timeseries,14,123,20,none,True,default,loggrowth,True,,nodecay-regpre-reniter,True,7,5.2-1.72,,MSAGAT-Net.loggrowth.quant.exp-nodecay-regpre-reniter.renewal7.gifix5.2-1.72,179,10.375254,10.375254,True,True,,,,,20260820_153119,report/predictions/nhs_timeseries/MSAGAT-Net.nhs_timeseries.w-20.h-14.none.seed-123.with_adj.loggrowth.quant.exp-nodecay-regpre-reniter.renewal7.gifix5.2-1.72.npz,save_renewal/MSAGAT-Net.nhs_timeseries.w-20.h-14.none.seed-123.with_adj.loggrowth.quant.exp-nodecay-regpre-reniter.renewal7.gifix5.2-1.72.pt,,manifest_missing
MSAGAT-Net.nhs_timeseries.w-20.h-14.none.seed-123.with_adj.loggrowth.quant.exp-nodecay-regpre-reniter.renewal7,MSAGAT-Net,current,nhs_timeseries,14,123,20,none,True,default,loggrowth,True,,nodecay-regpre-reniter,True,7,,,MSAGAT-Net.loggrowth.quant.exp-nodecay-regpre-reniter.renewal7,179,12.325889,12.325889,True,True,,,,,20260820_151424,report/predictions/nhs_timeseries/MSAGAT-Net.nhs_timeseries.w-20.h-14.none.seed-123.with_adj.loggrowth.quant.exp-nodecay-regpre-reniter.renewal7.npz,save_renewal/MSAGAT-Net.nhs_timeseries.w-20.h-14.none.seed-123.with_adj.loggrowth.quant.exp-nodecay-regpre-reniter.renewal7.pt,,manifest_missing
MSAGAT-Net.nhs_timeseries.w-20.h-14.none.seed-123.with_adj.loggrowth.quant.exp-nodecay-regpre,MSAGAT-Net,current,nhs_timeseries,14,123,20,none,True,default,loggrowth,True,,nodecay-regpre,False,,,,MSAGAT-Net.loggrowth.quant.exp-nodecay-regpre,179,11.378883,11.378883,True,True,,,,,20260819_080843,report/predictions/nhs_timeseries/MSAGAT-Net.nhs_timeseries.w-20.h-14.none.seed-123.with_adj.loggrowth.quant.exp-nodecay-regpre.npz,save_all/MSAGAT-Net.nhs_timeseries.w-20.h-14.none.seed-123.with_adj.loggrowth.quant.exp-nodecay-regpre.pt,,manifest_missing
MSAGAT-Net.nhs_timeseries.w-20.h-14.none.seed-123.with_adj.loggrowth.quant,MSAGAT-Net,current,nhs_timeseries,14,123,20,none,True,default,loggrowth,True,,,False,,,,MSAGAT-Net.loggrowth.quant,179,11.529845,11.529845,True,True,,,,,20260814_032334,report/predictions/nhs_timeseries/MSAGAT-Net.nhs_timeseries.w-20.h-14.none.seed-123.with_adj.loggrowth.quant.npz,save_all/MSAGAT-Net.nhs_timeseries.w-20.h-14.none.seed-123.with_adj.loggrowth.quant.pt,,manifest_missing
MSAGAT-Net.nhs_timeseries.w-20.h-14.none.seed-123.with_adj,MSAGAT-Net,current,nhs_timeseries,14,123,20,none,True,default,level,False,,,False,,,,MSAGAT-Net,179,12.300761,12.300761,True,False,,,,,20260811_091434,report/predictions/nhs_timeseries/MSAGAT-Net.nhs_timeseries.w-20.h-14.none.seed-123.with_adj.npz,save_all/MSAGAT-Net.nhs_timeseries.w-20.h-14.none.seed-123.with_adj.pt,,manifest_missing
MSAGAT-Net.nhs_timeseries.w-20.h-14.none.seed-30.with_adj.loggrowth,MSAGAT-Net,current,nhs_timeseries,14,30,20,none,True,default,loggrowth,False,,,False,,,,MSAGAT-Net.loggrowth,179,8.678798,8.678797,True,False,,,,,20260811_045500,report/predictions/nhs_timeseries/MSAGAT-Net.nhs_timeseries.w-20.h-14.none.seed-30.with_adj.loggrowth.npz,save_all/MSAGAT-Net.nhs_timeseries.w-20.h-14.none.seed-30.with_adj.loggrowth.pt,,manifest_missing
MSAGAT-Net.nhs_timeseries.w-20.h-14.none.seed-30.with_adj.loggrowth.quant.attnfix,MSAGAT-Net,current,nhs_timeseries,14,30,20,none,True,default,loggrowth,True,,,False,,,,MSAGAT-Net.loggrowth.quant.attnfix,179,15.902509,15.902509,True,True,,,,,20260819_014305,report/predictions/nhs_timeseries/MSAGAT-Net.nhs_timeseries.w-20.h-14.none.seed-30.with_adj.loggrowth.quant.attnfix.npz,save_all/MSAGAT-Net.nhs_timeseries.w-20.h-14.none.seed-30.with_adj.loggrowth.quant.attnfix.pt,,manifest_missing
MSAGAT-Net.nhs_timeseries.w-20.h-14.none.seed-30.with_adj.loggrowth.quant.exp-nodecay-regpre-reniter-giunif.renewal7,MSAGAT-Net,current,nhs_timeseries,14,30,20,none,True,default,loggrowth,True,,nodecay-regpre-reniter-giunif,True,7,,,MSAGAT-Net.loggrowth.quant.exp-nodecay-regpre-reniter-giunif.renewal7,179,10.648348,10.648348,True,True,,,,,20260820_151745,report/predictions/nhs_timeseries/MSAGAT-Net.nhs_timeseries.w-20.h-14.none.seed-30.with_adj.loggrowth.quant.exp-nodecay-regpre-reniter-giunif.renewal7.npz,save_renewal/MSAGAT-Net.nhs_timeseries.w-20.h-14.none.seed-30.with_adj.loggrowth.quant.exp-nodecay-regpre-reniter-giunif.renewal7.pt,,manifest_missing
MSAGAT-Net.nhs_timeseries.w-20.h-14.none.seed-30.with_adj.loggrowth.quant.exp-nodecay-regpre-reniter.renewal7.gifix5.2-1.72,MSAGAT-Net,current,nhs_timeseries,14,30,20,none,True,default,loggrowth,True,,nodecay-regpre-reniter,True,7,5.2-1.72,,MSAGAT-Net.loggrowth.quant.exp-nodecay-regpre-reniter.renewal7.gifix5.2-1.72,179,11.999847,11.999847,True,True,,,,,20260820_152556,report/predictions/nhs_timeseries/MSAGAT-Net.nhs_timeseries.w-20.h-14.none.seed-30.with_adj.loggrowth.quant.exp-nodecay-regpre-reniter.renewal7.gifix5.2-1.72.npz,save_renewal/MSAGAT-Net.nhs_timeseries.w-20.h-14.none.seed-30.with_adj.loggrowth.quant.exp-nodecay-regpre-reniter.renewal7.gifix5.2-1.72.pt,,manifest_missing
MSAGAT-Net.nhs_timeseries.w-20.h-14.none.seed-30.with_adj.loggrowth.quant.exp-nodecay-regpre-reniter.renewal7,MSAGAT-Net,current,nhs_timeseries,14,30,20,none,True,default,loggrowth,True,,nodecay-regpre-reniter,True,7,,,MSAGAT-Net.loggrowth.quant.exp-nodecay-regpre-reniter.renewal7,179,11.73521,11.73521,True,True,,,,,20260820_150929,report/predictions/nhs_timeseries/MSAGAT-Net.nhs_timeseries.w-20.h-14.none.seed-30.with_adj.loggrowth.quant.exp-nodecay-regpre-reniter.renewal7.npz,save_renewal/MSAGAT-Net.nhs_timeseries.w-20.h-14.none.seed-30.with_adj.loggrowth.quant.exp-nodecay-regpre-reniter.renewal7.pt,,manifest_missing
MSAGAT-Net.nhs_timeseries.w-20.h-14.none.seed-30.with_adj.loggrowth.quant.exp-nodecay-regpre,MSAGAT-Net,current,nhs_timeseries,14,30,20,none,True,default,loggrowth,True,,nodecay-regpre,False,,,,MSAGAT-Net.loggrowth.quant.exp-nodecay-regpre,179,10.395561,10.395561,True,True,,,,,20260819_080603,report/predictions/nhs_timeseries/MSAGAT-Net.nhs_timeseries.w-20.h-14.none.seed-30.with_adj.loggrowth.quant.exp-nodecay-regpre.npz,save_all/MSAGAT-Net.nhs_timeseries.w-20.h-14.none.seed-30.with_adj.loggrowth.quant.exp-nodecay-regpre.pt,,manifest_missing
MSAGAT-Net.nhs_timeseries.w-20.h-14.none.seed-30.with_adj.loggrowth.quant,MSAGAT-Net,current,nhs_timeseries,14,30,20,none,True,default,loggrowth,True,,,False,,,,MSAGAT-Net.loggrowth.quant,179,20.930571,20.930571,True,True,,,,,20260814_032349,report/predictions/nhs_timeseries/MSAGAT-Net.nhs_timeseries.w-20.h-14.none.seed-30.with_adj.loggrowth.quant.npz,save_all/MSAGAT-Net.nhs_timeseries.w-20.h-14.none.seed-30.with_adj.loggrowth.quant.pt,,manifest_missing
MSAGAT-Net.nhs_timeseries.w-20.h-14.none.seed-30.with_adj,MSAGAT-Net,current,nhs_timeseries,14,30,20,none,True,default,level,False,,,False,,,,MSAGAT-Net,179,10.523733,10.523733,True,False,,,,,20260811_091411,report/predictions/nhs_timeseries/MSAGAT-Net.nhs_timeseries.w-20.h-14.none.seed-30.with_adj.npz,save_all/MSAGAT-Net.nhs_timeseries.w-20.h-14.none.seed-30.with_adj.pt,,manifest_missing
MSAGAT-Net.nhs_timeseries.w-20.h-14.none.seed-42.with_adj.loggrowth,MSAGAT-Net,current,nhs_timeseries,14,42,20,none,True,default,loggrowth,False,,,False,,,,MSAGAT-Net.loggrowth,179,9.333392,9.333392,True,False,,,,,20260811_045416,report/predictions/nhs_timeseries/MSAGAT-Net.nhs_timeseries.w-20.h-14.none.seed-42.with_adj.loggrowth.npz,save_all/MSAGAT-Net.nhs_timeseries.w-20.h-14.none.seed-42.with_adj.loggrowth.pt,,manifest_missing
MSAGAT-Net.nhs_timeseries.w-20.h-14.none.seed-42.with_adj.loggrowth.quant.attnfix,MSAGAT-Net,current,nhs_timeseries,14,42,20,none,True,default,loggrowth,True,,,False,,,,MSAGAT-Net.loggrowth.quant.attnfix,179,9.146736,9.146736,True,True,,,,,20260819_014212,report/predictions/nhs_timeseries/MSAGAT-Net.nhs_timeseries.w-20.h-14.none.seed-42.with_adj.loggrowth.quant.attnfix.npz,save_all/MSAGAT-Net.nhs_timeseries.w-20.h-14.none.seed-42.with_adj.loggrowth.quant.attnfix.pt,,manifest_missing
MSAGAT-Net.nhs_timeseries.w-20.h-14.none.seed-42.with_adj.loggrowth.quant.exp-nodecay-regent,MSAGAT-Net,current,nhs_timeseries,14,42,20,none,True,default,loggrowth,True,,nodecay-regent,False,,,,MSAGAT-Net.loggrowth.quant.exp-nodecay-regent,179,16.215133,16.215133,True,True,,,,,20260819_074911,report/predictions/nhs_timeseries/MSAGAT-Net.nhs_timeseries.w-20.h-14.none.seed-42.with_adj.loggrowth.quant.exp-nodecay-regent.npz,save_attn/MSAGAT-Net.nhs_timeseries.w-20.h-14.none.seed-42.with_adj.loggrowth.quant.exp-nodecay-regent.pt,,manifest_missing
MSAGAT-Net.nhs_timeseries.w-20.h-14.none.seed-42.with_adj.loggrowth.quant.exp-nodecay-regpre-adjstd-lrx10,MSAGAT-Net,current,nhs_timeseries,14,42,20,none,True,default,loggrowth,True,,nodecay-regpre-adjstd-lrx10,False,,,,MSAGAT-Net.loggrowth.quant.exp-nodecay-regpre-adjstd-lrx10,179,13.078079,13.078079,True,True,,,,,20260819_074340,report/predictions/nhs_timeseries/MSAGAT-Net.nhs_timeseries.w-20.h-14.none.seed-42.with_adj.loggrowth.quant.exp-nodecay-regpre-adjstd-lrx10.npz,save_attn/MSAGAT-Net.nhs_timeseries.w-20.h-14.none.seed-42.with_adj.loggrowth.quant.exp-nodecay-regpre-adjstd-lrx10.pt,,manifest_missing
MSAGAT-Net.nhs_timeseries.w-20.h-14.none.seed-42.with_adj.loggrowth.quant.exp-nodecay-regpre-adjstd,MSAGAT-Net,current,nhs_timeseries,14,42,20,none,True,default,loggrowth,True,,nodecay-regpre-adjstd,False,,,,MSAGAT-Net.loggrowth.quant.exp-nodecay-regpre-adjstd,179,10.394623,10.394623,True,True,,,,,20260819_070932,report/predictions/nhs_timeseries/MSAGAT-Net.nhs_timeseries.w-20.h-14.none.seed-42.with_adj.loggrowth.quant.exp-nodecay-regpre-adjstd.npz,save_attn/MSAGAT-Net.nhs_timeseries.w-20.h-14.none.seed-42.with_adj.loggrowth.quant.exp-nodecay-regpre-adjstd.pt,,manifest_missing
MSAGAT-Net.nhs_timeseries.w-20.h-14.none.seed-42.with_adj.loggrowth.quant.exp-nodecay-regpre-init10,MSAGAT-Net,current,nhs_timeseries,14,42,20,none,True,default,loggrowth,True,,nodecay-regpre-init10,False,,,,MSAGAT-Net.loggrowth.quant.exp-nodecay-regpre-init10,179,14.870792,14.870792,True,True,,,,,20260819_025040,report/predictions/nhs_timeseries/MSAGAT-Net.nhs_timeseries.w-20.h-14.none.seed-42.with_adj.loggrowth.quant.exp-nodecay-regpre-init10.npz,save_attn/MSAGAT-Net.nhs_timeseries.w-20.h-14.none.seed-42.with_adj.loggrowth.quant.exp-nodecay-regpre-init10.pt,,manifest_missing
MSAGAT-Net.nhs_timeseries.w-20.h-14.none.seed-42.with_adj.loggrowth.quant.exp-nodecay-regpre-lrx10,MSAGAT-Net,current,nhs_timeseries,14,42,20,none,True,default,loggrowth,True,,nodecay-regpre-lrx10,False,,,,MSAGAT-Net.loggrowth.quant.exp-nodecay-regpre-lrx10,179,14.392527,14.392527,True,True,,,,,20260819_065816,report/predictions/nhs_timeseries/MSAGAT-Net.nhs_timeseries.w-20.h-14.none.seed-42.with_adj.loggrowth.quant.exp-nodecay-regpre-lrx10.npz,save_attn/MSAGAT-Net.nhs_timeseries.w-20.h-14.none.seed-42.with_adj.loggrowth.quant.exp-nodecay-regpre-lrx10.pt,,manifest_missing
MSAGAT-Net.nhs_timeseries.w-20.h-14.none.seed-42.with_adj.loggrowth.quant.exp-nodecay-regpre-multgate,MSAGAT-Net,current,nhs_timeseries,14,42,20,none,True,default,loggrowth,True,,nodecay-regpre-multgate,False,,,,MSAGAT-Net.loggrowth.quant.exp-nodecay-regpre-multgate,179,10.172717,10.172717,True,True,,,,,20260819_072503,report/predictions/nhs_timeseries/MSAGAT-Net.nhs_timeseries.w-20.h-14.none.seed-42.with_adj.loggrowth.quant.exp-nodecay-regpre-multgate.npz,save_attn/MSAGAT-Net.nhs_timeseries.w-20.h-14.none.seed-42.with_adj.loggrowth.quant.exp-nodecay-regpre-multgate.pt,,manifest_missing
MSAGAT-Net.nhs_timeseries.w-20.h-14.none.seed-42.with_adj.loggrowth.quant.exp-nodecay-regpre-rank16,MSAGAT-Net,current,nhs_timeseries,14,42,20,none,True,default,loggrowth,True,,nodecay-regpre-rank16,False,,,,MSAGAT-Net.loggrowth.quant.exp-nodecay-regpre-rank16,179,10.257449,10.257449,True,True,,,,,20260819_073710,report/predictions/nhs_timeseries/MSAGAT-Net.nhs_timeseries.w-20.h-14.none.seed-42.with_adj.loggrowth.quant.exp-nodecay-regpre-rank16.npz,save_attn/MSAGAT-Net.nhs_timeseries.w-20.h-14.none.seed-42.with_adj.loggrowth.quant.exp-nodecay-regpre-rank16.pt,,manifest_missing
MSAGAT-Net.nhs_timeseries.w-20.h-14.none.seed-42.with_adj.loggrowth.quant.exp-nodecay-regpre-rank2,MSAGAT-Net,current,nhs_timeseries,14,42,20,none,True,default,loggrowth,True,,nodecay-regpre-rank2,False,,,,MSAGAT-Net.loggrowth.quant.exp-nodecay-regpre-rank2,179,8.737033,8.737033,True,True,,,,,20260819_073151,report/predictions/nhs_timeseries/MSAGAT-Net.nhs_timeseries.w-20.h-14.none.seed-42.with_adj.loggrowth.quant.exp-nodecay-regpre-rank2.npz,save_attn/MSAGAT-Net.nhs_timeseries.w-20.h-14.none.seed-42.with_adj.loggrowth.quant.exp-nodecay-regpre-rank2.pt,,manifest_missing
MSAGAT-Net.nhs_timeseries.w-20.h-14.none.seed-42.with_adj.loggrowth.quant.exp-nodecay-regpre-renewal_lag0.renewal,MSAGAT-Net,current,nhs_timeseries,14,42,20,none,True,default,loggrowth,True,,nodecay-regpre-renewal_lag0,True,,,,MSAGAT-Net.loggrowth.quant.exp-nodecay-regpre-renewal_lag0.renewal,179,11.840876,11.840876,True,True,,,,,20260819_112325,report/predictions/nhs_timeseries/MSAGAT-Net.nhs_timeseries.w-20.h-14.none.seed-42.with_adj.loggrowth.quant.exp-nodecay-regpre-renewal_lag0.renewal.npz,save_attn/MSAGAT-Net.nhs_timeseries.w-20.h-14.none.seed-42.with_adj.loggrowth.quant.exp-nodecay-regpre-renewal_lag0.renewal.pt,,manifest_missing
MSAGAT-Net.nhs_timeseries.w-20.h-14.none.seed-42.with_adj.loggrowth.quant.exp-nodecay-regpre-renewres-renewal_lag0.renewal7,MSAGAT-Net,current,nhs_timeseries,14,42,20,none,True,default,loggrowth,True,,nodecay-regpre-renewres-renewal_lag0,True,7,,,MSAGAT-Net.loggrowth.quant.exp-nodecay-regpre-renewres-renewal_lag0.renewal7,179,12.556115,12.556115,True,True,,,,,20260819_115455,report/predictions/nhs_timeseries/MSAGAT-Net.nhs_timeseries.w-20.h-14.none.seed-42.with_adj.loggrowth.quant.exp-nodecay-regpre-renewres-renewal_lag0.renewal7.npz,save_attn/MSAGAT-Net.nhs_timeseries.w-20.h-14.none.seed-42.with_adj.loggrowth.quant.exp-nodecay-regpre-renewres-renewal_lag0.renewal7.pt,,manifest_missing
MSAGAT-Net.nhs_timeseries.w-20.h-14.none.seed-42.with_adj.loggrowth.quant.exp-nodecay-regpre-renewres.renewal7,MSAGAT-Net,current,nhs_timeseries,14,42,20,none,True,default,loggrowth,True,,nodecay-regpre-renewres,True,7,,,MSAGAT-Net.loggrowth.quant.exp-nodecay-regpre-renewres.renewal7,179,11.31193,11.31193,True,True,,,,,20260819_120207,report/predictions/nhs_timeseries/MSAGAT-Net.nhs_timeseries.w-20.h-14.none.seed-42.with_adj.loggrowth.quant.exp-nodecay-regpre-renewres.renewal7.npz,save_attn/MSAGAT-Net.nhs_timeseries.w-20.h-14.none.seed-42.with_adj.loggrowth.quant.exp-nodecay-regpre-renewres.renewal7.pt,,manifest_missing
MSAGAT-Net.nhs_timeseries.w-20.h-14.none.seed-42.with_adj.loggrowth.quant.exp-nodecay-regpre-reniter-giunif.renewal7,MSAGAT-Net,current,nhs_timeseries,14,42,20,none,True,default,loggrowth,True,,nodecay-regpre-reniter-giunif,True,7,,,MSAGAT-Net.loggrowth.quant.exp-nodecay-regpre-reniter-giunif.renewal7,179,18.761076,18.761076,True,True,,,,,20260820_092609,report/predictions/nhs_timeseries/MSAGAT-Net.nhs_timeseries.w-20.h-14.none.seed-42.with_adj.loggrowth.quant.exp-nodecay-regpre-reniter-giunif.renewal7.npz,save_attn/MSAGAT-Net.nhs_timeseries.w-20.h-14.none.seed-42.with_adj.loggrowth.quant.exp-nodecay-regpre-reniter-giunif.renewal7.pt,,manifest_missing
MSAGAT-Net.nhs_timeseries.w-20.h-14.none.seed-42.with_adj.loggrowth.quant.exp-nodecay-regpre-reniter-renewres.renewal7,MSAGAT-Net,current,nhs_timeseries,14,42,20,none,True,default,loggrowth,True,,nodecay-regpre-reniter-renewres,True,7,,,MSAGAT-Net.loggrowth.quant.exp-nodecay-regpre-reniter-renewres.renewal7,179,16.81445,16.81445,True,True,,,,,20260820_041916,report/predictions/nhs_timeseries/MSAGAT-Net.nhs_timeseries.w-20.h-14.none.seed-42.with_adj.loggrowth.quant.exp-nodecay-regpre-reniter-renewres.renewal7.npz,save_attn/MSAGAT-Net.nhs_timeseries.w-20.h-14.none.seed-42.with_adj.loggrowth.quant.exp-nodecay-regpre-reniter-renewres.renewal7.pt,,manifest_missing
MSAGAT-Net.nhs_timeseries.w-20.h-14.none.seed-42.with_adj.loggrowth.quant.exp-nodecay-regpre-reniter.renewal14,MSAGAT-Net,current,nhs_timeseries,14,42,20,none,True,default,loggrowth,True,,nodecay-regpre-reniter,True,14,,,MSAGAT-Net.loggrowth.quant.exp-nodecay-regpre-reniter.renewal14,179,10.84805,10.84805,True,True,,,,,20260820_040843,report/predictions/nhs_timeseries/MSAGAT-Net.nhs_timeseries.w-20.h-14.none.seed-42.with_adj.loggrowth.quant.exp-nodecay-regpre-reniter.renewal14.npz,save_attn/MSAGAT-Net.nhs_timeseries.w-20.h-14.none.seed-42.with_adj.loggrowth.quant.exp-nodecay-regpre-reniter.renewal14.pt,,manifest_missing
MSAGAT-Net.nhs_timeseries.w-20.h-14.none.seed-42.with_adj.loggrowth.quant.exp-nodecay-regpre-reniter.renewal7.gifix5.2-1.72,MSAGAT-Net,current,nhs_timeseries,14,42,20,none,True,default,loggrowth,True,,nodecay-regpre-reniter,True,7,5.2-1.72,,MSAGAT-Net.loggrowth.quant.exp-nodecay-regpre-reniter.renewal7.gifix5.2-1.72,179,13.590096,13.590096,True,True,,,,,20260820_102943,report/predictions/nhs_timeseries/MSAGAT-Net.nhs_timeseries.w-20.h-14.none.seed-42.with_adj.loggrowth.quant.exp-nodecay-regpre-reniter.renewal7.gifix5.2-1.72.npz,save_attn/MSAGAT-Net.nhs_timeseries.w-20.h-14.none.seed-42.with_adj.loggrowth.quant.exp-nodecay-regpre-reniter.renewal7.gifix5.2-1.72.pt,,manifest_missing
MSAGAT-Net.nhs_timeseries.w-20.h-14.none.seed-42.with_adj.loggrowth.quant.exp-nodecay-regpre-reniter.renewal7,MSAGAT-Net,current,nhs_timeseries,14,42,20,none,True,default,loggrowth,True,,nodecay-regpre-reniter,True,7,,,MSAGAT-Net.loggrowth.quant.exp-nodecay-regpre-reniter.renewal7,179,18.102505,18.102505,True,True,,,,,20260820_022311,report/predictions/nhs_timeseries/MSAGAT-Net.nhs_timeseries.w-20.h-14.none.seed-42.with_adj.loggrowth.quant.exp-nodecay-regpre-reniter.renewal7.npz,save_attn/MSAGAT-Net.nhs_timeseries.w-20.h-14.none.seed-42.with_adj.loggrowth.quant.exp-nodecay-regpre-reniter.renewal7.pt,,manifest_missing
MSAGAT-Net.nhs_timeseries.w-20.h-14.none.seed-42.with_adj.loggrowth.quant.exp-nodecay-regpre-scorenorm,MSAGAT-Net,current,nhs_timeseries,14,42,20,none,True,default,loggrowth,True,,nodecay-regpre-scorenorm,False,,,,MSAGAT-Net.loggrowth.quant.exp-nodecay-regpre-scorenorm,179,22.61481,22.61481,True,True,,,,,20260819_071655,report/predictions/nhs_timeseries/MSAGAT-Net.nhs_timeseries.w-20.h-14.none.seed-42.with_adj.loggrowth.quant.exp-nodecay-regpre-scorenorm.npz,save_attn/MSAGAT-Net.nhs_timeseries.w-20.h-14.none.seed-42.with_adj.loggrowth.quant.exp-nodecay-regpre-scorenorm.pt,,manifest_missing
MSAGAT-Net.nhs_timeseries.w-20.h-14.none.seed-42.with_adj.loggrowth.quant.exp-nodecay-regpre-temp,MSAGAT-Net,current,nhs_timeseries,14,42,20,none,True,default,loggrowth,True,,nodecay-regpre-temp,False,,,,MSAGAT-Net.loggrowth.quant.exp-nodecay-regpre-temp,179,15.034447,15.034447,True,True,,,,,20260819_024202,report/predictions/nhs_timeseries/MSAGAT-Net.nhs_timeseries.w-20.h-14.none.seed-42.with_adj.loggrowth.quant.exp-nodecay-regpre-temp.npz,save_attn/MSAGAT-Net.nhs_timeseries.w-20.h-14.none.seed-42.with_adj.loggrowth.quant.exp-nodecay-regpre-temp.pt,,manifest_missing
MSAGAT-Net.nhs_timeseries.w-20.h-14.none.seed-42.with_adj.loggrowth.quant.exp-nodecay-regpre,MSAGAT-Net,current,nhs_timeseries,14,42,20,none,True,default,loggrowth,True,,nodecay-regpre,False,,,,MSAGAT-Net.loggrowth.quant.exp-nodecay-regpre,179,22.54467,22.54467,True,True,,,,,20260819_020805,report/predictions/nhs_timeseries/MSAGAT-Net.nhs_timeseries.w-20.h-14.none.seed-42.with_adj.loggrowth.quant.exp-nodecay-regpre.npz,save_attn/MSAGAT-Net.nhs_timeseries.w-20.h-14.none.seed-42.with_adj.loggrowth.quant.exp-nodecay-regpre.pt,,manifest_missing
MSAGAT-Net.nhs_timeseries.w-20.h-14.none.seed-42.with_adj.loggrowth.quant.exp-nodecay-regpre.renewal,MSAGAT-Net,current,nhs_timeseries,14,42,20,none,True,default,loggrowth,True,,nodecay-regpre,True,,,,MSAGAT-Net.loggrowth.quant.exp-nodecay-regpre.renewal,179,9.636817,9.636817,True,True,,,,,20260819_111354,report/predictions/nhs_timeseries/MSAGAT-Net.nhs_timeseries.w-20.h-14.none.seed-42.with_adj.loggrowth.quant.exp-nodecay-regpre.renewal.npz,save_attn/MSAGAT-Net.nhs_timeseries.w-20.h-14.none.seed-42.with_adj.loggrowth.quant.exp-nodecay-regpre.renewal.pt,,manifest_missing
MSAGAT-Net.nhs_timeseries.w-20.h-14.none.seed-42.with_adj.loggrowth.quant.exp-nodecay-regpre.renewal21,MSAGAT-Net,current,nhs_timeseries,14,42,20,none,True,default,loggrowth,True,,nodecay-regpre,True,21,,,MSAGAT-Net.loggrowth.quant.exp-nodecay-regpre.renewal21,179,9.515217,9.515217,True,True,,,,,20260819_114304,report/predictions/nhs_timeseries/MSAGAT-Net.nhs_timeseries.w-20.h-14.none.seed-42.with_adj.loggrowth.quant.exp-nodecay-regpre.renewal21.npz,save_attn/MSAGAT-Net.nhs_timeseries.w-20.h-14.none.seed-42.with_adj.loggrowth.quant.exp-nodecay-regpre.renewal21.pt,,manifest_missing
MSAGAT-Net.nhs_timeseries.w-20.h-14.none.seed-42.with_adj.loggrowth.quant.exp-nodecay-regpre.renewal7,MSAGAT-Net,current,nhs_timeseries,14,42,20,none,True,default,loggrowth,True,,nodecay-regpre,True,7,,,MSAGAT-Net.loggrowth.quant.exp-nodecay-regpre.renewal7,179,13.88705,13.88705,True,True,,,,,20260819_113343,report/predictions/nhs_timeseries/MSAGAT-Net.nhs_timeseries.w-20.h-14.none.seed-42.with_adj.loggrowth.quant.exp-nodecay-regpre.renewal7.npz,save_attn/MSAGAT-Net.nhs_timeseries.w-20.h-14.none.seed-42.with_adj.loggrowth.quant.exp-nodecay-regpre.renewal7.pt,,manifest_missing
MSAGAT-Net.nhs_timeseries.w-20.h-14.none.seed-42.with_adj.loggrowth.quant,MSAGAT-Net,current,nhs_timeseries,14,42,20,none,True,default,loggrowth,True,,,False,,,,MSAGAT-Net.loggrowth.quant,179,10.719046,10.719046,True,True,,,,,20260814_032401,report/predictions/nhs_timeseries/MSAGAT-Net.nhs_timeseries.w-20.h-14.none.seed-42.with_adj.loggrowth.quant.npz,save_all/MSAGAT-Net.nhs_timeseries.w-20.h-14.none.seed-42.with_adj.loggrowth.quant.pt,,manifest_missing
MSAGAT-Net.nhs_timeseries.w-20.h-14.none.seed-42.with_adj,MSAGAT-Net,current,nhs_timeseries,14,42,20,none,True,default,level,False,,,False,,,,MSAGAT-Net,179,13.929884,13.929884,True,False,,,,,20260811_091400,report/predictions/nhs_timeseries/MSAGAT-Net.nhs_timeseries.w-20.h-14.none.seed-42.with_adj.npz,save_all/MSAGAT-Net.nhs_timeseries.w-20.h-14.none.seed-42.with_adj.pt,,manifest_missing
MSAGAT-Net.nhs_timeseries.w-20.h-14.none.seed-45.with_adj.loggrowth,MSAGAT-Net,current,nhs_timeseries,14,45,20,none,True,default,loggrowth,False,,,False,,,,MSAGAT-Net.loggrowth,179,9.630877,9.630876,True,False,,,,,20260811_045544,report/predictions/nhs_timeseries/MSAGAT-Net.nhs_timeseries.w-20.h-14.none.seed-45.with_adj.loggrowth.npz,save_all/MSAGAT-Net.nhs_timeseries.w-20.h-14.none.seed-45.with_adj.loggrowth.pt,,manifest_missing
MSAGAT-Net.nhs_timeseries.w-20.h-14.none.seed-45.with_adj.loggrowth.quant.attnfix,MSAGAT-Net,current,nhs_timeseries,14,45,20,none,True,default,loggrowth,True,,,False,,,,MSAGAT-Net.loggrowth.quant.attnfix,179,10.581361,10.581361,True,True,,,,,20260819_014345,report/predictions/nhs_timeseries/MSAGAT-Net.nhs_timeseries.w-20.h-14.none.seed-45.with_adj.loggrowth.quant.attnfix.npz,save_all/MSAGAT-Net.nhs_timeseries.w-20.h-14.none.seed-45.with_adj.loggrowth.quant.attnfix.pt,,manifest_missing
MSAGAT-Net.nhs_timeseries.w-20.h-14.none.seed-45.with_adj.loggrowth.quant.exp-nodecay-regpre-reniter-giunif.renewal7,MSAGAT-Net,current,nhs_timeseries,14,45,20,none,True,default,loggrowth,True,,nodecay-regpre-reniter-giunif,True,7,,,MSAGAT-Net.loggrowth.quant.exp-nodecay-regpre-reniter-giunif.renewal7,179,12.944136,12.944136,True,True,,,,,20260820_152016,report/predictions/nhs_timeseries/MSAGAT-Net.nhs_timeseries.w-20.h-14.none.seed-45.with_adj.loggrowth.quant.exp-nodecay-regpre-reniter-giunif.renewal7.npz,save_renewal/MSAGAT-Net.nhs_timeseries.w-20.h-14.none.seed-45.with_adj.loggrowth.quant.exp-nodecay-regpre-reniter-giunif.renewal7.pt,,manifest_missing
MSAGAT-Net.nhs_timeseries.w-20.h-14.none.seed-45.with_adj.loggrowth.quant.exp-nodecay-regpre-reniter.renewal7.gifix5.2-1.72,MSAGAT-Net,current,nhs_timeseries,14,45,20,none,True,default,loggrowth,True,,nodecay-regpre-reniter,True,7,5.2-1.72,,MSAGAT-Net.loggrowth.quant.exp-nodecay-regpre-reniter.renewal7.gifix5.2-1.72,179,13.06254,13.06254,True,True,,,,,20260820_152846,report/predictions/nhs_timeseries/MSAGAT-Net.nhs_timeseries.w-20.h-14.none.seed-45.with_adj.loggrowth.quant.exp-nodecay-regpre-reniter.renewal7.gifix5.2-1.72.npz,save_renewal/MSAGAT-Net.nhs_timeseries.w-20.h-14.none.seed-45.with_adj.loggrowth.quant.exp-nodecay-regpre-reniter.renewal7.gifix5.2-1.72.pt,,manifest_missing
MSAGAT-Net.nhs_timeseries.w-20.h-14.none.seed-45.with_adj.loggrowth.quant.exp-nodecay-regpre-reniter.renewal7,MSAGAT-Net,current,nhs_timeseries,14,45,20,none,True,default,loggrowth,True,,nodecay-regpre-reniter,True,7,,,MSAGAT-Net.loggrowth.quant.exp-nodecay-regpre-reniter.renewal7,179,15.280678,15.280678,True,True,,,,,20260820_151224,report/predictions/nhs_timeseries/MSAGAT-Net.nhs_timeseries.w-20.h-14.none.seed-45.with_adj.loggrowth.quant.exp-nodecay-regpre-reniter.renewal7.npz,save_renewal/MSAGAT-Net.nhs_timeseries.w-20.h-14.none.seed-45.with_adj.loggrowth.quant.exp-nodecay-regpre-reniter.renewal7.pt,,manifest_missing
MSAGAT-Net.nhs_timeseries.w-20.h-14.none.seed-45.with_adj.loggrowth.quant.exp-nodecay-regpre,MSAGAT-Net,current,nhs_timeseries,14,45,20,none,True,default,loggrowth,True,,nodecay-regpre,False,,,,MSAGAT-Net.loggrowth.quant.exp-nodecay-regpre,179,11.614813,11.614813,True,True,,,,,20260819_080701,report/predictions/nhs_timeseries/MSAGAT-Net.nhs_timeseries.w-20.h-14.none.seed-45.with_adj.loggrowth.quant.exp-nodecay-regpre.npz,save_all/MSAGAT-Net.nhs_timeseries.w-20.h-14.none.seed-45.with_adj.loggrowth.quant.exp-nodecay-regpre.pt,,manifest_missing
MSAGAT-Net.nhs_timeseries.w-20.h-14.none.seed-45.with_adj.loggrowth.quant,MSAGAT-Net,current,nhs_timeseries,14,45,20,none,True,default,loggrowth,True,,,False,,,,MSAGAT-Net.loggrowth.quant,179,15.532974,15.532974,True,True,,,,,20260814_032412,report/predictions/nhs_timeseries/MSAGAT-Net.nhs_timeseries.w-20.h-14.none.seed-45.with_adj.loggrowth.quant.npz,save_all/MSAGAT-Net.nhs_timeseries.w-20.h-14.none.seed-45.with_adj.loggrowth.quant.pt,,manifest_missing
MSAGAT-Net.nhs_timeseries.w-20.h-14.none.seed-45.with_adj,MSAGAT-Net,current,nhs_timeseries,14,45,20,none,True,default,level,False,,,False,,,,MSAGAT-Net,179,11.230617,11.230617,True,False,,,,,20260811_091423,report/predictions/nhs_timeseries/MSAGAT-Net.nhs_timeseries.w-20.h-14.none.seed-45.with_adj.npz,save_all/MSAGAT-Net.nhs_timeseries.w-20.h-14.none.seed-45.with_adj.pt,,manifest_missing
MSAGAT-Net.nhs_timeseries.w-20.h-3.no_agam.seed-42.with_adj.loggrowth.quant,MSAGAT-Net,current,nhs_timeseries,3,42,20,no_agam,True,default,loggrowth,True,,,False,,,,MSAGAT-Net.loggrowth.quant,179,3.548332,3.548332,True,True,,,,,20260819_015913,report/predictions/nhs_timeseries/MSAGAT-Net.nhs_timeseries.w-20.h-3.no_agam.seed-42.with_adj.loggrowth.quant.npz,save_attn/MSAGAT-Net.nhs_timeseries.w-20.h-3.no_agam.seed-42.with_adj.loggrowth.quant.pt,,manifest_missing
MSAGAT-Net.nhs_timeseries.w-20.h-3.none.seed-1000.with_adj.loggrowth.quant.attnfix,MSAGAT-Net,current,nhs_timeseries,3,1000,20,none,True,default,loggrowth,True,,,False,,,,MSAGAT-Net.loggrowth.quant.attnfix,179,2.284812,2.284812,True,True,,,,,20260819_013409,report/predictions/nhs_timeseries/MSAGAT-Net.nhs_timeseries.w-20.h-3.none.seed-1000.with_adj.loggrowth.quant.attnfix.npz,save_all/MSAGAT-Net.nhs_timeseries.w-20.h-3.none.seed-1000.with_adj.loggrowth.quant.attnfix.pt,,manifest_missing
MSAGAT-Net.nhs_timeseries.w-20.h-3.none.seed-1000.with_adj.loggrowth.quant.exp-nodecay-regpre-reniter-giunif.renewal7,MSAGAT-Net,current,nhs_timeseries,3,1000,20,none,True,default,loggrowth,True,,nodecay-regpre-reniter-giunif,True,7,,,MSAGAT-Net.loggrowth.quant.exp-nodecay-regpre-reniter-giunif.renewal7,179,2.492979,2.492979,True,True,,,,,20260820_143405,report/predictions/nhs_timeseries/MSAGAT-Net.nhs_timeseries.w-20.h-3.none.seed-1000.with_adj.loggrowth.quant.exp-nodecay-regpre-reniter-giunif.renewal7.npz,save_renewal/MSAGAT-Net.nhs_timeseries.w-20.h-3.none.seed-1000.with_adj.loggrowth.quant.exp-nodecay-regpre-reniter-giunif.renewal7.pt,,manifest_missing
MSAGAT-Net.nhs_timeseries.w-20.h-3.none.seed-1000.with_adj.loggrowth.quant.exp-nodecay-regpre-reniter.renewal7.gifix5.2-1.72,MSAGAT-Net,current,nhs_timeseries,3,1000,20,none,True,default,loggrowth,True,,nodecay-regpre-reniter,True,7,5.2-1.72,,MSAGAT-Net.loggrowth.quant.exp-nodecay-regpre-reniter.renewal7.gifix5.2-1.72,179,2.517809,2.517809,True,True,,,,,20260820_144413,report/predictions/nhs_timeseries/MSAGAT-Net.nhs_timeseries.w-20.h-3.none.seed-1000.with_adj.loggrowth.quant.exp-nodecay-regpre-reniter.renewal7.gifix5.2-1.72.npz,save_renewal/MSAGAT-Net.nhs_timeseries.w-20.h-3.none.seed-1000.with_adj.loggrowth.quant.exp-nodecay-regpre-reniter.renewal7.gifix5.2-1.72.pt,,manifest_missing
MSAGAT-Net.nhs_timeseries.w-20.h-3.none.seed-1000.with_adj.loggrowth.quant.exp-nodecay-regpre-reniter.renewal7,MSAGAT-Net,current,nhs_timeseries,3,1000,20,none,True,default,loggrowth,True,,nodecay-regpre-reniter,True,7,,,MSAGAT-Net.loggrowth.quant.exp-nodecay-regpre-reniter.renewal7,179,2.208345,2.208345,True,True,,,,,20260820_142311,report/predictions/nhs_timeseries/MSAGAT-Net.nhs_timeseries.w-20.h-3.none.seed-1000.with_adj.loggrowth.quant.exp-nodecay-regpre-reniter.renewal7.npz,save_renewal/MSAGAT-Net.nhs_timeseries.w-20.h-3.none.seed-1000.with_adj.loggrowth.quant.exp-nodecay-regpre-reniter.renewal7.pt,,manifest_missing
MSAGAT-Net.nhs_timeseries.w-20.h-3.none.seed-1000.with_adj.loggrowth.quant.exp-nodecay-regpre,MSAGAT-Net,current,nhs_timeseries,3,1000,20,none,True,default,loggrowth,True,,nodecay-regpre,False,,,,MSAGAT-Net.loggrowth.quant.exp-nodecay-regpre,179,2.212149,2.212149,True,True,,,,,20260819_080104,report/predictions/nhs_timeseries/MSAGAT-Net.nhs_timeseries.w-20.h-3.none.seed-1000.with_adj.loggrowth.quant.exp-nodecay-regpre.npz,save_all/MSAGAT-Net.nhs_timeseries.w-20.h-3.none.seed-1000.with_adj.loggrowth.quant.exp-nodecay-regpre.pt,,manifest_missing
MSAGAT-Net.nhs_timeseries.w-20.h-3.none.seed-1000.with_adj.loggrowth.quant,MSAGAT-Net,current,nhs_timeseries,3,1000,20,none,True,default,loggrowth,True,,,False,,,,MSAGAT-Net.loggrowth.quant,179,2.159358,2.159358,True,True,,,,,20260814_032422,report/predictions/nhs_timeseries/MSAGAT-Net.nhs_timeseries.w-20.h-3.none.seed-1000.with_adj.loggrowth.quant.npz,save_all/MSAGAT-Net.nhs_timeseries.w-20.h-3.none.seed-1000.with_adj.loggrowth.quant.pt,,manifest_missing
MSAGAT-Net.nhs_timeseries.w-20.h-3.none.seed-1000.with_adj,MSAGAT-Net,current,nhs_timeseries,3,1000,20,none,True,default,level,False,,,False,,,,MSAGAT-Net,179,3.522072,3.522072,True,False,,,,,20260811_091253,report/predictions/nhs_timeseries/MSAGAT-Net.nhs_timeseries.w-20.h-3.none.seed-1000.with_adj.npz,save_all/MSAGAT-Net.nhs_timeseries.w-20.h-3.none.seed-1000.with_adj.pt,,manifest_missing
MSAGAT-Net.nhs_timeseries.w-20.h-3.none.seed-123.with_adj.loggrowth.quant.attnfix,MSAGAT-Net,current,nhs_timeseries,3,123,20,none,True,default,loggrowth,True,,,False,,,,MSAGAT-Net.loggrowth.quant.attnfix,179,3.502864,3.502864,True,True,,,,,20260819_013207,report/predictions/nhs_timeseries/MSAGAT-Net.nhs_timeseries.w-20.h-3.none.seed-123.with_adj.loggrowth.quant.attnfix.npz,save_all/MSAGAT-Net.nhs_timeseries.w-20.h-3.none.seed-123.with_adj.loggrowth.quant.attnfix.pt,,manifest_missing
MSAGAT-Net.nhs_timeseries.w-20.h-3.none.seed-123.with_adj.loggrowth.quant.exp-nodecay-regpre-reniter-giunif.renewal7,MSAGAT-Net,current,nhs_timeseries,3,123,20,none,True,default,loggrowth,True,,nodecay-regpre-reniter-giunif,True,7,,,MSAGAT-Net.loggrowth.quant.exp-nodecay-regpre-reniter-giunif.renewal7,179,4.042477,4.042477,True,True,,,,,20260820_143103,report/predictions/nhs_timeseries/MSAGAT-Net.nhs_timeseries.w-20.h-3.none.seed-123.with_adj.loggrowth.quant.exp-nodecay-regpre-reniter-giunif.renewal7.npz,save_renewal/MSAGAT-Net.nhs_timeseries.w-20.h-3.none.seed-123.with_adj.loggrowth.quant.exp-nodecay-regpre-reniter-giunif.renewal7.pt,,manifest_missing
MSAGAT-Net.nhs_timeseries.w-20.h-3.none.seed-123.with_adj.loggrowth.quant.exp-nodecay-regpre-reniter.renewal7.gifix5.2-1.72,MSAGAT-Net,current,nhs_timeseries,3,123,20,none,True,default,loggrowth,True,,nodecay-regpre-reniter,True,7,5.2-1.72,,MSAGAT-Net.loggrowth.quant.exp-nodecay-regpre-reniter.renewal7.gifix5.2-1.72,179,5.30709,5.30709,True,True,,,,,20260820_144110,report/predictions/nhs_timeseries/MSAGAT-Net.nhs_timeseries.w-20.h-3.none.seed-123.with_adj.loggrowth.quant.exp-nodecay-regpre-reniter.renewal7.gifix5.2-1.72.npz,save_renewal/MSAGAT-Net.nhs_timeseries.w-20.h-3.none.seed-123.with_adj.loggrowth.quant.exp-nodecay-regpre-reniter.renewal7.gifix5.2-1.72.pt,,manifest_missing
MSAGAT-Net.nhs_timeseries.w-20.h-3.none.seed-123.with_adj.loggrowth.quant.exp-nodecay-regpre-reniter.renewal7,MSAGAT-Net,current,nhs_timeseries,3,123,20,none,True,default,loggrowth,True,,nodecay-regpre-reniter,True,7,,,MSAGAT-Net.loggrowth.quant.exp-nodecay-regpre-reniter.renewal7,179,2.15785,2.15785,True,True,,,,,20260820_142102,report/predictions/nhs_timeseries/MSAGAT-Net.nhs_timeseries.w-20.h-3.none.seed-123.with_adj.loggrowth.quant.exp-nodecay-regpre-reniter.renewal7.npz,save_renewal/MSAGAT-Net.nhs_timeseries.w-20.h-3.none.seed-123.with_adj.loggrowth.quant.exp-nodecay-regpre-reniter.renewal7.pt,,manifest_missing
MSAGAT-Net.nhs_timeseries.w-20.h-3.none.seed-123.with_adj.loggrowth.quant.exp-nodecay-regpre,MSAGAT-Net,current,nhs_timeseries,3,123,20,none,True,default,loggrowth,True,,nodecay-regpre,False,,,,MSAGAT-Net.loggrowth.quant.exp-nodecay-regpre,179,3.980343,3.980343,True,True,,,,,20260819_075908,report/predictions/nhs_timeseries/MSAGAT-Net.nhs_timeseries.w-20.h-3.none.seed-123.with_adj.loggrowth.quant.exp-nodecay-regpre.npz,save_all/MSAGAT-Net.nhs_timeseries.w-20.h-3.none.seed-123.with_adj.loggrowth.quant.exp-nodecay-regpre.pt,,manifest_missing
MSAGAT-Net.nhs_timeseries.w-20.h-3.none.seed-123.with_adj.loggrowth.quant,MSAGAT-Net,current,nhs_timeseries,3,123,20,none,True,default,loggrowth,True,,,False,,,,MSAGAT-Net.loggrowth.quant,179,3.760237,3.760237,True,True,,,,,20260814_032433,report/predictions/nhs_timeseries/MSAGAT-Net.nhs_timeseries.w-20.h-3.none.seed-123.with_adj.loggrowth.quant.npz,save_all/MSAGAT-Net.nhs_timeseries.w-20.h-3.none.seed-123.with_adj.loggrowth.quant.pt,,manifest_missing
MSAGAT-Net.nhs_timeseries.w-20.h-3.none.seed-123.with_adj,MSAGAT-Net,current,nhs_timeseries,3,123,20,none,True,default,level,False,,,False,,,,MSAGAT-Net,179,4.345503,4.345503,True,False,,,,,20260811_091242,report/predictions/nhs_timeseries/MSAGAT-Net.nhs_timeseries.w-20.h-3.none.seed-123.with_adj.npz,save_all/MSAGAT-Net.nhs_timeseries.w-20.h-3.none.seed-123.with_adj.pt,,manifest_missing
MSAGAT-Net.nhs_timeseries.w-20.h-3.none.seed-30.with_adj.loggrowth,MSAGAT-Net,current,nhs_timeseries,3,30,20,none,True,default,loggrowth,False,,,False,,,,MSAGAT-Net.loggrowth,179,2.524915,2.524915,True,False,,,,,20260811_044936,report/predictions/nhs_timeseries/MSAGAT-Net.nhs_timeseries.w-20.h-3.none.seed-30.with_adj.loggrowth.npz,save_all/MSAGAT-Net.nhs_timeseries.w-20.h-3.none.seed-30.with_adj.loggrowth.pt,,manifest_missing
MSAGAT-Net.nhs_timeseries.w-20.h-3.none.seed-30.with_adj.loggrowth.quant.attnfix,MSAGAT-Net,current,nhs_timeseries,3,30,20,none,True,default,loggrowth,True,,,False,,,,MSAGAT-Net.loggrowth.quant.attnfix,179,3.183583,3.183583,True,True,,,,,20260819_012820,report/predictions/nhs_timeseries/MSAGAT-Net.nhs_timeseries.w-20.h-3.none.seed-30.with_adj.loggrowth.quant.attnfix.npz,save_all/MSAGAT-Net.nhs_timeseries.w-20.h-3.none.seed-30.with_adj.loggrowth.quant.attnfix.pt,,manifest_missing
MSAGAT-Net.nhs_timeseries.w-20.h-3.none.seed-30.with_adj.loggrowth.quant.exp-nodecay-regpre-reniter-giunif.renewal7,MSAGAT-Net,current,nhs_timeseries,3,30,20,none,True,default,loggrowth,True,,nodecay-regpre-reniter-giunif,True,7,,,MSAGAT-Net.loggrowth.quant.exp-nodecay-regpre-reniter-giunif.renewal7,179,2.168795,2.168795,True,True,,,,,20260820_142651,report/predictions/nhs_timeseries/MSAGAT-Net.nhs_timeseries.w-20.h-3.none.seed-30.with_adj.loggrowth.quant.exp-nodecay-regpre-reniter-giunif.renewal7.npz,save_renewal/MSAGAT-Net.nhs_timeseries.w-20.h-3.none.seed-30.with_adj.loggrowth.quant.exp-nodecay-regpre-reniter-giunif.renewal7.pt,,manifest_missing
MSAGAT-Net.nhs_timeseries.w-20.h-3.none.seed-30.with_adj.loggrowth.quant.exp-nodecay-regpre-reniter.renewal7.gifix5.2-1.72,MSAGAT-Net,current,nhs_timeseries,3,30,20,none,True,default,loggrowth,True,,nodecay-regpre-reniter,True,7,5.2-1.72,,MSAGAT-Net.loggrowth.quant.exp-nodecay-regpre-reniter.renewal7.gifix5.2-1.72,179,2.30425,2.30425,True,True,,,,,20260820_143719,report/predictions/nhs_timeseries/MSAGAT-Net.nhs_timeseries.w-20.h-3.none.seed-30.with_adj.loggrowth.quant.exp-nodecay-regpre-reniter.renewal7.gifix5.2-1.72.npz,save_renewal/MSAGAT-Net.nhs_timeseries.w-20.h-3.none.seed-30.with_adj.loggrowth.quant.exp-nodecay-regpre-reniter.renewal7.gifix5.2-1.72.pt,,manifest_missing
MSAGAT-Net.nhs_timeseries.w-20.h-3.none.seed-30.with_adj.loggrowth.quant.exp-nodecay-regpre-reniter.renewal7,MSAGAT-Net,current,nhs_timeseries,3,30,20,none,True,default,loggrowth,True,,nodecay-regpre-reniter,True,7,,,MSAGAT-Net.loggrowth.quant.exp-nodecay-regpre-reniter.renewal7,179,2.3444,2.3444,True,True,,,,,20260820_141329,report/predictions/nhs_timeseries/MSAGAT-Net.nhs_timeseries.w-20.h-3.none.seed-30.with_adj.loggrowth.quant.exp-nodecay-regpre-reniter.renewal7.npz,save_renewal/MSAGAT-Net.nhs_timeseries.w-20.h-3.none.seed-30.with_adj.loggrowth.quant.exp-nodecay-regpre-reniter.renewal7.pt,,manifest_missing
MSAGAT-Net.nhs_timeseries.w-20.h-3.none.seed-30.with_adj.loggrowth.quant.exp-nodecay-regpre,MSAGAT-Net,current,nhs_timeseries,3,30,20,none,True,default,loggrowth,True,,nodecay-regpre,False,,,,MSAGAT-Net.loggrowth.quant.exp-nodecay-regpre,179,3.185999,3.185999,True,True,,,,,20260819_075553,report/predictions/nhs_timeseries/MSAGAT-Net.nhs_timeseries.w-20.h-3.none.seed-30.with_adj.loggrowth.quant.exp-nodecay-regpre.npz,save_all/MSAGAT-Net.nhs_timeseries.w-20.h-3.none.seed-30.with_adj.loggrowth.quant.exp-nodecay-regpre.pt,,manifest_missing
MSAGAT-Net.nhs_timeseries.w-20.h-3.none.seed-30.with_adj.loggrowth.quant,MSAGAT-Net,current,nhs_timeseries,3,30,20,none,True,default,loggrowth,True,,,False,,,,MSAGAT-Net.loggrowth.quant,179,2.274436,2.274436,True,True,,,,,20260814_032443,report/predictions/nhs_timeseries/MSAGAT-Net.nhs_timeseries.w-20.h-3.none.seed-30.with_adj.loggrowth.quant.npz,save_all/MSAGAT-Net.nhs_timeseries.w-20.h-3.none.seed-30.with_adj.loggrowth.quant.pt,,manifest_missing
MSAGAT-Net.nhs_timeseries.w-20.h-3.none.seed-30.with_adj,MSAGAT-Net,current,nhs_timeseries,3,30,20,none,True,default,level,False,,,False,,,,MSAGAT-Net,179,4.387233,4.387233,True,False,,,,,20260811_091218,report/predictions/nhs_timeseries/MSAGAT-Net.nhs_timeseries.w-20.h-3.none.seed-30.with_adj.npz,save_all/MSAGAT-Net.nhs_timeseries.w-20.h-3.none.seed-30.with_adj.pt,,manifest_missing
MSAGAT-Net.nhs_timeseries.w-20.h-3.none.seed-30.with_adj.pprm-multistep,MSAGAT-Net,current,nhs_timeseries,3,30,20,none,True,default,level,False,,,False,,,,MSAGAT-Net.pprm-multistep,179,4.473109,4.473109,False,False,,,,,20260811_024956,report/predictions/nhs_timeseries/MSAGAT-Net.nhs_timeseries.w-20.h-3.none.seed-30.with_adj.pprm-multistep.npz,save_all/MSAGAT-Net.nhs_timeseries.w-20.h-3.none.seed-30.with_adj.pprm-multistep.pt,,manifest_missing
MSAGAT-Net.nhs_timeseries.w-20.h-3.none.seed-30.with_adj.pprm-multistep.sgate,MSAGAT-Net,current,nhs_timeseries,3,30,20,none,True,default,level,False,,,False,,,,MSAGAT-Net.pprm-multistep.sgate,179,3.925465,3.925465,False,False,,,,,20260811_033615,report/predictions/nhs_timeseries/MSAGAT-Net.nhs_timeseries.w-20.h-3.none.seed-30.with_adj.pprm-multistep.sgate.npz,save_all/MSAGAT-Net.nhs_timeseries.w-20.h-3.none.seed-30.with_adj.pprm-multistep.sgate.pt,,manifest_missing
MSAGAT-Net.nhs_timeseries.w-20.h-3.none.seed-30.with_adj.sgate,MSAGAT-Net,current,nhs_timeseries,3,30,20,none,True,default,level,False,,,False,,,,MSAGAT-Net.sgate,179,4.743577,4.743577,False,False,,,,,20260811_031455,report/predictions/nhs_timeseries/MSAGAT-Net.nhs_timeseries.w-20.h-3.none.seed-30.with_adj.sgate.npz,save_all/MSAGAT-Net.nhs_timeseries.w-20.h-3.none.seed-30.with_adj.sgate.pt,,manifest_missing
MSAGAT-Net.nhs_timeseries.w-20.h-3.none.seed-42.with_adj.loggrowth,MSAGAT-Net,current,nhs_timeseries,3,42,20,none,True,default,loggrowth,False,,,False,,,,MSAGAT-Net.loggrowth,179,2.137325,2.137325,True,False,,,,,20260811_042721,report/predictions/nhs_timeseries/MSAGAT-Net.nhs_timeseries.w-20.h-3.none.seed-42.with_adj.loggrowth.npz,save_all/MSAGAT-Net.nhs_timeseries.w-20.h-3.none.seed-42.with_adj.loggrowth.pt,,manifest_missing
MSAGAT-Net.nhs_timeseries.w-20.h-3.none.seed-42.with_adj.loggrowth.quant.attnfix,MSAGAT-Net,current,nhs_timeseries,3,42,20,none,True,default,loggrowth,True,,,False,,,,MSAGAT-Net.loggrowth.quant.attnfix,179,2.190316,2.190316,True,True,,,,,20260819_012538,report/predictions/nhs_timeseries/MSAGAT-Net.nhs_timeseries.w-20.h-3.none.seed-42.with_adj.loggrowth.quant.attnfix.npz,save_all/MSAGAT-Net.nhs_timeseries.w-20.h-3.none.seed-42.with_adj.loggrowth.quant.attnfix.pt,,manifest_missing
MSAGAT-Net.nhs_timeseries.w-20.h-3.none.seed-42.with_adj.loggrowth.quant.exp-nodecay-regent,MSAGAT-Net,current,nhs_timeseries,3,42,20,none,True,default,loggrowth,True,,nodecay-regent,False,,,,MSAGAT-Net.loggrowth.quant.exp-nodecay-regent,179,2.140342,2.140342,True,True,,,,,20260819_074722,report/predictions/nhs_timeseries/MSAGAT-Net.nhs_timeseries.w-20.h-3.none.seed-42.with_adj.loggrowth.quant.exp-nodecay-regent.npz,save_attn/MSAGAT-Net.nhs_timeseries.w-20.h-3.none.seed-42.with_adj.loggrowth.quant.exp-nodecay-regent.pt,,manifest_missing
MSAGAT-Net.nhs_timeseries.w-20.h-3.none.seed-42.with_adj.loggrowth.quant.exp-nodecay-regpre-adjstd-lrx10,MSAGAT-Net,current,nhs_timeseries,3,42,20,none,True,default,loggrowth,True,,nodecay-regpre-adjstd-lrx10,False,,,,MSAGAT-Net.loggrowth.quant.exp-nodecay-regpre-adjstd-lrx10,179,2.078731,2.078731,True,True,,,,,20260819_074101,report/predictions/nhs_timeseries/MSAGAT-Net.nhs_timeseries.w-20.h-3.none.seed-42.with_adj.loggrowth.quant.exp-nodecay-regpre-adjstd-lrx10.npz,save_attn/MSAGAT-Net.nhs_timeseries.w-20.h-3.none.seed-42.with_adj.loggrowth.quant.exp-nodecay-regpre-adjstd-lrx10.pt,,manifest_missing
MSAGAT-Net.nhs_timeseries.w-20.h-3.none.seed-42.with_adj.loggrowth.quant.exp-nodecay-regpre-adjstd,MSAGAT-Net,current,nhs_timeseries,3,42,20,none,True,default,loggrowth,True,,nodecay-regpre-adjstd,False,,,,MSAGAT-Net.loggrowth.quant.exp-nodecay-regpre-adjstd,179,2.348769,2.348769,True,True,,,,,20260819_070738,report/predictions/nhs_timeseries/MSAGAT-Net.nhs_timeseries.w-20.h-3.none.seed-42.with_adj.loggrowth.quant.exp-nodecay-regpre-adjstd.npz,save_attn/MSAGAT-Net.nhs_timeseries.w-20.h-3.none.seed-42.with_adj.loggrowth.quant.exp-nodecay-regpre-adjstd.pt,,manifest_missing
MSAGAT-Net.nhs_timeseries.w-20.h-3.none.seed-42.with_adj.loggrowth.quant.exp-nodecay-regpre-init10,MSAGAT-Net,current,nhs_timeseries,3,42,20,none,True,default,loggrowth,True,,nodecay-regpre-init10,False,,,,MSAGAT-Net.loggrowth.quant.exp-nodecay-regpre-init10,179,2.228599,2.228599,True,True,,,,,20260819_024637,report/predictions/nhs_timeseries/MSAGAT-Net.nhs_timeseries.w-20.h-3.none.seed-42.with_adj.loggrowth.quant.exp-nodecay-regpre-init10.npz,save_attn/MSAGAT-Net.nhs_timeseries.w-20.h-3.none.seed-42.with_adj.loggrowth.quant.exp-nodecay-regpre-init10.pt,,manifest_missing
MSAGAT-Net.nhs_timeseries.w-20.h-3.none.seed-42.with_adj.loggrowth.quant.exp-nodecay-regpre-lrx10,MSAGAT-Net,current,nhs_timeseries,3,42,20,none,True,default,loggrowth,True,,nodecay-regpre-lrx10,False,,,,MSAGAT-Net.loggrowth.quant.exp-nodecay-regpre-lrx10,179,2.128509,2.128509,True,True,,,,,20260819_065556,report/predictions/nhs_timeseries/MSAGAT-Net.nhs_timeseries.w-20.h-3.none.seed-42.with_adj.loggrowth.quant.exp-nodecay-regpre-lrx10.npz,save_attn/MSAGAT-Net.nhs_timeseries.w-20.h-3.none.seed-42.with_adj.loggrowth.quant.exp-nodecay-regpre-lrx10.pt,,manifest_missing
MSAGAT-Net.nhs_timeseries.w-20.h-3.none.seed-42.with_adj.loggrowth.quant.exp-nodecay-regpre-multgate,MSAGAT-Net,current,nhs_timeseries,3,42,20,none,True,default,loggrowth,True,,nodecay-regpre-multgate,False,,,,MSAGAT-Net.loggrowth.quant.exp-nodecay-regpre-multgate,179,2.124501,2.124501,True,True,,,,,20260819_072256,report/predictions/nhs_timeseries/MSAGAT-Net.nhs_timeseries.w-20.h-3.none.seed-42.with_adj.loggrowth.quant.exp-nodecay-regpre-multgate.npz,save_attn/MSAGAT-Net.nhs_timeseries.w-20.h-3.none.seed-42.with_adj.loggrowth.quant.exp-nodecay-regpre-multgate.pt,,manifest_missing
MSAGAT-Net.nhs_timeseries.w-20.h-3.none.seed-42.with_adj.loggrowth.quant.exp-nodecay-regpre-rank16,MSAGAT-Net,current,nhs_timeseries,3,42,20,none,True,default,loggrowth,True,,nodecay-regpre-rank16,False,,,,MSAGAT-Net.loggrowth.quant.exp-nodecay-regpre-rank16,179,2.088315,2.088315,True,True,,,,,20260819_073530,report/predictions/nhs_timeseries/MSAGAT-Net.nhs_timeseries.w-20.h-3.none.seed-42.with_adj.loggrowth.quant.exp-nodecay-regpre-rank16.npz,save_attn/MSAGAT-Net.nhs_timeseries.w-20.h-3.none.seed-42.with_adj.loggrowth.quant.exp-nodecay-regpre-rank16.pt,,manifest_missing
MSAGAT-Net.nhs_timeseries.w-20.h-3.none.seed-42.with_adj.loggrowth.quant.exp-nodecay-regpre-rank2,MSAGAT-Net,current,nhs_timeseries,3,42,20,none,True,default,loggrowth,True,,nodecay-regpre-rank2,False,,,,MSAGAT-Net.loggrowth.quant.exp-nodecay-regpre-rank2,179,2.108461,2.108461,True,True,,,,,20260819_073012,report/predictions/nhs_timeseries/MSAGAT-Net.nhs_timeseries.w-20.h-3.none.seed-42.with_adj.loggrowth.quant.exp-nodecay-regpre-rank2.npz,save_attn/MSAGAT-Net.nhs_timeseries.w-20.h-3.none.seed-42.with_adj.loggrowth.quant.exp-nodecay-regpre-rank2.pt,,manifest_missing
MSAGAT-Net.nhs_timeseries.w-20.h-3.none.seed-42.with_adj.loggrowth.quant.exp-nodecay-regpre-renewal_lag0.renewal,MSAGAT-Net,current,nhs_timeseries,3,42,20,none,True,default,loggrowth,True,,nodecay-regpre-renewal_lag0,True,,,,MSAGAT-Net.loggrowth.quant.exp-nodecay-regpre-renewal_lag0.renewal,179,2.14169,2.14169,True,True,,,,,20260819_112026,report/predictions/nhs_timeseries/MSAGAT-Net.nhs_timeseries.w-20.h-3.none.seed-42.with_adj.loggrowth.quant.exp-nodecay-regpre-renewal_lag0.renewal.npz,save_attn/MSAGAT-Net.nhs_timeseries.w-20.h-3.none.seed-42.with_adj.loggrowth.quant.exp-nodecay-regpre-renewal_lag0.renewal.pt,,manifest_missing
MSAGAT-Net.nhs_timeseries.w-20.h-3.none.seed-42.with_adj.loggrowth.quant.exp-nodecay-regpre-renewres-renewal_lag0.renewal7,MSAGAT-Net,current,nhs_timeseries,3,42,20,none,True,default,loggrowth,True,,nodecay-regpre-renewres-renewal_lag0,True,7,,,MSAGAT-Net.loggrowth.quant.exp-nodecay-regpre-renewres-renewal_lag0.renewal7,179,2.049793,2.049793,True,True,,,,,20260819_115244,report/predictions/nhs_timeseries/MSAGAT-Net.nhs_timeseries.w-20.h-3.none.seed-42.with_adj.loggrowth.quant.exp-nodecay-regpre-renewres-renewal_lag0.renewal7.npz,save_attn/MSAGAT-Net.nhs_timeseries.w-20.h-3.none.seed-42.with_adj.loggrowth.quant.exp-nodecay-regpre-renewres-renewal_lag0.renewal7.pt,,manifest_missing
MSAGAT-Net.nhs_timeseries.w-20.h-3.none.seed-42.with_adj.loggrowth.quant.exp-nodecay-regpre-renewres.renewal7,MSAGAT-Net,current,nhs_timeseries,3,42,20,none,True,default,loggrowth,True,,nodecay-regpre-renewres,True,7,,,MSAGAT-Net.loggrowth.quant.exp-nodecay-regpre-renewres.renewal7,179,2.331529,2.331529,True,True,,,,,20260819_120015,report/predictions/nhs_timeseries/MSAGAT-Net.nhs_timeseries.w-20.h-3.none.seed-42.with_adj.loggrowth.quant.exp-nodecay-regpre-renewres.renewal7.npz,save_attn/MSAGAT-Net.nhs_timeseries.w-20.h-3.none.seed-42.with_adj.loggrowth.quant.exp-nodecay-regpre-renewres.renewal7.pt,,manifest_missing
MSAGAT-Net.nhs_timeseries.w-20.h-3.none.seed-42.with_adj.loggrowth.quant.exp-nodecay-regpre-reniter-giunif.renewal7,MSAGAT-Net,current,nhs_timeseries,3,42,20,none,True,default,loggrowth,True,,nodecay-regpre-reniter-giunif,True,7,,,MSAGAT-Net.loggrowth.quant.exp-nodecay-regpre-reniter-giunif.renewal7,179,2.30062,2.30062,True,True,,,,,20260820_092110,report/predictions/nhs_timeseries/MSAGAT-Net.nhs_timeseries.w-20.h-3.none.seed-42.with_adj.loggrowth.quant.exp-nodecay-regpre-reniter-giunif.renewal7.npz,save_attn/MSAGAT-Net.nhs_timeseries.w-20.h-3.none.seed-42.with_adj.loggrowth.quant.exp-nodecay-regpre-reniter-giunif.renewal7.pt,,manifest_missing
MSAGAT-Net.nhs_timeseries.w-20.h-3.none.seed-42.with_adj.loggrowth.quant.exp-nodecay-regpre-reniter-renewres.renewal7,MSAGAT-Net,current,nhs_timeseries,3,42,20,none,True,default,loggrowth,True,,nodecay-regpre-reniter-renewres,True,7,,,MSAGAT-Net.loggrowth.quant.exp-nodecay-regpre-reniter-renewres.renewal7,179,2.13414,2.13414,True,True,,,,,20260820_041431,report/predictions/nhs_timeseries/MSAGAT-Net.nhs_timeseries.w-20.h-3.none.seed-42.with_adj.loggrowth.quant.exp-nodecay-regpre-reniter-renewres.renewal7.npz,save_attn/MSAGAT-Net.nhs_timeseries.w-20.h-3.none.seed-42.with_adj.loggrowth.quant.exp-nodecay-regpre-reniter-renewres.renewal7.pt,,manifest_missing
MSAGAT-Net.nhs_timeseries.w-20.h-3.none.seed-42.with_adj.loggrowth.quant.exp-nodecay-regpre-reniter.renewal14,MSAGAT-Net,current,nhs_timeseries,3,42,20,none,True,default,loggrowth,True,,nodecay-regpre-reniter,True,14,,,MSAGAT-Net.loggrowth.quant.exp-nodecay-regpre-reniter.renewal14,179,2.257841,2.257841,True,True,,,,,20260820_040505,report/predictions/nhs_timeseries/MSAGAT-Net.nhs_timeseries.w-20.h-3.none.seed-42.with_adj.loggrowth.quant.exp-nodecay-regpre-reniter.renewal14.npz,save_attn/MSAGAT-Net.nhs_timeseries.w-20.h-3.none.seed-42.with_adj.loggrowth.quant.exp-nodecay-regpre-reniter.renewal14.pt,,manifest_missing
MSAGAT-Net.nhs_timeseries.w-20.h-3.none.seed-42.with_adj.loggrowth.quant.exp-nodecay-regpre-reniter.renewal7.gifix5.2-1.72,MSAGAT-Net,current,nhs_timeseries,3,42,20,none,True,default,loggrowth,True,,nodecay-regpre-reniter,True,7,5.2-1.72,,MSAGAT-Net.loggrowth.quant.exp-nodecay-regpre-reniter.renewal7.gifix5.2-1.72,179,2.284538,2.284538,True,True,,,,,20260820_102413,report/predictions/nhs_timeseries/MSAGAT-Net.nhs_timeseries.w-20.h-3.none.seed-42.with_adj.loggrowth.quant.exp-nodecay-regpre-reniter.renewal7.gifix5.2-1.72.npz,save_attn/MSAGAT-Net.nhs_timeseries.w-20.h-3.none.seed-42.with_adj.loggrowth.quant.exp-nodecay-regpre-reniter.renewal7.gifix5.2-1.72.pt,,manifest_missing
MSAGAT-Net.nhs_timeseries.w-20.h-3.none.seed-42.with_adj.loggrowth.quant.exp-nodecay-regpre-reniter.renewal7,MSAGAT-Net,current,nhs_timeseries,3,42,20,none,True,default,loggrowth,True,,nodecay-regpre-reniter,True,7,,,MSAGAT-Net.loggrowth.quant.exp-nodecay-regpre-reniter.renewal7,179,2.249182,2.249182,True,True,,,,,20260820_021827,report/predictions/nhs_timeseries/MSAGAT-Net.nhs_timeseries.w-20.h-3.none.seed-42.with_adj.loggrowth.quant.exp-nodecay-regpre-reniter.renewal7.npz,save_attn/MSAGAT-Net.nhs_timeseries.w-20.h-3.none.seed-42.with_adj.loggrowth.quant.exp-nodecay-regpre-reniter.renewal7.pt,,manifest_missing
MSAGAT-Net.nhs_timeseries.w-20.h-3.none.seed-42.with_adj.loggrowth.quant.exp-nodecay-regpre-scorenorm,MSAGAT-Net,current,nhs_timeseries,3,42,20,none,True,default,loggrowth,True,,nodecay-regpre-scorenorm,False,,,,MSAGAT-Net.loggrowth.quant.exp-nodecay-regpre-scorenorm,179,2.435757,2.435757,True,True,,,,,20260819_071342,report/predictions/nhs_timeseries/MSAGAT-Net.nhs_timeseries.w-20.h-3.none.seed-42.with_adj.loggrowth.quant.exp-nodecay-regpre-scorenorm.npz,save_attn/MSAGAT-Net.nhs_timeseries.w-20.h-3.none.seed-42.with_adj.loggrowth.quant.exp-nodecay-regpre-scorenorm.pt,,manifest_missing
MSAGAT-Net.nhs_timeseries.w-20.h-3.none.seed-42.with_adj.loggrowth.quant.exp-nodecay-regpre-temp,MSAGAT-Net,current,nhs_timeseries,3,42,20,none,True,default,loggrowth,True,,nodecay-regpre-temp,False,,,,MSAGAT-Net.loggrowth.quant.exp-nodecay-regpre-temp,179,2.139193,2.139193,True,True,,,,,20260819_024025,report/predictions/nhs_timeseries/MSAGAT-Net.nhs_timeseries.w-20.h-3.none.seed-42.with_adj.loggrowth.quant.exp-nodecay-regpre-temp.npz,save_attn/MSAGAT-Net.nhs_timeseries.w-20.h-3.none.seed-42.with_adj.loggrowth.quant.exp-nodecay-regpre-temp.pt,,manifest_missing
MSAGAT-Net.nhs_timeseries.w-20.h-3.none.seed-42.with_adj.loggrowth.quant.exp-nodecay-regpre,MSAGAT-Net,current,nhs_timeseries,3,42,20,none,True,default,loggrowth,True,,nodecay-regpre,False,,,,MSAGAT-Net.loggrowth.quant.exp-nodecay-regpre,179,2.264678,2.264678,True,True,,,,,20260819_020356,report/predictions/nhs_timeseries/MSAGAT-Net.nhs_timeseries.w-20.h-3.none.seed-42.with_adj.loggrowth.quant.exp-nodecay-regpre.npz,save_attn/MSAGAT-Net.nhs_timeseries.w-20.h-3.none.seed-42.with_adj.loggrowth.quant.exp-nodecay-regpre.pt,,manifest_missing
MSAGAT-Net.nhs_timeseries.w-20.h-3.none.seed-42.with_adj.loggrowth.quant.exp-nodecay-regpre.renewal,MSAGAT-Net,current,nhs_timeseries,3,42,20,none,True,default,loggrowth,True,,nodecay-regpre,True,,,,MSAGAT-Net.loggrowth.quant.exp-nodecay-regpre.renewal,179,2.440788,2.440788,True,True,,,,,20260819_081622,report/predictions/nhs_timeseries/MSAGAT-Net.nhs_timeseries.w-20.h-3.none.seed-42.with_adj.loggrowth.quant.exp-nodecay-regpre.renewal.npz,save_attn/MSAGAT-Net.nhs_timeseries.w-20.h-3.none.seed-42.with_adj.loggrowth.quant.exp-nodecay-regpre.renewal.pt,,manifest_missing
MSAGAT-Net.nhs_timeseries.w-20.h-3.none.seed-42.with_adj.loggrowth.quant.exp-nodecay-regpre.renewal21,MSAGAT-Net,current,nhs_timeseries,3,42,20,none,True,default,loggrowth,True,,nodecay-regpre,True,21,,,MSAGAT-Net.loggrowth.quant.exp-nodecay-regpre.renewal21,179,2.371312,2.371312,True,True,,,,,20260819_114023,report/predictions/nhs_timeseries/MSAGAT-Net.nhs_timeseries.w-20.h-3.none.seed-42.with_adj.loggrowth.quant.exp-nodecay-regpre.renewal21.npz,save_attn/MSAGAT-Net.nhs_timeseries.w-20.h-3.none.seed-42.with_adj.loggrowth.quant.exp-nodecay-regpre.renewal21.pt,,manifest_missing
MSAGAT-Net.nhs_timeseries.w-20.h-3.none.seed-42.with_adj.loggrowth.quant.exp-nodecay-regpre.renewal7,MSAGAT-Net,current,nhs_timeseries,3,42,20,none,True,default,loggrowth,True,,nodecay-regpre,True,7,,,MSAGAT-Net.loggrowth.quant.exp-nodecay-regpre.renewal7,179,2.239567,2.239567,True,True,,,,,20260819_113049,report/predictions/nhs_timeseries/MSAGAT-Net.nhs_timeseries.w-20.h-3.none.seed-42.with_adj.loggrowth.quant.exp-nodecay-regpre.renewal7.npz,save_attn/MSAGAT-Net.nhs_timeseries.w-20.h-3.none.seed-42.with_adj.loggrowth.quant.exp-nodecay-regpre.renewal7.pt,,manifest_missing
MSAGAT-Net.nhs_timeseries.w-20.h-3.none.seed-42.with_adj.loggrowth.quant,MSAGAT-Net,current,nhs_timeseries,3,42,20,none,True,default,loggrowth,True,,,False,,,,MSAGAT-Net.loggrowth.quant,179,2.221596,2.221596,True,True,,,,,20260814_032454,report/predictions/nhs_timeseries/MSAGAT-Net.nhs_timeseries.w-20.h-3.none.seed-42.with_adj.loggrowth.quant.npz,save_all/MSAGAT-Net.nhs_timeseries.w-20.h-3.none.seed-42.with_adj.loggrowth.quant.pt,,manifest_missing
MSAGAT-Net.nhs_timeseries.w-20.h-3.none.seed-42.with_adj,MSAGAT-Net,current,nhs_timeseries,3,42,20,none,True,default,level,False,,,False,,,,MSAGAT-Net,179,3.451531,3.451531,True,False,,,,,20260811_143719,report/predictions/nhs_timeseries/MSAGAT-Net.nhs_timeseries.w-20.h-3.none.seed-42.with_adj.npz,save_all/MSAGAT-Net.nhs_timeseries.w-20.h-3.none.seed-42.with_adj.pt,,manifest_missing
MSAGAT-Net.nhs_timeseries.w-20.h-3.none.seed-42.with_adj.pprm-multistep,MSAGAT-Net,current,nhs_timeseries,3,42,20,none,True,default,level,False,,,False,,,,MSAGAT-Net.pprm-multistep,179,3.982059,3.982059,False,False,,,,,20260811_024835,report/predictions/nhs_timeseries/MSAGAT-Net.nhs_timeseries.w-20.h-3.none.seed-42.with_adj.pprm-multistep.npz,save_all/MSAGAT-Net.nhs_timeseries.w-20.h-3.none.seed-42.with_adj.pprm-multistep.pt,,manifest_missing
MSAGAT-Net.nhs_timeseries.w-20.h-3.none.seed-42.with_adj.pprm-multistep.sgate,MSAGAT-Net,current,nhs_timeseries,3,42,20,none,True,default,level,False,,,False,,,,MSAGAT-Net.pprm-multistep.sgate,179,4.301585,4.301585,False,False,,,,,20260810_221904,report/predictions/nhs_timeseries/MSAGAT-Net.nhs_timeseries.w-20.h-3.none.seed-42.with_adj.pprm-multistep.sgate.npz,save_all/MSAGAT-Net.nhs_timeseries.w-20.h-3.none.seed-42.with_adj.pprm-multistep.sgate.pt,,manifest_missing
MSAGAT-Net.nhs_timeseries.w-20.h-3.none.seed-42.with_adj.sgate,MSAGAT-Net,current,nhs_timeseries,3,42,20,none,True,default,level,False,,,False,,,,MSAGAT-Net.sgate,179,4.528175,4.528175,False,False,,,,,20260811_031338,report/predictions/nhs_timeseries/MSAGAT-Net.nhs_timeseries.w-20.h-3.none.seed-42.with_adj.sgate.npz,save_all/MSAGAT-Net.nhs_timeseries.w-20.h-3.none.seed-42.with_adj.sgate.pt,,manifest_missing
MSAGAT-Net.nhs_timeseries.w-20.h-3.none.seed-45.with_adj.loggrowth,MSAGAT-Net,current,nhs_timeseries,3,45,20,none,True,default,loggrowth,False,,,False,,,,MSAGAT-Net.loggrowth,179,2.952228,2.952228,True,False,,,,,20260811_045025,report/predictions/nhs_timeseries/MSAGAT-Net.nhs_timeseries.w-20.h-3.none.seed-45.with_adj.loggrowth.npz,save_all/MSAGAT-Net.nhs_timeseries.w-20.h-3.none.seed-45.with_adj.loggrowth.pt,,manifest_missing
MSAGAT-Net.nhs_timeseries.w-20.h-3.none.seed-45.with_adj.loggrowth.quant.attnfix,MSAGAT-Net,current,nhs_timeseries,3,45,20,none,True,default,loggrowth,True,,,False,,,,MSAGAT-Net.loggrowth.quant.attnfix,179,2.343195,2.343195,True,True,,,,,20260819_013026,report/predictions/nhs_timeseries/MSAGAT-Net.nhs_timeseries.w-20.h-3.none.seed-45.with_adj.loggrowth.quant.attnfix.npz,save_all/MSAGAT-Net.nhs_timeseries.w-20.h-3.none.seed-45.with_adj.loggrowth.quant.attnfix.pt,,manifest_missing
MSAGAT-Net.nhs_timeseries.w-20.h-3.none.seed-45.with_adj.loggrowth.quant.exp-nodecay-regpre-reniter-giunif.renewal7,MSAGAT-Net,current,nhs_timeseries,3,45,20,none,True,default,loggrowth,True,,nodecay-regpre-reniter-giunif,True,7,,,MSAGAT-Net.loggrowth.quant.exp-nodecay-regpre-reniter-giunif.renewal7,179,2.701583,2.701583,True,True,,,,,20260820_142923,report/predictions/nhs_timeseries/MSAGAT-Net.nhs_timeseries.w-20.h-3.none.seed-45.with_adj.loggrowth.quant.exp-nodecay-regpre-reniter-giunif.renewal7.npz,save_renewal/MSAGAT-Net.nhs_timeseries.w-20.h-3.none.seed-45.with_adj.loggrowth.quant.exp-nodecay-regpre-reniter-giunif.renewal7.pt,,manifest_missing
MSAGAT-Net.nhs_timeseries.w-20.h-3.none.seed-45.with_adj.loggrowth.quant.exp-nodecay-regpre-reniter.renewal7.gifix5.2-1.72,MSAGAT-Net,current,nhs_timeseries,3,45,20,none,True,default,loggrowth,True,,nodecay-regpre-reniter,True,7,5.2-1.72,,MSAGAT-Net.loggrowth.quant.exp-nodecay-regpre-reniter.renewal7.gifix5.2-1.72,179,2.574943,2.574943,True,True,,,,,20260820_143927,report/predictions/nhs_timeseries/MSAGAT-Net.nhs_timeseries.w-20.h-3.none.seed-45.with_adj.loggrowth.quant.exp-nodecay-regpre-reniter.renewal7.gifix5.2-1.72.npz,save_renewal/MSAGAT-Net.nhs_timeseries.w-20.h-3.none.seed-45.with_adj.loggrowth.quant.exp-nodecay-regpre-reniter.renewal7.gifix5.2-1.72.pt,,manifest_missing
MSAGAT-Net.nhs_timeseries.w-20.h-3.none.seed-45.with_adj.loggrowth.quant.exp-nodecay-regpre-reniter.renewal7,MSAGAT-Net,current,nhs_timeseries,3,45,20,none,True,default,loggrowth,True,,nodecay-regpre-reniter,True,7,,,MSAGAT-Net.loggrowth.quant.exp-nodecay-regpre-reniter.renewal7,179,2.202638,2.202638,True,True,,,,,20260820_141625,report/predictions/nhs_timeseries/MSAGAT-Net.nhs_timeseries.w-20.h-3.none.seed-45.with_adj.loggrowth.quant.exp-nodecay-regpre-reniter.renewal7.npz,save_renewal/MSAGAT-Net.nhs_timeseries.w-20.h-3.none.seed-45.with_adj.loggrowth.quant.exp-nodecay-regpre-reniter.renewal7.pt,,manifest_missing
MSAGAT-Net.nhs_timeseries.w-20.h-3.none.seed-45.with_adj.loggrowth.quant.exp-nodecay-regpre,MSAGAT-Net,current,nhs_timeseries,3,45,20,none,True,default,loggrowth,True,,nodecay-regpre,False,,,,MSAGAT-Net.loggrowth.quant.exp-nodecay-regpre,179,2.292035,2.292035,True,True,,,,,20260819_075755,report/predictions/nhs_timeseries/MSAGAT-Net.nhs_timeseries.w-20.h-3.none.seed-45.with_adj.loggrowth.quant.exp-nodecay-regpre.npz,save_all/MSAGAT-Net.nhs_timeseries.w-20.h-3.none.seed-45.with_adj.loggrowth.quant.exp-nodecay-regpre.pt,,manifest_missing
MSAGAT-Net.nhs_timeseries.w-20.h-3.none.seed-45.with_adj.loggrowth.quant,MSAGAT-Net,current,nhs_timeseries,3,45,20,none,True,default,loggrowth,True,,,False,,,,MSAGAT-Net.loggrowth.quant,179,2.178412,2.178412,True,True,,,,,20260814_032505,report/predictions/nhs_timeseries/MSAGAT-Net.nhs_timeseries.w-20.h-3.none.seed-45.with_adj.loggrowth.quant.npz,save_all/MSAGAT-Net.nhs_timeseries.w-20.h-3.none.seed-45.with_adj.loggrowth.quant.pt,,manifest_missing
MSAGAT-Net.nhs_timeseries.w-20.h-3.none.seed-45.with_adj,MSAGAT-Net,current,nhs_timeseries,3,45,20,none,True,default,level,False,,,False,,,,MSAGAT-Net,179,3.531378,3.531378,True,False,,,,,20260811_091230,report/predictions/nhs_timeseries/MSAGAT-Net.nhs_timeseries.w-20.h-3.none.seed-45.with_adj.npz,save_all/MSAGAT-Net.nhs_timeseries.w-20.h-3.none.seed-45.with_adj.pt,,manifest_missing
MSAGAT-Net.nhs_timeseries.w-20.h-3.none.seed-45.with_adj.pprm-multistep,MSAGAT-Net,current,nhs_timeseries,3,45,20,none,True,default,level,False,,,False,,,,MSAGAT-Net.pprm-multistep,179,3.542919,3.542919,False,False,,,,,20260811_025116,report/predictions/nhs_timeseries/MSAGAT-Net.nhs_timeseries.w-20.h-3.none.seed-45.with_adj.pprm-multistep.npz,save_all/MSAGAT-Net.nhs_timeseries.w-20.h-3.none.seed-45.with_adj.pprm-multistep.pt,,manifest_missing
MSAGAT-Net.nhs_timeseries.w-20.h-3.none.seed-45.with_adj.pprm-multistep.sgate,MSAGAT-Net,current,nhs_timeseries,3,45,20,none,True,default,level,False,,,False,,,,MSAGAT-Net.pprm-multistep.sgate,179,3.513147,3.513147,False,False,,,,,20260811_033800,report/predictions/nhs_timeseries/MSAGAT-Net.nhs_timeseries.w-20.h-3.none.seed-45.with_adj.pprm-multistep.sgate.npz,save_all/MSAGAT-Net.nhs_timeseries.w-20.h-3.none.seed-45.with_adj.pprm-multistep.sgate.pt,,manifest_missing
MSAGAT-Net.nhs_timeseries.w-20.h-3.none.seed-45.with_adj.sgate,MSAGAT-Net,current,nhs_timeseries,3,45,20,none,True,default,level,False,,,False,,,,MSAGAT-Net.sgate,179,3.665546,3.665546,False,False,,,,,20260811_031608,report/predictions/nhs_timeseries/MSAGAT-Net.nhs_timeseries.w-20.h-3.none.seed-45.with_adj.sgate.npz,save_all/MSAGAT-Net.nhs_timeseries.w-20.h-3.none.seed-45.with_adj.sgate.pt,,manifest_missing
MSAGAT-Net.nhs_timeseries.w-20.h-7.no_agam.seed-42.with_adj.loggrowth.quant,MSAGAT-Net,current,nhs_timeseries,7,42,20,no_agam,True,default,loggrowth,True,,,False,,,,MSAGAT-Net.loggrowth.quant,179,6.744517,6.744517,True,True,,,,,20260819_020014,report/predictions/nhs_timeseries/MSAGAT-Net.nhs_timeseries.w-20.h-7.no_agam.seed-42.with_adj.loggrowth.quant.npz,save_attn/MSAGAT-Net.nhs_timeseries.w-20.h-7.no_agam.seed-42.with_adj.loggrowth.quant.pt,,manifest_missing
MSAGAT-Net.nhs_timeseries.w-20.h-7.none.seed-1000.with_adj.loggrowth.quant.attnfix,MSAGAT-Net,current,nhs_timeseries,7,1000,20,none,True,default,loggrowth,True,,,False,,,,MSAGAT-Net.loggrowth.quant.attnfix,179,6.659987,6.659987,True,True,,,,,20260819_014130,report/predictions/nhs_timeseries/MSAGAT-Net.nhs_timeseries.w-20.h-7.none.seed-1000.with_adj.loggrowth.quant.attnfix.npz,save_all/MSAGAT-Net.nhs_timeseries.w-20.h-7.none.seed-1000.with_adj.loggrowth.quant.attnfix.pt,,manifest_missing
MSAGAT-Net.nhs_timeseries.w-20.h-7.none.seed-1000.with_adj.loggrowth.quant.exp-nodecay-regpre-reniter-giunif.renewal7,MSAGAT-Net,current,nhs_timeseries,7,1000,20,none,True,default,loggrowth,True,,nodecay-regpre-reniter-giunif,True,7,,,MSAGAT-Net.loggrowth.quant.exp-nodecay-regpre-reniter-giunif.renewal7,179,6.907913,6.907913,True,True,,,,,20260820_150047,report/predictions/nhs_timeseries/MSAGAT-Net.nhs_timeseries.w-20.h-7.none.seed-1000.with_adj.loggrowth.quant.exp-nodecay-regpre-reniter-giunif.renewal7.npz,save_renewal/MSAGAT-Net.nhs_timeseries.w-20.h-7.none.seed-1000.with_adj.loggrowth.quant.exp-nodecay-regpre-reniter-giunif.renewal7.pt,,manifest_missing
MSAGAT-Net.nhs_timeseries.w-20.h-7.none.seed-1000.with_adj.loggrowth.quant.exp-nodecay-regpre-reniter.renewal7.gifix5.2-1.72,MSAGAT-Net,current,nhs_timeseries,7,1000,20,none,True,default,loggrowth,True,,nodecay-regpre-reniter,True,7,5.2-1.72,,MSAGAT-Net.loggrowth.quant.exp-nodecay-regpre-reniter.renewal7.gifix5.2-1.72,179,6.57113,6.57113,True,True,,,,,20260820_150755,report/predictions/nhs_timeseries/MSAGAT-Net.nhs_timeseries.w-20.h-7.none.seed-1000.with_adj.loggrowth.quant.exp-nodecay-regpre-reniter.renewal7.gifix5.2-1.72.npz,save_renewal/MSAGAT-Net.nhs_timeseries.w-20.h-7.none.seed-1000.with_adj.loggrowth.quant.exp-nodecay-regpre-reniter.renewal7.gifix5.2-1.72.pt,,manifest_missing
MSAGAT-Net.nhs_timeseries.w-20.h-7.none.seed-1000.with_adj.loggrowth.quant.exp-nodecay-regpre-reniter.renewal7,MSAGAT-Net,current,nhs_timeseries,7,1000,20,none,True,default,loggrowth,True,,nodecay-regpre-reniter,True,7,,,MSAGAT-Net.loggrowth.quant.exp-nodecay-regpre-reniter.renewal7,179,6.738656,6.738656,True,True,,,,,20260820_145225,report/predictions/nhs_timeseries/MSAGAT-Net.nhs_timeseries.w-20.h-7.none.seed-1000.with_adj.loggrowth.quant.exp-nodecay-regpre-reniter.renewal7.npz,save_renewal/MSAGAT-Net.nhs_timeseries.w-20.h-7.none.seed-1000.with_adj.loggrowth.quant.exp-nodecay-regpre-reniter.renewal7.pt,,manifest_missing
MSAGAT-Net.nhs_timeseries.w-20.h-7.none.seed-1000.with_adj.loggrowth.quant.exp-nodecay-regpre,MSAGAT-Net,current,nhs_timeseries,7,1000,20,none,True,default,loggrowth,True,,nodecay-regpre,False,,,,MSAGAT-Net.loggrowth.quant.exp-nodecay-regpre,179,8.420073,8.420073,True,True,,,,,20260819_080520,report/predictions/nhs_timeseries/MSAGAT-Net.nhs_timeseries.w-20.h-7.none.seed-1000.with_adj.loggrowth.quant.exp-nodecay-regpre.npz,save_all/MSAGAT-Net.nhs_timeseries.w-20.h-7.none.seed-1000.with_adj.loggrowth.quant.exp-nodecay-regpre.pt,,manifest_missing
MSAGAT-Net.nhs_timeseries.w-20.h-7.none.seed-1000.with_adj.loggrowth.quant,MSAGAT-Net,current,nhs_timeseries,7,1000,20,none,True,default,loggrowth,True,,,False,,,,MSAGAT-Net.loggrowth.quant,179,8.272381,8.272381,True,True,,,,,20260814_032516,report/predictions/nhs_timeseries/MSAGAT-Net.nhs_timeseries.w-20.h-7.none.seed-1000.with_adj.loggrowth.quant.npz,save_all/MSAGAT-Net.nhs_timeseries.w-20.h-7.none.seed-1000.with_adj.loggrowth.quant.pt,,manifest_missing
MSAGAT-Net.nhs_timeseries.w-20.h-7.none.seed-1000.with_adj,MSAGAT-Net,current,nhs_timeseries,7,1000,20,none,True,default,level,False,,,False,,,,MSAGAT-Net,179,10.126917,10.126917,True,False,,,,,20260811_091349,report/predictions/nhs_timeseries/MSAGAT-Net.nhs_timeseries.w-20.h-7.none.seed-1000.with_adj.npz,save_all/MSAGAT-Net.nhs_timeseries.w-20.h-7.none.seed-1000.with_adj.pt,,manifest_missing
MSAGAT-Net.nhs_timeseries.w-20.h-7.none.seed-123.with_adj.loggrowth.quant.attnfix,MSAGAT-Net,current,nhs_timeseries,7,123,20,none,True,default,loggrowth,True,,,False,,,,MSAGAT-Net.loggrowth.quant.attnfix,179,5.508184,5.508184,True,True,,,,,20260819_013950,report/predictions/nhs_timeseries/MSAGAT-Net.nhs_timeseries.w-20.h-7.none.seed-123.with_adj.loggrowth.quant.attnfix.npz,save_all/MSAGAT-Net.nhs_timeseries.w-20.h-7.none.seed-123.with_adj.loggrowth.quant.attnfix.pt,,manifest_missing
MSAGAT-Net.nhs_timeseries.w-20.h-7.none.seed-123.with_adj.loggrowth.quant.exp-nodecay-regpre-reniter-giunif.renewal7,MSAGAT-Net,current,nhs_timeseries,7,123,20,none,True,default,loggrowth,True,,nodecay-regpre-reniter-giunif,True,7,,,MSAGAT-Net.loggrowth.quant.exp-nodecay-regpre-reniter-giunif.renewal7,179,6.068378,6.068378,True,True,,,,,20260820_145752,report/predictions/nhs_timeseries/MSAGAT-Net.nhs_timeseries.w-20.h-7.none.seed-123.with_adj.loggrowth.quant.exp-nodecay-regpre-reniter-giunif.renewal7.npz,save_renewal/MSAGAT-Net.nhs_timeseries.w-20.h-7.none.seed-123.with_adj.loggrowth.quant.exp-nodecay-regpre-reniter-giunif.renewal7.pt,,manifest_missing
MSAGAT-Net.nhs_timeseries.w-20.h-7.none.seed-123.with_adj.loggrowth.quant.exp-nodecay-regpre-reniter.renewal7.gifix5.2-1.72,MSAGAT-Net,current,nhs_timeseries,7,123,20,none,True,default,loggrowth,True,,nodecay-regpre-reniter,True,7,5.2-1.72,,MSAGAT-Net.loggrowth.quant.exp-nodecay-regpre-reniter.renewal7.gifix5.2-1.72,179,5.900047,5.900047,True,True,,,,,20260820_150552,report/predictions/nhs_timeseries/MSAGAT-Net.nhs_timeseries.w-20.h-7.none.seed-123.with_adj.loggrowth.quant.exp-nodecay-regpre-reniter.renewal7.gifix5.2-1.72.npz,save_renewal/MSAGAT-Net.nhs_timeseries.w-20.h-7.none.seed-123.with_adj.loggrowth.quant.exp-nodecay-regpre-reniter.renewal7.gifix5.2-1.72.pt,,manifest_missing
MSAGAT-Net.nhs_timeseries.w-20.h-7.none.seed-123.with_adj.loggrowth.quant.exp-nodecay-regpre-reniter.renewal7,MSAGAT-Net,current,nhs_timeseries,7,123,20,none,True,default,loggrowth,True,,nodecay-regpre-reniter,True,7,,,MSAGAT-Net.loggrowth.quant.exp-nodecay-regpre-reniter.renewal7,179,5.988437,5.988437,True,True,,,,,20260820_145056,report/predictions/nhs_timeseries/MSAGAT-Net.nhs_timeseries.w-20.h-7.none.seed-123.with_adj.loggrowth.quant.exp-nodecay-regpre-reniter.renewal7.npz,save_renewal/MSAGAT-Net.nhs_timeseries.w-20.h-7.none.seed-123.with_adj.loggrowth.quant.exp-nodecay-regpre-reniter.renewal7.pt,,manifest_missing
MSAGAT-Net.nhs_timeseries.w-20.h-7.none.seed-123.with_adj.loggrowth.quant.exp-nodecay-regpre,MSAGAT-Net,current,nhs_timeseries,7,123,20,none,True,default,loggrowth,True,,nodecay-regpre,False,,,,MSAGAT-Net.loggrowth.quant.exp-nodecay-regpre,179,5.880863,5.880863,True,True,,,,,20260819_080402,report/predictions/nhs_timeseries/MSAGAT-Net.nhs_timeseries.w-20.h-7.none.seed-123.with_adj.loggrowth.quant.exp-nodecay-regpre.npz,save_all/MSAGAT-Net.nhs_timeseries.w-20.h-7.none.seed-123.with_adj.loggrowth.quant.exp-nodecay-regpre.pt,,manifest_missing
MSAGAT-Net.nhs_timeseries.w-20.h-7.none.seed-123.with_adj.loggrowth.quant,MSAGAT-Net,current,nhs_timeseries,7,123,20,none,True,default,loggrowth,True,,,False,,,,MSAGAT-Net.loggrowth.quant,179,5.878942,5.878942,True,True,,,,,20260814_032526,report/predictions/nhs_timeseries/MSAGAT-Net.nhs_timeseries.w-20.h-7.none.seed-123.with_adj.loggrowth.quant.npz,save_all/MSAGAT-Net.nhs_timeseries.w-20.h-7.none.seed-123.with_adj.loggrowth.quant.pt,,manifest_missing
MSAGAT-Net.nhs_timeseries.w-20.h-7.none.seed-123.with_adj,MSAGAT-Net,current,nhs_timeseries,7,123,20,none,True,default,level,False,,,False,,,,MSAGAT-Net,179,6.038752,6.038752,True,False,,,,,20260811_091338,report/predictions/nhs_timeseries/MSAGAT-Net.nhs_timeseries.w-20.h-7.none.seed-123.with_adj.npz,save_all/MSAGAT-Net.nhs_timeseries.w-20.h-7.none.seed-123.with_adj.pt,,manifest_missing
MSAGAT-Net.nhs_timeseries.w-20.h-7.none.seed-30.with_adj.loggrowth,MSAGAT-Net,current,nhs_timeseries,7,30,20,none,True,default,loggrowth,False,,,False,,,,MSAGAT-Net.loggrowth,179,8.992938,8.992938,True,False,,,,,20260811_045245,report/predictions/nhs_timeseries/MSAGAT-Net.nhs_timeseries.w-20.h-7.none.seed-30.with_adj.loggrowth.npz,save_all/MSAGAT-Net.nhs_timeseries.w-20.h-7.none.seed-30.with_adj.loggrowth.pt,,manifest_missing
MSAGAT-Net.nhs_timeseries.w-20.h-7.none.seed-30.with_adj.loggrowth.quant.attnfix,MSAGAT-Net,current,nhs_timeseries,7,30,20,none,True,default,loggrowth,True,,,False,,,,MSAGAT-Net.loggrowth.quant.attnfix,179,9.432583,9.432583,True,True,,,,,20260819_013725,report/predictions/nhs_timeseries/MSAGAT-Net.nhs_timeseries.w-20.h-7.none.seed-30.with_adj.loggrowth.quant.attnfix.npz,save_all/MSAGAT-Net.nhs_timeseries.w-20.h-7.none.seed-30.with_adj.loggrowth.quant.attnfix.pt,,manifest_missing
MSAGAT-Net.nhs_timeseries.w-20.h-7.none.seed-30.with_adj.loggrowth.quant.exp-nodecay-regpre-reniter-giunif.renewal7,MSAGAT-Net,current,nhs_timeseries,7,30,20,none,True,default,loggrowth,True,,nodecay-regpre-reniter-giunif,True,7,,,MSAGAT-Net.loggrowth.quant.exp-nodecay-regpre-reniter-giunif.renewal7,179,10.064299,10.064299,True,True,,,,,20260820_145423,report/predictions/nhs_timeseries/MSAGAT-Net.nhs_timeseries.w-20.h-7.none.seed-30.with_adj.loggrowth.quant.exp-nodecay-regpre-reniter-giunif.renewal7.npz,save_renewal/MSAGAT-Net.nhs_timeseries.w-20.h-7.none.seed-30.with_adj.loggrowth.quant.exp-nodecay-regpre-reniter-giunif.renewal7.pt,,manifest_missing
MSAGAT-Net.nhs_timeseries.w-20.h-7.none.seed-30.with_adj.loggrowth.quant.exp-nodecay-regpre-reniter.renewal7.gifix5.2-1.72,MSAGAT-Net,current,nhs_timeseries,7,30,20,none,True,default,loggrowth,True,,nodecay-regpre-reniter,True,7,5.2-1.72,,MSAGAT-Net.loggrowth.quant.exp-nodecay-regpre-reniter.renewal7.gifix5.2-1.72,179,10.805108,10.805108,True,True,,,,,20260820_150208,report/predictions/nhs_timeseries/MSAGAT-Net.nhs_timeseries.w-20.h-7.none.seed-30.with_adj.loggrowth.quant.exp-nodecay-regpre-reniter.renewal7.gifix5.2-1.72.npz,save_renewal/MSAGAT-Net.nhs_timeseries.w-20.h-7.none.seed-30.with_adj.loggrowth.quant.exp-nodecay-regpre-reniter.renewal7.gifix5.2-1.72.pt,,manifest_missing
MSAGAT-Net.nhs_timeseries.w-20.h-7.none.seed-30.with_adj.loggrowth.quant.exp-nodecay-regpre-reniter.renewal7,MSAGAT-Net,current,nhs_timeseries,7,30,20,none,True,default,loggrowth,True,,nodecay-regpre-reniter,True,7,,,MSAGAT-Net.loggrowth.quant.exp-nodecay-regpre-reniter.renewal7,179,7.240697,7.240697,True,True,,,,,20260820_144622,report/predictions/nhs_timeseries/MSAGAT-Net.nhs_timeseries.w-20.h-7.none.seed-30.with_adj.loggrowth.quant.exp-nodecay-regpre-reniter.renewal7.npz,save_renewal/MSAGAT-Net.nhs_timeseries.w-20.h-7.none.seed-30.with_adj.loggrowth.quant.exp-nodecay-regpre-reniter.renewal7.pt,,manifest_missing
MSAGAT-Net.nhs_timeseries.w-20.h-7.none.seed-30.with_adj.loggrowth.quant.exp-nodecay-regpre,MSAGAT-Net,current,nhs_timeseries,7,30,20,none,True,default,loggrowth,True,,nodecay-regpre,False,,,,MSAGAT-Net.loggrowth.quant.exp-nodecay-regpre,179,10.60327,10.60327,True,True,,,,,20260819_080226,report/predictions/nhs_timeseries/MSAGAT-Net.nhs_timeseries.w-20.h-7.none.seed-30.with_adj.loggrowth.quant.exp-nodecay-regpre.npz,save_all/MSAGAT-Net.nhs_timeseries.w-20.h-7.none.seed-30.with_adj.loggrowth.quant.exp-nodecay-regpre.pt,,manifest_missing
MSAGAT-Net.nhs_timeseries.w-20.h-7.none.seed-30.with_adj.loggrowth.quant,MSAGAT-Net,current,nhs_timeseries,7,30,20,none,True,default,loggrowth,True,,,False,,,,MSAGAT-Net.loggrowth.quant,179,11.385811,11.385811,True,True,,,,,20260814_032545,report/predictions/nhs_timeseries/MSAGAT-Net.nhs_timeseries.w-20.h-7.none.seed-30.with_adj.loggrowth.quant.npz,save_all/MSAGAT-Net.nhs_timeseries.w-20.h-7.none.seed-30.with_adj.loggrowth.quant.pt,,manifest_missing
MSAGAT-Net.nhs_timeseries.w-20.h-7.none.seed-30.with_adj,MSAGAT-Net,current,nhs_timeseries,7,30,20,none,True,default,level,False,,,False,,,,MSAGAT-Net,179,5.83528,5.835281,True,False,,,,,20260811_091315,report/predictions/nhs_timeseries/MSAGAT-Net.nhs_timeseries.w-20.h-7.none.seed-30.with_adj.npz,save_all/MSAGAT-Net.nhs_timeseries.w-20.h-7.none.seed-30.with_adj.pt,,manifest_missing
MSAGAT-Net.nhs_timeseries.w-20.h-7.none.seed-30.with_adj.pprm-multistep,MSAGAT-Net,current,nhs_timeseries,7,30,20,none,True,default,level,False,,,False,,,,MSAGAT-Net.pprm-multistep,179,6.426119,6.426119,False,False,,,,,20260811_025426,report/predictions/nhs_timeseries/MSAGAT-Net.nhs_timeseries.w-20.h-7.none.seed-30.with_adj.pprm-multistep.npz,save_all/MSAGAT-Net.nhs_timeseries.w-20.h-7.none.seed-30.with_adj.pprm-multistep.pt,,manifest_missing
MSAGAT-Net.nhs_timeseries.w-20.h-7.none.seed-30.with_adj.pprm-multistep.sgate,MSAGAT-Net,current,nhs_timeseries,7,30,20,none,True,default,level,False,,,False,,,,MSAGAT-Net.pprm-multistep.sgate,179,6.213005,6.213005,False,False,,,,,20260811_034050,report/predictions/nhs_timeseries/MSAGAT-Net.nhs_timeseries.w-20.h-7.none.seed-30.with_adj.pprm-multistep.sgate.npz,save_all/MSAGAT-Net.nhs_timeseries.w-20.h-7.none.seed-30.with_adj.pprm-multistep.sgate.pt,,manifest_missing
MSAGAT-Net.nhs_timeseries.w-20.h-7.none.seed-30.with_adj.sgate,MSAGAT-Net,current,nhs_timeseries,7,30,20,none,True,default,level,False,,,False,,,,MSAGAT-Net.sgate,179,5.846864,5.846864,False,False,,,,,20260811_031925,report/predictions/nhs_timeseries/MSAGAT-Net.nhs_timeseries.w-20.h-7.none.seed-30.with_adj.sgate.npz,save_all/MSAGAT-Net.nhs_timeseries.w-20.h-7.none.seed-30.with_adj.sgate.pt,,manifest_missing
MSAGAT-Net.nhs_timeseries.w-20.h-7.none.seed-42.with_adj.loggrowth,MSAGAT-Net,current,nhs_timeseries,7,42,20,none,True,default,loggrowth,False,,,False,,,,MSAGAT-Net.loggrowth,179,7.779785,7.779785,True,False,,,,,20260811_045121,report/predictions/nhs_timeseries/MSAGAT-Net.nhs_timeseries.w-20.h-7.none.seed-42.with_adj.loggrowth.npz,save_all/MSAGAT-Net.nhs_timeseries.w-20.h-7.none.seed-42.with_adj.loggrowth.pt,,manifest_missing
MSAGAT-Net.nhs_timeseries.w-20.h-7.none.seed-42.with_adj.loggrowth.quant.attnfix,MSAGAT-Net,current,nhs_timeseries,7,42,20,none,True,default,loggrowth,True,,,False,,,,MSAGAT-Net.loggrowth.quant.attnfix,179,5.174399,5.174399,True,True,,,,,20260819_013548,report/predictions/nhs_timeseries/MSAGAT-Net.nhs_timeseries.w-20.h-7.none.seed-42.with_adj.loggrowth.quant.attnfix.npz,save_all/MSAGAT-Net.nhs_timeseries.w-20.h-7.none.seed-42.with_adj.loggrowth.quant.attnfix.pt,,manifest_missing
MSAGAT-Net.nhs_timeseries.w-20.h-7.none.seed-42.with_adj.loggrowth.quant.exp-nodecay-regent,MSAGAT-Net,current,nhs_timeseries,7,42,20,none,True,default,loggrowth,True,,nodecay-regent,False,,,,MSAGAT-Net.loggrowth.quant.exp-nodecay-regent,179,5.043904,5.043904,True,True,,,,,20260819_074824,report/predictions/nhs_timeseries/MSAGAT-Net.nhs_timeseries.w-20.h-7.none.seed-42.with_adj.loggrowth.quant.exp-nodecay-regent.npz,save_attn/MSAGAT-Net.nhs_timeseries.w-20.h-7.none.seed-42.with_adj.loggrowth.quant.exp-nodecay-regent.pt,,manifest_missing
MSAGAT-Net.nhs_timeseries.w-20.h-7.none.seed-42.with_adj.loggrowth.quant.exp-nodecay-regpre-adjstd-lrx10,MSAGAT-Net,current,nhs_timeseries,7,42,20,none,True,default,loggrowth,True,,nodecay-regpre-adjstd-lrx10,False,,,,MSAGAT-Net.loggrowth.quant.exp-nodecay-regpre-adjstd-lrx10,179,4.974535,4.974535,True,True,,,,,20260819_074223,report/predictions/nhs_timeseries/MSAGAT-Net.nhs_timeseries.w-20.h-7.none.seed-42.with_adj.loggrowth.quant.exp-nodecay-regpre-adjstd-lrx10.npz,save_attn/MSAGAT-Net.nhs_timeseries.w-20.h-7.none.seed-42.with_adj.loggrowth.quant.exp-nodecay-regpre-adjstd-lrx10.pt,,manifest_missing
MSAGAT-Net.nhs_timeseries.w-20.h-7.none.seed-42.with_adj.loggrowth.quant.exp-nodecay-regpre-adjstd,MSAGAT-Net,current,nhs_timeseries,7,42,20,none,True,default,loggrowth,True,,nodecay-regpre-adjstd,False,,,,MSAGAT-Net.loggrowth.quant.exp-nodecay-regpre-adjstd,179,5.006092,5.006092,True,True,,,,,20260819_070855,report/predictions/nhs_timeseries/MSAGAT-Net.nhs_timeseries.w-20.h-7.none.seed-42.with_adj.loggrowth.quant.exp-nodecay-regpre-adjstd.npz,save_attn/MSAGAT-Net.nhs_timeseries.w-20.h-7.none.seed-42.with_adj.loggrowth.quant.exp-nodecay-regpre-adjstd.pt,,manifest_missing
MSAGAT-Net.nhs_timeseries.w-20.h-7.none.seed-42.with_adj.loggrowth.quant.exp-nodecay-regpre-init10,MSAGAT-Net,current,nhs_timeseries,7,42,20,none,True,default,loggrowth,True,,nodecay-regpre-init10,False,,,,MSAGAT-Net.loggrowth.quant.exp-nodecay-regpre-init10,179,5.223662,5.223662,True,True,,,,,20260819_024905,report/predictions/nhs_timeseries/MSAGAT-Net.nhs_timeseries.w-20.h-7.none.seed-42.with_adj.loggrowth.quant.exp-nodecay-regpre-init10.npz,save_attn/MSAGAT-Net.nhs_timeseries.w-20.h-7.none.seed-42.with_adj.loggrowth.quant.exp-nodecay-regpre-init10.pt,,manifest_missing
MSAGAT-Net.nhs_timeseries.w-20.h-7.none.seed-42.with_adj.loggrowth.quant.exp-nodecay-regpre-lrx10,MSAGAT-Net,current,nhs_timeseries,7,42,20,none,True,default,loggrowth,True,,nodecay-regpre-lrx10,False,,,,MSAGAT-Net.loggrowth.quant.exp-nodecay-regpre-lrx10,179,4.965511,4.965511,True,True,,,,,20260819_065727,report/predictions/nhs_timeseries/MSAGAT-Net.nhs_timeseries.w-20.h-7.none.seed-42.with_adj.loggrowth.quant.exp-nodecay-regpre-lrx10.npz,save_attn/MSAGAT-Net.nhs_timeseries.w-20.h-7.none.seed-42.with_adj.loggrowth.quant.exp-nodecay-regpre-lrx10.pt,,manifest_missing
MSAGAT-Net.nhs_timeseries.w-20.h-7.none.seed-42.with_adj.loggrowth.quant.exp-nodecay-regpre-multgate,MSAGAT-Net,current,nhs_timeseries,7,42,20,none,True,default,loggrowth,True,,nodecay-regpre-multgate,False,,,,MSAGAT-Net.loggrowth.quant.exp-nodecay-regpre-multgate,179,4.979554,4.979554,True,True,,,,,20260819_072408,report/predictions/nhs_timeseries/MSAGAT-Net.nhs_timeseries.w-20.h-7.none.seed-42.with_adj.loggrowth.quant.exp-nodecay-regpre-multgate.npz,save_attn/MSAGAT-Net.nhs_timeseries.w-20.h-7.none.seed-42.with_adj.loggrowth.quant.exp-nodecay-regpre-multgate.pt,,manifest_missing
MSAGAT-Net.nhs_timeseries.w-20.h-7.none.seed-42.with_adj.loggrowth.quant.exp-nodecay-regpre-rank16,MSAGAT-Net,current,nhs_timeseries,7,42,20,none,True,default,loggrowth,True,,nodecay-regpre-rank16,False,,,,MSAGAT-Net.loggrowth.quant.exp-nodecay-regpre-rank16,179,9.190917,9.190917,True,True,,,,,20260819_073630,report/predictions/nhs_timeseries/MSAGAT-Net.nhs_timeseries.w-20.h-7.none.seed-42.with_adj.loggrowth.quant.exp-nodecay-regpre-rank16.npz,save_attn/MSAGAT-Net.nhs_timeseries.w-20.h-7.none.seed-42.with_adj.loggrowth.quant.exp-nodecay-regpre-rank16.pt,,manifest_missing
MSAGAT-Net.nhs_timeseries.w-20.h-7.none.seed-42.with_adj.loggrowth.quant.exp-nodecay-regpre-rank2,MSAGAT-Net,current,nhs_timeseries,7,42,20,none,True,default,loggrowth,True,,nodecay-regpre-rank2,False,,,,MSAGAT-Net.loggrowth.quant.exp-nodecay-regpre-rank2,179,8.632929,8.632929,True,True,,,,,20260819_073110,report/predictions/nhs_timeseries/MSAGAT-Net.nhs_timeseries.w-20.h-7.none.seed-42.with_adj.loggrowth.quant.exp-nodecay-regpre-rank2.npz,save_attn/MSAGAT-Net.nhs_timeseries.w-20.h-7.none.seed-42.with_adj.loggrowth.quant.exp-nodecay-regpre-rank2.pt,,manifest_missing
MSAGAT-Net.nhs_timeseries.w-20.h-7.none.seed-42.with_adj.loggrowth.quant.exp-nodecay-regpre-renewal_lag0.renewal,MSAGAT-Net,current,nhs_timeseries,7,42,20,none,True,default,loggrowth,True,,nodecay-regpre-renewal_lag0,True,,,,MSAGAT-Net.loggrowth.quant.exp-nodecay-regpre-renewal_lag0.renewal,179,5.105458,5.105458,True,True,,,,,20260819_112206,report/predictions/nhs_timeseries/MSAGAT-Net.nhs_timeseries.w-20.h-7.none.seed-42.with_adj.loggrowth.quant.exp-nodecay-regpre-renewal_lag0.renewal.npz,save_attn/MSAGAT-Net.nhs_timeseries.w-20.h-7.none.seed-42.with_adj.loggrowth.quant.exp-nodecay-regpre-renewal_lag0.renewal.pt,,manifest_missing
MSAGAT-Net.nhs_timeseries.w-20.h-7.none.seed-42.with_adj.loggrowth.quant.exp-nodecay-regpre-renewres-renewal_lag0.renewal7,MSAGAT-Net,current,nhs_timeseries,7,42,20,none,True,default,loggrowth,True,,nodecay-regpre-renewres-renewal_lag0,True,7,,,MSAGAT-Net.loggrowth.quant.exp-nodecay-regpre-renewres-renewal_lag0.renewal7,179,5.471371,5.471371,True,True,,,,,20260819_115350,report/predictions/nhs_timeseries/MSAGAT-Net.nhs_timeseries.w-20.h-7.none.seed-42.with_adj.loggrowth.quant.exp-nodecay-regpre-renewres-renewal_lag0.renewal7.npz,save_attn/MSAGAT-Net.nhs_timeseries.w-20.h-7.none.seed-42.with_adj.loggrowth.quant.exp-nodecay-regpre-renewres-renewal_lag0.renewal7.pt,,manifest_missing
MSAGAT-Net.nhs_timeseries.w-20.h-7.none.seed-42.with_adj.loggrowth.quant.exp-nodecay-regpre-renewres.renewal7,MSAGAT-Net,current,nhs_timeseries,7,42,20,none,True,default,loggrowth,True,,nodecay-regpre-renewres,True,7,,,MSAGAT-Net.loggrowth.quant.exp-nodecay-regpre-renewres.renewal7,179,5.326419,5.326419,True,True,,,,,20260819_120118,report/predictions/nhs_timeseries/MSAGAT-Net.nhs_timeseries.w-20.h-7.none.seed-42.with_adj.loggrowth.quant.exp-nodecay-regpre-renewres.renewal7.npz,save_attn/MSAGAT-Net.nhs_timeseries.w-20.h-7.none.seed-42.with_adj.loggrowth.quant.exp-nodecay-regpre-renewres.renewal7.pt,,manifest_missing
MSAGAT-Net.nhs_timeseries.w-20.h-7.none.seed-42.with_adj.loggrowth.quant.exp-nodecay-regpre-reniter-giunif.renewal7,MSAGAT-Net,current,nhs_timeseries,7,42,20,none,True,default,loggrowth,True,,nodecay-regpre-reniter-giunif,True,7,,,MSAGAT-Net.loggrowth.quant.exp-nodecay-regpre-reniter-giunif.renewal7,179,7.875894,7.875894,True,True,,,,,20260820_092320,report/predictions/nhs_timeseries/MSAGAT-Net.nhs_timeseries.w-20.h-7.none.seed-42.with_adj.loggrowth.quant.exp-nodecay-regpre-reniter-giunif.renewal7.npz,save_attn/MSAGAT-Net.nhs_timeseries.w-20.h-7.none.seed-42.with_adj.loggrowth.quant.exp-nodecay-regpre-reniter-giunif.renewal7.pt,,manifest_missing
MSAGAT-Net.nhs_timeseries.w-20.h-7.none.seed-42.with_adj.loggrowth.quant.exp-nodecay-regpre-reniter-renewres.renewal7,MSAGAT-Net,current,nhs_timeseries,7,42,20,none,True,default,loggrowth,True,,nodecay-regpre-reniter-renewres,True,7,,,MSAGAT-Net.loggrowth.quant.exp-nodecay-regpre-reniter-renewres.renewal7,179,5.460169,5.460169,True,True,,,,,20260820_041553,report/predictions/nhs_timeseries/MSAGAT-Net.nhs_timeseries.w-20.h-7.none.seed-42.with_adj.loggrowth.quant.exp-nodecay-regpre-reniter-renewres.renewal7.npz,save_attn/MSAGAT-Net.nhs_timeseries.w-20.h-7.none.seed-42.with_adj.loggrowth.quant.exp-nodecay-regpre-reniter-renewres.renewal7.pt,,manifest_missing
MSAGAT-Net.nhs_timeseries.w-20.h-7.none.seed-42.with_adj.loggrowth.quant.exp-nodecay-regpre-reniter.renewal14,MSAGAT-Net,current,nhs_timeseries,7,42,20,none,True,default,loggrowth,True,,nodecay-regpre-reniter,True,14,,,MSAGAT-Net.loggrowth.quant.exp-nodecay-regpre-reniter.renewal14,179,5.386297,5.386297,True,True,,,,,20260820_040703,report/predictions/nhs_timeseries/MSAGAT-Net.nhs_timeseries.w-20.h-7.none.seed-42.with_adj.loggrowth.quant.exp-nodecay-regpre-reniter.renewal14.npz,save_attn/MSAGAT-Net.nhs_timeseries.w-20.h-7.none.seed-42.with_adj.loggrowth.quant.exp-nodecay-regpre-reniter.renewal14.pt,,manifest_missing
MSAGAT-Net.nhs_timeseries.w-20.h-7.none.seed-42.with_adj.loggrowth.quant.exp-nodecay-regpre-reniter.renewal7.gifix5.2-1.72,MSAGAT-Net,current,nhs_timeseries,7,42,20,none,True,default,loggrowth,True,,nodecay-regpre-reniter,True,7,5.2-1.72,,MSAGAT-Net.loggrowth.quant.exp-nodecay-regpre-reniter.renewal7.gifix5.2-1.72,179,6.888319,6.888319,True,True,,,,,20260820_102746,report/predictions/nhs_timeseries/MSAGAT-Net.nhs_timeseries.w-20.h-7.none.seed-42.with_adj.loggrowth.quant.exp-nodecay-regpre-reniter.renewal7.gifix5.2-1.72.npz,save_attn/MSAGAT-Net.nhs_timeseries.w-20.h-7.none.seed-42.with_adj.loggrowth.quant.exp-nodecay-regpre-reniter.renewal7.gifix5.2-1.72.pt,,manifest_missing
MSAGAT-Net.nhs_timeseries.w-20.h-7.none.seed-42.with_adj.loggrowth.quant.exp-nodecay-regpre-reniter.renewal7,MSAGAT-Net,current,nhs_timeseries,7,42,20,none,True,default,loggrowth,True,,nodecay-regpre-reniter,True,7,,,MSAGAT-Net.loggrowth.quant.exp-nodecay-regpre-reniter.renewal7,179,6.139187,6.139187,True,True,,,,,20260820_022016,report/predictions/nhs_timeseries/MSAGAT-Net.nhs_timeseries.w-20.h-7.none.seed-42.with_adj.loggrowth.quant.exp-nodecay-regpre-reniter.renewal7.npz,save_attn/MSAGAT-Net.nhs_timeseries.w-20.h-7.none.seed-42.with_adj.loggrowth.quant.exp-nodecay-regpre-reniter.renewal7.pt,,manifest_missing
MSAGAT-Net.nhs_timeseries.w-20.h-7.none.seed-42.with_adj.loggrowth.quant.exp-nodecay-regpre-scorenorm,MSAGAT-Net,current,nhs_timeseries,7,42,20,none,True,default,loggrowth,True,,nodecay-regpre-scorenorm,False,,,,MSAGAT-Net.loggrowth.quant.exp-nodecay-regpre-scorenorm,179,5.579328,5.579328,True,True,,,,,20260819_071516,report/predictions/nhs_timeseries/MSAGAT-Net.nhs_timeseries.w-20.h-7.none.seed-42.with_adj.loggrowth.quant.exp-nodecay-regpre-scorenorm.npz,save_attn/MSAGAT-Net.nhs_timeseries.w-20.h-7.none.seed-42.with_adj.loggrowth.quant.exp-nodecay-regpre-scorenorm.pt,,manifest_missing
MSAGAT-Net.nhs_timeseries.w-20.h-7.none.seed-42.with_adj.loggrowth.quant.exp-nodecay-regpre-temp,MSAGAT-Net,current,nhs_timeseries,7,42,20,none,True,default,loggrowth,True,,nodecay-regpre-temp,False,,,,MSAGAT-Net.loggrowth.quant.exp-nodecay-regpre-temp,179,5.341357,5.341357,True,True,,,,,20260819_024115,report/predictions/nhs_timeseries/MSAGAT-Net.nhs_timeseries.w-20.h-7.none.seed-42.with_adj.loggrowth.quant.exp-nodecay-regpre-temp.npz,save_attn/MSAGAT-Net.nhs_timeseries.w-20.h-7.none.seed-42.with_adj.loggrowth.quant.exp-nodecay-regpre-temp.pt,,manifest_missing
MSAGAT-Net.nhs_timeseries.w-20.h-7.none.seed-42.with_adj.loggrowth.quant.exp-nodecay-regpre,MSAGAT-Net,current,nhs_timeseries,7,42,20,none,True,default,loggrowth,True,,nodecay-regpre,False,,,,MSAGAT-Net.loggrowth.quant.exp-nodecay-regpre,179,5.234611,5.234611,True,True,,,,,20260819_020633,report/predictions/nhs_timeseries/MSAGAT-Net.nhs_timeseries.w-20.h-7.none.seed-42.with_adj.loggrowth.quant.exp-nodecay-regpre.npz,save_attn/MSAGAT-Net.nhs_timeseries.w-20.h-7.none.seed-42.with_adj.loggrowth.quant.exp-nodecay-regpre.pt,,manifest_missing
MSAGAT-Net.nhs_timeseries.w-20.h-7.none.seed-42.with_adj.loggrowth.quant.exp-nodecay-regpre.renewal,MSAGAT-Net,current,nhs_timeseries,7,42,20,none,True,default,loggrowth,True,,nodecay-regpre,True,,,,MSAGAT-Net.loggrowth.quant.exp-nodecay-regpre.renewal,179,5.105458,5.105458,True,True,,,,,20260819_075745,report/predictions/nhs_timeseries/MSAGAT-Net.nhs_timeseries.w-20.h-7.none.seed-42.with_adj.loggrowth.quant.exp-nodecay-regpre.renewal.npz,save_attn/MSAGAT-Net.nhs_timeseries.w-20.h-7.none.seed-42.with_adj.loggrowth.quant.exp-nodecay-regpre.renewal.pt,,manifest_missing
MSAGAT-Net.nhs_timeseries.w-20.h-7.none.seed-42.with_adj.loggrowth.quant.exp-nodecay-regpre.renewal21,MSAGAT-Net,current,nhs_timeseries,7,42,20,none,True,default,loggrowth,True,,nodecay-regpre,True,21,,,MSAGAT-Net.loggrowth.quant.exp-nodecay-regpre.renewal21,179,5.6196,5.6196,True,True,,,,,20260819_114205,report/predictions/nhs_timeseries/MSAGAT-Net.nhs_timeseries.w-20.h-7.none.seed-42.with_adj.loggrowth.quant.exp-nodecay-regpre.renewal21.npz,save_attn/MSAGAT-Net.nhs_timeseries.w-20.h-7.none.seed-42.with_adj.loggrowth.quant.exp-nodecay-regpre.renewal21.pt,,manifest_missing
MSAGAT-Net.nhs_timeseries.w-20.h-7.none.seed-42.with_adj.loggrowth.quant.exp-nodecay-regpre.renewal7,MSAGAT-Net,current,nhs_timeseries,7,42,20,none,True,default,loggrowth,True,,nodecay-regpre,True,7,,,MSAGAT-Net.loggrowth.quant.exp-nodecay-regpre.renewal7,179,5.312538,5.312538,True,True,,,,,20260819_113229,report/predictions/nhs_timeseries/MSAGAT-Net.nhs_timeseries.w-20.h-7.none.seed-42.with_adj.loggrowth.quant.exp-nodecay-regpre.renewal7.npz,save_attn/MSAGAT-Net.nhs_timeseries.w-20.h-7.none.seed-42.with_adj.loggrowth.quant.exp-nodecay-regpre.renewal7.pt,,manifest_missing
MSAGAT-Net.nhs_timeseries.w-20.h-7.none.seed-42.with_adj.loggrowth.quant,MSAGAT-Net,current,nhs_timeseries,7,42,20,none,True,default,loggrowth,True,,,False,,,,MSAGAT-Net.loggrowth.quant,179,5.298949,5.298949,True,True,,,,,20260814_032557,report/predictions/nhs_timeseries/MSAGAT-Net.nhs_timeseries.w-20.h-7.none.seed-42.with_adj.loggrowth.quant.npz,save_all/MSAGAT-Net.nhs_timeseries.w-20.h-7.none.seed-42.with_adj.loggrowth.quant.pt,,manifest_missing
MSAGAT-Net.nhs_timeseries.w-20.h-7.none.seed-42.with_adj,MSAGAT-Net,current,nhs_timeseries,7,42,20,none,True,default,level,False,,,False,,,,MSAGAT-Net,179,6.314915,6.314915,True,False,,,,,20260811_091304,report/predictions/nhs_timeseries/MSAGAT-Net.nhs_timeseries.w-20.h-7.none.seed-42.with_adj.npz,save_all/MSAGAT-Net.nhs_timeseries.w-20.h-7.none.seed-42.with_adj.pt,,manifest_missing
MSAGAT-Net.nhs_timeseries.w-20.h-7.none.seed-42.with_adj.pprm-multistep,MSAGAT-Net,current,nhs_timeseries,7,42,20,none,True,default,level,False,,,False,,,,MSAGAT-Net.pprm-multistep,179,6.025782,6.025782,False,False,,,,,20260811_025254,report/predictions/nhs_timeseries/MSAGAT-Net.nhs_timeseries.w-20.h-7.none.seed-42.with_adj.pprm-multistep.npz,save_all/MSAGAT-Net.nhs_timeseries.w-20.h-7.none.seed-42.with_adj.pprm-multistep.pt,,manifest_missing
MSAGAT-Net.nhs_timeseries.w-20.h-7.none.seed-42.with_adj.pprm-multistep.sgate,MSAGAT-Net,current,nhs_timeseries,7,42,20,none,True,default,level,False,,,False,,,,MSAGAT-Net.pprm-multistep.sgate,179,6.842301,6.842301,False,False,,,,,20260811_033921,report/predictions/nhs_timeseries/MSAGAT-Net.nhs_timeseries.w-20.h-7.none.seed-42.with_adj.pprm-multistep.sgate.npz,save_all/MSAGAT-Net.nhs_timeseries.w-20.h-7.none.seed-42.with_adj.pprm-multistep.sgate.pt,,manifest_missing
MSAGAT-Net.nhs_timeseries.w-20.h-7.none.seed-42.with_adj.sgate,MSAGAT-Net,current,nhs_timeseries,7,42,20,none,True,default,level,False,,,False,,,,MSAGAT-Net.sgate,179,6.528181,6.528181,False,False,,,,,20260811_031748,report/predictions/nhs_timeseries/MSAGAT-Net.nhs_timeseries.w-20.h-7.none.seed-42.with_adj.sgate.npz,save_all/MSAGAT-Net.nhs_timeseries.w-20.h-7.none.seed-42.with_adj.sgate.pt,,manifest_missing
MSAGAT-Net.nhs_timeseries.w-20.h-7.none.seed-45.with_adj.loggrowth,MSAGAT-Net,current,nhs_timeseries,7,45,20,none,True,default,loggrowth,False,,,False,,,,MSAGAT-Net.loggrowth,179,6.657715,6.657715,True,False,,,,,20260811_045331,report/predictions/nhs_timeseries/MSAGAT-Net.nhs_timeseries.w-20.h-7.none.seed-45.with_adj.loggrowth.npz,save_all/MSAGAT-Net.nhs_timeseries.w-20.h-7.none.seed-45.with_adj.loggrowth.pt,,manifest_missing
MSAGAT-Net.nhs_timeseries.w-20.h-7.none.seed-45.with_adj.loggrowth.quant.attnfix,MSAGAT-Net,current,nhs_timeseries,7,45,20,none,True,default,loggrowth,True,,,False,,,,MSAGAT-Net.loggrowth.quant.attnfix,179,6.031786,6.031786,True,True,,,,,20260819_013817,report/predictions/nhs_timeseries/MSAGAT-Net.nhs_timeseries.w-20.h-7.none.seed-45.with_adj.loggrowth.quant.attnfix.npz,save_all/MSAGAT-Net.nhs_timeseries.w-20.h-7.none.seed-45.with_adj.loggrowth.quant.attnfix.pt,,manifest_missing
MSAGAT-Net.nhs_timeseries.w-20.h-7.none.seed-45.with_adj.loggrowth.quant.exp-nodecay-regpre-reniter-giunif.renewal7,MSAGAT-Net,current,nhs_timeseries,7,45,20,none,True,default,loggrowth,True,,nodecay-regpre-reniter-giunif,True,7,,,MSAGAT-Net.loggrowth.quant.exp-nodecay-regpre-reniter-giunif.renewal7,179,8.266473,8.266473,True,True,,,,,20260820_145552,report/predictions/nhs_timeseries/MSAGAT-Net.nhs_timeseries.w-20.h-7.none.seed-45.with_adj.loggrowth.quant.exp-nodecay-regpre-reniter-giunif.renewal7.npz,save_renewal/MSAGAT-Net.nhs_timeseries.w-20.h-7.none.seed-45.with_adj.loggrowth.quant.exp-nodecay-regpre-reniter-giunif.renewal7.pt,,manifest_missing
MSAGAT-Net.nhs_timeseries.w-20.h-7.none.seed-45.with_adj.loggrowth.quant.exp-nodecay-regpre-reniter.renewal7.gifix5.2-1.72,MSAGAT-Net,current,nhs_timeseries,7,45,20,none,True,default,loggrowth,True,,nodecay-regpre-reniter,True,7,5.2-1.72,,MSAGAT-Net.loggrowth.quant.exp-nodecay-regpre-reniter.renewal7.gifix5.2-1.72,179,6.919629,6.919629,True,True,,,,,20260820_150342,report/predictions/nhs_timeseries/MSAGAT-Net.nhs_timeseries.w-20.h-7.none.seed-45.with_adj.loggrowth.quant.exp-nodecay-regpre-reniter.renewal7.gifix5.2-1.72.npz,save_renewal/MSAGAT-Net.nhs_timeseries.w-20.h-7.none.seed-45.with_adj.loggrowth.quant.exp-nodecay-regpre-reniter.renewal7.gifix5.2-1.72.pt,,manifest_missing
MSAGAT-Net.nhs_timeseries.w-20.h-7.none.seed-45.with_adj.loggrowth.quant.exp-nodecay-regpre-reniter.renewal7,MSAGAT-Net,current,nhs_timeseries,7,45,20,none,True,default,loggrowth,True,,nodecay-regpre-reniter,True,7,,,MSAGAT-Net.loggrowth.quant.exp-nodecay-regpre-reniter.renewal7,179,6.128706,6.128706,True,True,,,,,20260820_144854,report/predictions/nhs_timeseries/MSAGAT-Net.nhs_timeseries.w-20.h-7.none.seed-45.with_adj.loggrowth.quant.exp-nodecay-regpre-reniter.renewal7.npz,save_renewal/MSAGAT-Net.nhs_timeseries.w-20.h-7.none.seed-45.with_adj.loggrowth.quant.exp-nodecay-regpre-reniter.renewal7.pt,,manifest_missing
MSAGAT-Net.nhs_timeseries.w-20.h-7.none.seed-45.with_adj.loggrowth.quant.exp-nodecay-regpre,MSAGAT-Net,current,nhs_timeseries,7,45,20,none,True,default,loggrowth,True,,nodecay-regpre,False,,,,MSAGAT-Net.loggrowth.quant.exp-nodecay-regpre,179,5.913623,5.913623,True,True,,,,,20260819_080315,report/predictions/nhs_timeseries/MSAGAT-Net.nhs_timeseries.w-20.h-7.none.seed-45.with_adj.loggrowth.quant.exp-nodecay-regpre.npz,save_all/MSAGAT-Net.nhs_timeseries.w-20.h-7.none.seed-45.with_adj.loggrowth.quant.exp-nodecay-regpre.pt,,manifest_missing
MSAGAT-Net.nhs_timeseries.w-20.h-7.none.seed-45.with_adj.loggrowth.quant,MSAGAT-Net,current,nhs_timeseries,7,45,20,none,True,default,loggrowth,True,,,False,,,,MSAGAT-Net.loggrowth.quant,179,6.945017,6.945017,True,True,,,,,20260814_032608,report/predictions/nhs_timeseries/MSAGAT-Net.nhs_timeseries.w-20.h-7.none.seed-45.with_adj.loggrowth.quant.npz,save_all/MSAGAT-Net.nhs_timeseries.w-20.h-7.none.seed-45.with_adj.loggrowth.quant.pt,,manifest_missing
MSAGAT-Net.nhs_timeseries.w-20.h-7.none.seed-45.with_adj,MSAGAT-Net,current,nhs_timeseries,7,45,20,none,True,default,level,False,,,False,,,,MSAGAT-Net,179,7.291242,7.291242,True,False,,,,,20260811_091326,report/predictions/nhs_timeseries/MSAGAT-Net.nhs_timeseries.w-20.h-7.none.seed-45.with_adj.npz,save_all/MSAGAT-Net.nhs_timeseries.w-20.h-7.none.seed-45.with_adj.pt,,manifest_missing
MSAGAT-Net.nhs_timeseries.w-20.h-7.none.seed-45.with_adj.pprm-multistep,MSAGAT-Net,current,nhs_timeseries,7,45,20,none,True,default,level,False,,,False,,,,MSAGAT-Net.pprm-multistep,179,7.537117,7.537117,False,False,,,,,20260811_025557,report/predictions/nhs_timeseries/MSAGAT-Net.nhs_timeseries.w-20.h-7.none.seed-45.with_adj.pprm-multistep.npz,save_all/MSAGAT-Net.nhs_timeseries.w-20.h-7.none.seed-45.with_adj.pprm-multistep.pt,,manifest_missing
MSAGAT-Net.nhs_timeseries.w-20.h-7.none.seed-45.with_adj.pprm-multistep.sgate,MSAGAT-Net,current,nhs_timeseries,7,45,20,none,True,default,level,False,,,False,,,,MSAGAT-Net.pprm-multistep.sgate,179,7.385859,7.385858,False,False,,,,,20260811_034213,report/predictions/nhs_timeseries/MSAGAT-Net.nhs_timeseries.w-20.h-7.none.seed-45.with_adj.pprm-multistep.sgate.npz,save_all/MSAGAT-Net.nhs_timeseries.w-20.h-7.none.seed-45.with_adj.pprm-multistep.sgate.pt,,manifest_missing
MSAGAT-Net.nhs_timeseries.w-20.h-7.none.seed-45.with_adj.sgate,MSAGAT-Net,current,nhs_timeseries,7,45,20,none,True,default,level,False,,,False,,,,MSAGAT-Net.sgate,179,8.234131,8.234131,False,False,,,,,20260811_032057,report/predictions/nhs_timeseries/MSAGAT-Net.nhs_timeseries.w-20.h-7.none.seed-45.with_adj.sgate.npz,save_all/MSAGAT-Net.nhs_timeseries.w-20.h-7.none.seed-45.with_adj.sgate.pt,,manifest_missing
cola_gnn.nhs_timeseries.w-20.h-14.none.seed-1000,cola_gnn,current,nhs_timeseries,14,1000,20,none,,,,,,,,,,,cola_gnn,179,12.882812,,False,False,,,,,,report/predictions/nhs_timeseries/cola_gnn.nhs_timeseries.w-20.h-14.none.seed-1000.npz,,,ok
cola_gnn.nhs_timeseries.w-20.h-14.none.seed-123,cola_gnn,current,nhs_timeseries,14,123,20,none,,,,,,,,,,,cola_gnn,179,11.730466,,False,False,,,,,,report/predictions/nhs_timeseries/cola_gnn.nhs_timeseries.w-20.h-14.none.seed-123.npz,,,ok
cola_gnn.nhs_timeseries.w-20.h-14.none.seed-30,cola_gnn,current,nhs_timeseries,14,30,20,none,,,,,,,,,,,cola_gnn,179,9.288046,,False,False,,,,,,report/predictions/nhs_timeseries/cola_gnn.nhs_timeseries.w-20.h-14.none.seed-30.npz,,,ok
cola_gnn.nhs_timeseries.w-20.h-14.none.seed-42,cola_gnn,current,nhs_timeseries,14,42,20,none,,,,,,,,,,,cola_gnn,179,12.946012,,False,False,,,,,,report/predictions/nhs_timeseries/cola_gnn.nhs_timeseries.w-20.h-14.none.seed-42.npz,,,ok
cola_gnn.nhs_timeseries.w-20.h-14.none.seed-42.oldckpt,cola_gnn,oldckpt,nhs_timeseries,14,42,20,none,,,,,,,,,,,cola_gnn,166,12.339001,,False,False,,,,,,report/predictions/nhs_timeseries/cola_gnn.nhs_timeseries.w-20.h-14.none.seed-42.oldckpt.npz,,,ok
cola_gnn.nhs_timeseries.w-20.h-14.none.seed-45,cola_gnn,current,nhs_timeseries,14,45,20,none,,,,,,,,,,,cola_gnn,179,13.903901,,False,False,,,,,,report/predictions/nhs_timeseries/cola_gnn.nhs_timeseries.w-20.h-14.none.seed-45.npz,,,ok
cola_gnn.nhs_timeseries.w-20.h-3.none.seed-1000,cola_gnn,current,nhs_timeseries,3,1000,20,none,,,,,,,,,,,cola_gnn,179,2.282299,,False,False,,,,,,report/predictions/nhs_timeseries/cola_gnn.nhs_timeseries.w-20.h-3.none.seed-1000.npz,,,ok
cola_gnn.nhs_timeseries.w-20.h-3.none.seed-123,cola_gnn,current,nhs_timeseries,3,123,20,none,,,,,,,,,,,cola_gnn,179,2.347185,,False,False,,,,,,report/predictions/nhs_timeseries/cola_gnn.nhs_timeseries.w-20.h-3.none.seed-123.npz,,,ok
cola_gnn.nhs_timeseries.w-20.h-3.none.seed-30,cola_gnn,current,nhs_timeseries,3,30,20,none,,,,,,,,,,,cola_gnn,179,2.380476,,False,False,,,,,,report/predictions/nhs_timeseries/cola_gnn.nhs_timeseries.w-20.h-3.none.seed-30.npz,,,ok
cola_gnn.nhs_timeseries.w-20.h-3.none.seed-42,cola_gnn,current,nhs_timeseries,3,42,20,none,,,,,,,,,,,cola_gnn,179,2.363244,,False,False,,,,,,report/predictions/nhs_timeseries/cola_gnn.nhs_timeseries.w-20.h-3.none.seed-42.npz,,,ok
cola_gnn.nhs_timeseries.w-20.h-3.none.seed-42.oldckpt,cola_gnn,oldckpt,nhs_timeseries,3,42,20,none,,,,,,,,,,,cola_gnn,177,2.333238,,False,False,,,,,,report/predictions/nhs_timeseries/cola_gnn.nhs_timeseries.w-20.h-3.none.seed-42.oldckpt.npz,,,ok
cola_gnn.nhs_timeseries.w-20.h-3.none.seed-45,cola_gnn,current,nhs_timeseries,3,45,20,none,,,,,,,,,,,cola_gnn,179,2.21084,,False,False,,,,,,report/predictions/nhs_timeseries/cola_gnn.nhs_timeseries.w-20.h-3.none.seed-45.npz,,,ok
cola_gnn.nhs_timeseries.w-20.h-7.none.seed-1000,cola_gnn,current,nhs_timeseries,7,1000,20,none,,,,,,,,,,,cola_gnn,179,5.532055,,False,False,,,,,,report/predictions/nhs_timeseries/cola_gnn.nhs_timeseries.w-20.h-7.none.seed-1000.npz,,,ok
cola_gnn.nhs_timeseries.w-20.h-7.none.seed-123,cola_gnn,current,nhs_timeseries,7,123,20,none,,,,,,,,,,,cola_gnn,179,6.594502,,False,False,,,,,,report/predictions/nhs_timeseries/cola_gnn.nhs_timeseries.w-20.h-7.none.seed-123.npz,,,ok
cola_gnn.nhs_timeseries.w-20.h-7.none.seed-30,cola_gnn,current,nhs_timeseries,7,30,20,none,,,,,,,,,,,cola_gnn,179,5.735244,,False,False,,,,,,report/predictions/nhs_timeseries/cola_gnn.nhs_timeseries.w-20.h-7.none.seed-30.npz,,,ok
cola_gnn.nhs_timeseries.w-20.h-7.none.seed-42,cola_gnn,current,nhs_timeseries,7,42,20,none,,,,,,,,,,,cola_gnn,179,5.988148,,False,False,,,,,,report/predictions/nhs_timeseries/cola_gnn.nhs_timeseries.w-20.h-7.none.seed-42.npz,,,ok
cola_gnn.nhs_timeseries.w-20.h-7.none.seed-42.oldckpt,cola_gnn,oldckpt,nhs_timeseries,7,42,20,none,,,,,,,,,,,cola_gnn,173,14.751466,,False,False,,,,,,report/predictions/nhs_timeseries/cola_gnn.nhs_timeseries.w-20.h-7.none.seed-42.oldckpt.npz,,,ok
cola_gnn.nhs_timeseries.w-20.h-7.none.seed-45,cola_gnn,current,nhs_timeseries,7,45,20,none,,,,,,,,,,,cola_gnn,179,6.292133,,False,False,,,,,,report/predictions/nhs_timeseries/cola_gnn.nhs_timeseries.w-20.h-7.none.seed-45.npz,,,ok
cola_gnn_lg.nhs_timeseries.w-20.h-14.none.seed-1000,cola_gnn_lg,current,nhs_timeseries,14,1000,20,none,,,,,,,,,,,cola_gnn_lg,179,9.86564,,False,False,,,,,,report/predictions/nhs_timeseries/cola_gnn_lg.nhs_timeseries.w-20.h-14.none.seed-1000.npz,,,ok
cola_gnn_lg.nhs_timeseries.w-20.h-14.none.seed-123,cola_gnn_lg,current,nhs_timeseries,14,123,20,none,,,,,,,,,,,cola_gnn_lg,179,10.654179,,False,False,,,,,,report/predictions/nhs_timeseries/cola_gnn_lg.nhs_timeseries.w-20.h-14.none.seed-123.npz,,,ok
cola_gnn_lg.nhs_timeseries.w-20.h-14.none.seed-30,cola_gnn_lg,current,nhs_timeseries,14,30,20,none,,,,,,,,,,,cola_gnn_lg,179,9.301014,,False,False,,,,,,report/predictions/nhs_timeseries/cola_gnn_lg.nhs_timeseries.w-20.h-14.none.seed-30.npz,,,ok
cola_gnn_lg.nhs_timeseries.w-20.h-14.none.seed-42,cola_gnn_lg,current,nhs_timeseries,14,42,20,none,,,,,,,,,,,cola_gnn_lg,179,11.842433,,False,False,,,,,,report/predictions/nhs_timeseries/cola_gnn_lg.nhs_timeseries.w-20.h-14.none.seed-42.npz,,,ok
cola_gnn_lg.nhs_timeseries.w-20.h-14.none.seed-45,cola_gnn_lg,current,nhs_timeseries,14,45,20,none,,,,,,,,,,,cola_gnn_lg,179,10.777658,,False,False,,,,,,report/predictions/nhs_timeseries/cola_gnn_lg.nhs_timeseries.w-20.h-14.none.seed-45.npz,,,ok
cola_gnn_lg.nhs_timeseries.w-20.h-3.none.seed-1000,cola_gnn_lg,current,nhs_timeseries,3,1000,20,none,,,,,,,,,,,cola_gnn_lg,179,2.917332,,False,False,,,,,,report/predictions/nhs_timeseries/cola_gnn_lg.nhs_timeseries.w-20.h-3.none.seed-1000.npz,,,ok
cola_gnn_lg.nhs_timeseries.w-20.h-3.none.seed-123,cola_gnn_lg,current,nhs_timeseries,3,123,20,none,,,,,,,,,,,cola_gnn_lg,179,2.964846,,False,False,,,,,,report/predictions/nhs_timeseries/cola_gnn_lg.nhs_timeseries.w-20.h-3.none.seed-123.npz,,,ok
cola_gnn_lg.nhs_timeseries.w-20.h-3.none.seed-30,cola_gnn_lg,current,nhs_timeseries,3,30,20,none,,,,,,,,,,,cola_gnn_lg,179,2.968414,,False,False,,,,,,report/predictions/nhs_timeseries/cola_gnn_lg.nhs_timeseries.w-20.h-3.none.seed-30.npz,,,ok
cola_gnn_lg.nhs_timeseries.w-20.h-3.none.seed-42,cola_gnn_lg,current,nhs_timeseries,3,42,20,none,,,,,,,,,,,cola_gnn_lg,179,3.301902,,False,False,,,,,,report/predictions/nhs_timeseries/cola_gnn_lg.nhs_timeseries.w-20.h-3.none.seed-42.npz,,,ok
cola_gnn_lg.nhs_timeseries.w-20.h-3.none.seed-45,cola_gnn_lg,current,nhs_timeseries,3,45,20,none,,,,,,,,,,,cola_gnn_lg,179,3.447552,,False,False,,,,,,report/predictions/nhs_timeseries/cola_gnn_lg.nhs_timeseries.w-20.h-3.none.seed-45.npz,,,ok
cola_gnn_lg.nhs_timeseries.w-20.h-7.none.seed-1000,cola_gnn_lg,current,nhs_timeseries,7,1000,20,none,,,,,,,,,,,cola_gnn_lg,179,5.781018,,False,False,,,,,,report/predictions/nhs_timeseries/cola_gnn_lg.nhs_timeseries.w-20.h-7.none.seed-1000.npz,,,ok
cola_gnn_lg.nhs_timeseries.w-20.h-7.none.seed-123,cola_gnn_lg,current,nhs_timeseries,7,123,20,none,,,,,,,,,,,cola_gnn_lg,179,5.528429,,False,False,,,,,,report/predictions/nhs_timeseries/cola_gnn_lg.nhs_timeseries.w-20.h-7.none.seed-123.npz,,,ok
cola_gnn_lg.nhs_timeseries.w-20.h-7.none.seed-30,cola_gnn_lg,current,nhs_timeseries,7,30,20,none,,,,,,,,,,,cola_gnn_lg,179,5.993742,,False,False,,,,,,report/predictions/nhs_timeseries/cola_gnn_lg.nhs_timeseries.w-20.h-7.none.seed-30.npz,,,ok
cola_gnn_lg.nhs_timeseries.w-20.h-7.none.seed-42,cola_gnn_lg,current,nhs_timeseries,7,42,20,none,,,,,,,,,,,cola_gnn_lg,179,6.153383,,False,False,,,,,,report/predictions/nhs_timeseries/cola_gnn_lg.nhs_timeseries.w-20.h-7.none.seed-42.npz,,,ok
cola_gnn_lg.nhs_timeseries.w-20.h-7.none.seed-45,cola_gnn_lg,current,nhs_timeseries,7,45,20,none,,,,,,,,,,,cola_gnn_lg,179,5.953272,,False,False,,,,,,report/predictions/nhs_timeseries/cola_gnn_lg.nhs_timeseries.w-20.h-7.none.seed-45.npz,,,ok
dcrnn.nhs_timeseries.w-20.h-14.none.seed-1000,dcrnn,current,nhs_timeseries,14,1000,20,none,,,,,,,,,,,dcrnn,179,11.640321,,False,False,,,,,,report/predictions/nhs_timeseries/dcrnn.nhs_timeseries.w-20.h-14.none.seed-1000.npz,,,ok
dcrnn.nhs_timeseries.w-20.h-14.none.seed-123,dcrnn,current,nhs_timeseries,14,123,20,none,,,,,,,,,,,dcrnn,179,11.836919,,False,False,,,,,,report/predictions/nhs_timeseries/dcrnn.nhs_timeseries.w-20.h-14.none.seed-123.npz,,,ok
dcrnn.nhs_timeseries.w-20.h-14.none.seed-30,dcrnn,current,nhs_timeseries,14,30,20,none,,,,,,,,,,,dcrnn,179,14.909741,,False,False,,,,,,report/predictions/nhs_timeseries/dcrnn.nhs_timeseries.w-20.h-14.none.seed-30.npz,,,ok
dcrnn.nhs_timeseries.w-20.h-14.none.seed-42,dcrnn,current,nhs_timeseries,14,42,20,none,,,,,,,,,,,dcrnn,179,12.739183,,False,False,,,,,,report/predictions/nhs_timeseries/dcrnn.nhs_timeseries.w-20.h-14.none.seed-42.npz,,,ok
dcrnn.nhs_timeseries.w-20.h-14.none.seed-42.oldckpt,dcrnn,oldckpt,nhs_timeseries,14,42,20,none,,,,,,,,,,,dcrnn,166,9.919394,,False,False,,,,,,report/predictions/nhs_timeseries/dcrnn.nhs_timeseries.w-20.h-14.none.seed-42.oldckpt.npz,,,ok
dcrnn.nhs_timeseries.w-20.h-14.none.seed-45,dcrnn,current,nhs_timeseries,14,45,20,none,,,,,,,,,,,dcrnn,179,11.495504,,False,False,,,,,,report/predictions/nhs_timeseries/dcrnn.nhs_timeseries.w-20.h-14.none.seed-45.npz,,,ok
dcrnn.nhs_timeseries.w-20.h-3.none.seed-1000,dcrnn,current,nhs_timeseries,3,1000,20,none,,,,,,,,,,,dcrnn,179,4.611727,,False,False,,,,,,report/predictions/nhs_timeseries/dcrnn.nhs_timeseries.w-20.h-3.none.seed-1000.npz,,,ok
dcrnn.nhs_timeseries.w-20.h-3.none.seed-123,dcrnn,current,nhs_timeseries,3,123,20,none,,,,,,,,,,,dcrnn,179,4.018821,,False,False,,,,,,report/predictions/nhs_timeseries/dcrnn.nhs_timeseries.w-20.h-3.none.seed-123.npz,,,ok
dcrnn.nhs_timeseries.w-20.h-3.none.seed-30,dcrnn,current,nhs_timeseries,3,30,20,none,,,,,,,,,,,dcrnn,179,3.996177,,False,False,,,,,,report/predictions/nhs_timeseries/dcrnn.nhs_timeseries.w-20.h-3.none.seed-30.npz,,,ok
dcrnn.nhs_timeseries.w-20.h-3.none.seed-42,dcrnn,current,nhs_timeseries,3,42,20,none,,,,,,,,,,,dcrnn,179,4.963289,,False,False,,,,,,report/predictions/nhs_timeseries/dcrnn.nhs_timeseries.w-20.h-3.none.seed-42.npz,,,ok
dcrnn.nhs_timeseries.w-20.h-3.none.seed-42.oldckpt,dcrnn,oldckpt,nhs_timeseries,3,42,20,none,,,,,,,,,,,dcrnn,177,4.50383,,False,False,,,,,,report/predictions/nhs_timeseries/dcrnn.nhs_timeseries.w-20.h-3.none.seed-42.oldckpt.npz,,,ok
dcrnn.nhs_timeseries.w-20.h-3.none.seed-45,dcrnn,current,nhs_timeseries,3,45,20,none,,,,,,,,,,,dcrnn,179,3.747298,,False,False,,,,,,report/predictions/nhs_timeseries/dcrnn.nhs_timeseries.w-20.h-3.none.seed-45.npz,,,ok
dcrnn.nhs_timeseries.w-20.h-7.none.seed-1000,dcrnn,current,nhs_timeseries,7,1000,20,none,,,,,,,,,,,dcrnn,179,7.47422,,False,False,,,,,,report/predictions/nhs_timeseries/dcrnn.nhs_timeseries.w-20.h-7.none.seed-1000.npz,,,ok
dcrnn.nhs_timeseries.w-20.h-7.none.seed-123,dcrnn,current,nhs_timeseries,7,123,20,none,,,,,,,,,,,dcrnn,179,6.013013,,False,False,,,,,,report/predictions/nhs_timeseries/dcrnn.nhs_timeseries.w-20.h-7.none.seed-123.npz,,,ok
dcrnn.nhs_timeseries.w-20.h-7.none.seed-30,dcrnn,current,nhs_timeseries,7,30,20,none,,,,,,,,,,,dcrnn,179,6.689773,,False,False,,,,,,report/predictions/nhs_timeseries/dcrnn.nhs_timeseries.w-20.h-7.none.seed-30.npz,,,ok
dcrnn.nhs_timeseries.w-20.h-7.none.seed-42,dcrnn,current,nhs_timeseries,7,42,20,none,,,,,,,,,,,dcrnn,179,10.05032,,False,False,,,,,,report/predictions/nhs_timeseries/dcrnn.nhs_timeseries.w-20.h-7.none.seed-42.npz,,,ok
dcrnn.nhs_timeseries.w-20.h-7.none.seed-42.oldckpt,dcrnn,oldckpt,nhs_timeseries,7,42,20,none,,,,,,,,,,,dcrnn,173,7.515789,,False,False,,,,,,report/predictions/nhs_timeseries/dcrnn.nhs_timeseries.w-20.h-7.none.seed-42.oldckpt.npz,,,ok
dcrnn.nhs_timeseries.w-20.h-7.none.seed-45,dcrnn,current,nhs_timeseries,7,45,20,none,,,,,,,,,,,dcrnn,179,6.177984,,False,False,,,,,,report/predictions/nhs_timeseries/dcrnn.nhs_timeseries.w-20.h-7.none.seed-45.npz,,,ok
epignn.nhs_timeseries.w-20.h-14.none.seed-1000,epignn,current,nhs_timeseries,14,1000,20,none,,,,,,,,,,,epignn,179,9.170849,,False,False,,,,,,report/predictions/nhs_timeseries/epignn.nhs_timeseries.w-20.h-14.none.seed-1000.npz,,,ok
epignn.nhs_timeseries.w-20.h-14.none.seed-123,epignn,current,nhs_timeseries,14,123,20,none,,,,,,,,,,,epignn,179,16.169048,,False,False,,,,,,report/predictions/nhs_timeseries/epignn.nhs_timeseries.w-20.h-14.none.seed-123.npz,,,ok
epignn.nhs_timeseries.w-20.h-14.none.seed-30,epignn,current,nhs_timeseries,14,30,20,none,,,,,,,,,,,epignn,179,11.155683,,False,False,,,,,,report/predictions/nhs_timeseries/epignn.nhs_timeseries.w-20.h-14.none.seed-30.npz,,,ok
epignn.nhs_timeseries.w-20.h-14.none.seed-42,epignn,current,nhs_timeseries,14,42,20,none,,,,,,,,,,,epignn,179,13.161636,,False,False,,,,,,report/predictions/nhs_timeseries/epignn.nhs_timeseries.w-20.h-14.none.seed-42.npz,,,ok
epignn.nhs_timeseries.w-20.h-14.none.seed-42.oldckpt,epignn,oldckpt,nhs_timeseries,14,42,20,none,,,,,,,,,,,epignn,179,13.161638,,False,False,,,,,,report/predictions/nhs_timeseries/epignn.nhs_timeseries.w-20.h-14.none.seed-42.oldckpt.npz,,,ok
epignn.nhs_timeseries.w-20.h-14.none.seed-45,epignn,current,nhs_timeseries,14,45,20,none,,,,,,,,,,,epignn,179,9.923655,,False,False,,,,,,report/predictions/nhs_timeseries/epignn.nhs_timeseries.w-20.h-14.none.seed-45.npz,,,ok
epignn.nhs_timeseries.w-20.h-3.none.seed-1000,epignn,current,nhs_timeseries,3,1000,20,none,,,,,,,,,,,epignn,179,5.233614,,False,False,,,,,,report/predictions/nhs_timeseries/epignn.nhs_timeseries.w-20.h-3.none.seed-1000.npz,,,ok
epignn.nhs_timeseries.w-20.h-3.none.seed-123,epignn,current,nhs_timeseries,3,123,20,none,,,,,,,,,,,epignn,179,7.901224,,False,False,,,,,,report/predictions/nhs_timeseries/epignn.nhs_timeseries.w-20.h-3.none.seed-123.npz,,,ok
epignn.nhs_timeseries.w-20.h-3.none.seed-30,epignn,current,nhs_timeseries,3,30,20,none,,,,,,,,,,,epignn,179,5.746263,,False,False,,,,,,report/predictions/nhs_timeseries/epignn.nhs_timeseries.w-20.h-3.none.seed-30.npz,,,ok
epignn.nhs_timeseries.w-20.h-3.none.seed-42,epignn,current,nhs_timeseries,3,42,20,none,,,,,,,,,,,epignn,179,6.737626,,False,False,,,,,,report/predictions/nhs_timeseries/epignn.nhs_timeseries.w-20.h-3.none.seed-42.npz,,,ok
epignn.nhs_timeseries.w-20.h-3.none.seed-42.oldckpt,epignn,oldckpt,nhs_timeseries,3,42,20,none,,,,,,,,,,,epignn,179,6.737626,,False,False,,,,,,report/predictions/nhs_timeseries/epignn.nhs_timeseries.w-20.h-3.none.seed-42.oldckpt.npz,,,ok
epignn.nhs_timeseries.w-20.h-3.none.seed-45,epignn,current,nhs_timeseries,3,45,20,none,,,,,,,,,,,epignn,179,5.813285,,False,False,,,,,,report/predictions/nhs_timeseries/epignn.nhs_timeseries.w-20.h-3.none.seed-45.npz,,,ok
epignn.nhs_timeseries.w-20.h-7.none.seed-1000,epignn,current,nhs_timeseries,7,1000,20,none,,,,,,,,,,,epignn,179,6.379677,,False,False,,,,,,report/predictions/nhs_timeseries/epignn.nhs_timeseries.w-20.h-7.none.seed-1000.npz,,,ok
epignn.nhs_timeseries.w-20.h-7.none.seed-123,epignn,current,nhs_timeseries,7,123,20,none,,,,,,,,,,,epignn,179,8.193098,,False,False,,,,,,report/predictions/nhs_timeseries/epignn.nhs_timeseries.w-20.h-7.none.seed-123.npz,,,ok
epignn.nhs_timeseries.w-20.h-7.none.seed-30,epignn,current,nhs_timeseries,7,30,20,none,,,,,,,,,,,epignn,179,7.389871,,False,False,,,,,,report/predictions/nhs_timeseries/epignn.nhs_timeseries.w-20.h-7.none.seed-30.npz,,,ok
epignn.nhs_timeseries.w-20.h-7.none.seed-42,epignn,current,nhs_timeseries,7,42,20,none,,,,,,,,,,,epignn,179,8.11118,,False,False,,,,,,report/predictions/nhs_timeseries/epignn.nhs_timeseries.w-20.h-7.none.seed-42.npz,,,ok
epignn.nhs_timeseries.w-20.h-7.none.seed-42.oldckpt,epignn,oldckpt,nhs_timeseries,7,42,20,none,,,,,,,,,,,epignn,179,8.111179,,False,False,,,,,,report/predictions/nhs_timeseries/epignn.nhs_timeseries.w-20.h-7.none.seed-42.oldckpt.npz,,,ok
epignn.nhs_timeseries.w-20.h-7.none.seed-45,epignn,current,nhs_timeseries,7,45,20,none,,,,,,,,,,,epignn,179,7.966585,,False,False,,,,,,report/predictions/nhs_timeseries/epignn.nhs_timeseries.w-20.h-7.none.seed-45.npz,,,ok
lstnet.nhs_timeseries.w-20.h-14.none.seed-1000,lstnet,current,nhs_timeseries,14,1000,20,none,,,,,,,,,,,lstnet,179,10.192731,,False,False,,,,,,report/predictions/nhs_timeseries/lstnet.nhs_timeseries.w-20.h-14.none.seed-1000.npz,,,ok
lstnet.nhs_timeseries.w-20.h-14.none.seed-123,lstnet,current,nhs_timeseries,14,123,20,none,,,,,,,,,,,lstnet,179,12.142588,,False,False,,,,,,report/predictions/nhs_timeseries/lstnet.nhs_timeseries.w-20.h-14.none.seed-123.npz,,,ok
lstnet.nhs_timeseries.w-20.h-14.none.seed-30,lstnet,current,nhs_timeseries,14,30,20,none,,,,,,,,,,,lstnet,179,10.397814,,False,False,,,,,,report/predictions/nhs_timeseries/lstnet.nhs_timeseries.w-20.h-14.none.seed-30.npz,,,ok
lstnet.nhs_timeseries.w-20.h-14.none.seed-42,lstnet,current,nhs_timeseries,14,42,20,none,,,,,,,,,,,lstnet,179,16.477953,,False,False,,,,,,report/predictions/nhs_timeseries/lstnet.nhs_timeseries.w-20.h-14.none.seed-42.npz,,,ok
lstnet.nhs_timeseries.w-20.h-14.none.seed-42.oldckpt,lstnet,oldckpt,nhs_timeseries,14,42,20,none,,,,,,,,,,,lstnet,166,20.214006,,False,False,,,,,,report/predictions/nhs_timeseries/lstnet.nhs_timeseries.w-20.h-14.none.seed-42.oldckpt.npz,,,ok
lstnet.nhs_timeseries.w-20.h-14.none.seed-45,lstnet,current,nhs_timeseries,14,45,20,none,,,,,,,,,,,lstnet,179,12.067152,,False,False,,,,,,report/predictions/nhs_timeseries/lstnet.nhs_timeseries.w-20.h-14.none.seed-45.npz,,,ok
lstnet.nhs_timeseries.w-20.h-3.none.seed-1000,lstnet,current,nhs_timeseries,3,1000,20,none,,,,,,,,,,,lstnet,179,2.563318,,False,False,,,,,,report/predictions/nhs_timeseries/lstnet.nhs_timeseries.w-20.h-3.none.seed-1000.npz,,,ok
lstnet.nhs_timeseries.w-20.h-3.none.seed-123,lstnet,current,nhs_timeseries,3,123,20,none,,,,,,,,,,,lstnet,179,2.478159,,False,False,,,,,,report/predictions/nhs_timeseries/lstnet.nhs_timeseries.w-20.h-3.none.seed-123.npz,,,ok
lstnet.nhs_timeseries.w-20.h-3.none.seed-30,lstnet,current,nhs_timeseries,3,30,20,none,,,,,,,,,,,lstnet,179,2.566449,,False,False,,,,,,report/predictions/nhs_timeseries/lstnet.nhs_timeseries.w-20.h-3.none.seed-30.npz,,,ok
lstnet.nhs_timeseries.w-20.h-3.none.seed-42,lstnet,current,nhs_timeseries,3,42,20,none,,,,,,,,,,,lstnet,179,2.695969,,False,False,,,,,,report/predictions/nhs_timeseries/lstnet.nhs_timeseries.w-20.h-3.none.seed-42.npz,,,ok
lstnet.nhs_timeseries.w-20.h-3.none.seed-42.oldckpt,lstnet,oldckpt,nhs_timeseries,3,42,20,none,,,,,,,,,,,lstnet,177,2.85956,,False,False,,,,,,report/predictions/nhs_timeseries/lstnet.nhs_timeseries.w-20.h-3.none.seed-42.oldckpt.npz,,,ok
lstnet.nhs_timeseries.w-20.h-3.none.seed-45,lstnet,current,nhs_timeseries,3,45,20,none,,,,,,,,,,,lstnet,179,2.615227,,False,False,,,,,,report/predictions/nhs_timeseries/lstnet.nhs_timeseries.w-20.h-3.none.seed-45.npz,,,ok
lstnet.nhs_timeseries.w-20.h-7.none.seed-1000,lstnet,current,nhs_timeseries,7,1000,20,none,,,,,,,,,,,lstnet,179,6.499516,,False,False,,,,,,report/predictions/nhs_timeseries/lstnet.nhs_timeseries.w-20.h-7.none.seed-1000.npz,,,ok
lstnet.nhs_timeseries.w-20.h-7.none.seed-123,lstnet,current,nhs_timeseries,7,123,20,none,,,,,,,,,,,lstnet,179,6.644665,,False,False,,,,,,report/predictions/nhs_timeseries/lstnet.nhs_timeseries.w-20.h-7.none.seed-123.npz,,,ok
lstnet.nhs_timeseries.w-20.h-7.none.seed-30,lstnet,current,nhs_timeseries,7,30,20,none,,,,,,,,,,,lstnet,179,6.290539,,False,False,,,,,,report/predictions/nhs_timeseries/lstnet.nhs_timeseries.w-20.h-7.none.seed-30.npz,,,ok
lstnet.nhs_timeseries.w-20.h-7.none.seed-42,lstnet,current,nhs_timeseries,7,42,20,none,,,,,,,,,,,lstnet,179,7.830522,,False,False,,,,,,report/predictions/nhs_timeseries/lstnet.nhs_timeseries.w-20.h-7.none.seed-42.npz,,,ok
lstnet.nhs_timeseries.w-20.h-7.none.seed-42.oldckpt,lstnet,oldckpt,nhs_timeseries,7,42,20,none,,,,,,,,,,,lstnet,173,9.035378,,False,False,,,,,,report/predictions/nhs_timeseries/lstnet.nhs_timeseries.w-20.h-7.none.seed-42.oldckpt.npz,,,ok
lstnet.nhs_timeseries.w-20.h-7.none.seed-45,lstnet,current,nhs_timeseries,7,45,20,none,,,,,,,,,,,lstnet,179,8.056926,,False,False,,,,,,report/predictions/nhs_timeseries/lstnet.nhs_timeseries.w-20.h-7.none.seed-45.npz,,,ok
lstnet_lg.nhs_timeseries.w-20.h-14.none.seed-1000,lstnet_lg,current,nhs_timeseries,14,1000,20,none,,,,,,,,,,,lstnet_lg,179,9.553418,,False,False,,,,,,report/predictions/nhs_timeseries/lstnet_lg.nhs_timeseries.w-20.h-14.none.seed-1000.npz,,,ok
lstnet_lg.nhs_timeseries.w-20.h-14.none.seed-123,lstnet_lg,current,nhs_timeseries,14,123,20,none,,,,,,,,,,,lstnet_lg,179,8.897373,,False,False,,,,,,report/predictions/nhs_timeseries/lstnet_lg.nhs_timeseries.w-20.h-14.none.seed-123.npz,,,ok
lstnet_lg.nhs_timeseries.w-20.h-14.none.seed-30,lstnet_lg,current,nhs_timeseries,14,30,20,none,,,,,,,,,,,lstnet_lg,179,8.971896,,False,False,,,,,,report/predictions/nhs_timeseries/lstnet_lg.nhs_timeseries.w-20.h-14.none.seed-30.npz,,,ok
lstnet_lg.nhs_timeseries.w-20.h-14.none.seed-42,lstnet_lg,current,nhs_timeseries,14,42,20,none,,,,,,,,,,,lstnet_lg,179,9.487014,,False,False,,,,,,report/predictions/nhs_timeseries/lstnet_lg.nhs_timeseries.w-20.h-14.none.seed-42.npz,,,ok
lstnet_lg.nhs_timeseries.w-20.h-14.none.seed-45,lstnet_lg,current,nhs_timeseries,14,45,20,none,,,,,,,,,,,lstnet_lg,179,9.134995,,False,False,,,,,,report/predictions/nhs_timeseries/lstnet_lg.nhs_timeseries.w-20.h-14.none.seed-45.npz,,,ok
lstnet_lg.nhs_timeseries.w-20.h-3.none.seed-1000,lstnet_lg,current,nhs_timeseries,3,1000,20,none,,,,,,,,,,,lstnet_lg,179,3.197657,,False,False,,,,,,report/predictions/nhs_timeseries/lstnet_lg.nhs_timeseries.w-20.h-3.none.seed-1000.npz,,,ok
lstnet_lg.nhs_timeseries.w-20.h-3.none.seed-123,lstnet_lg,current,nhs_timeseries,3,123,20,none,,,,,,,,,,,lstnet_lg,179,3.566901,,False,False,,,,,,report/predictions/nhs_timeseries/lstnet_lg.nhs_timeseries.w-20.h-3.none.seed-123.npz,,,ok
lstnet_lg.nhs_timeseries.w-20.h-3.none.seed-30,lstnet_lg,current,nhs_timeseries,3,30,20,none,,,,,,,,,,,lstnet_lg,179,3.320542,,False,False,,,,,,report/predictions/nhs_timeseries/lstnet_lg.nhs_timeseries.w-20.h-3.none.seed-30.npz,,,ok
lstnet_lg.nhs_timeseries.w-20.h-3.none.seed-42,lstnet_lg,current,nhs_timeseries,3,42,20,none,,,,,,,,,,,lstnet_lg,179,3.257427,,False,False,,,,,,report/predictions/nhs_timeseries/lstnet_lg.nhs_timeseries.w-20.h-3.none.seed-42.npz,,,ok
lstnet_lg.nhs_timeseries.w-20.h-3.none.seed-45,lstnet_lg,current,nhs_timeseries,3,45,20,none,,,,,,,,,,,lstnet_lg,179,3.75661,,False,False,,,,,,report/predictions/nhs_timeseries/lstnet_lg.nhs_timeseries.w-20.h-3.none.seed-45.npz,,,ok
lstnet_lg.nhs_timeseries.w-20.h-7.none.seed-1000,lstnet_lg,current,nhs_timeseries,7,1000,20,none,,,,,,,,,,,lstnet_lg,179,6.114521,,False,False,,,,,,report/predictions/nhs_timeseries/lstnet_lg.nhs_timeseries.w-20.h-7.none.seed-1000.npz,,,ok
lstnet_lg.nhs_timeseries.w-20.h-7.none.seed-123,lstnet_lg,current,nhs_timeseries,7,123,20,none,,,,,,,,,,,lstnet_lg,179,6.116516,,False,False,,,,,,report/predictions/nhs_timeseries/lstnet_lg.nhs_timeseries.w-20.h-7.none.seed-123.npz,,,ok
lstnet_lg.nhs_timeseries.w-20.h-7.none.seed-30,lstnet_lg,current,nhs_timeseries,7,30,20,none,,,,,,,,,,,lstnet_lg,179,5.927296,,False,False,,,,,,report/predictions/nhs_timeseries/lstnet_lg.nhs_timeseries.w-20.h-7.none.seed-30.npz,,,ok
lstnet_lg.nhs_timeseries.w-20.h-7.none.seed-42,lstnet_lg,current,nhs_timeseries,7,42,20,none,,,,,,,,,,,lstnet_lg,179,5.982234,,False,False,,,,,,report/predictions/nhs_timeseries/lstnet_lg.nhs_timeseries.w-20.h-7.none.seed-42.npz,,,ok
lstnet_lg.nhs_timeseries.w-20.h-7.none.seed-45,lstnet_lg,current,nhs_timeseries,7,45,20,none,,,,,,,,,,,lstnet_lg,179,7.461525,,False,False,,,,,,report/predictions/nhs_timeseries/lstnet_lg.nhs_timeseries.w-20.h-7.none.seed-45.npz,,,ok
CNNRNN_Res.region785.w-20.h-10.none.seed-1000,CNNRNN_Res,current,region785,10,1000,20,none,,,,,,,,,,,CNNRNN_Res,157,1304.609619,,False,False,,,,,,report/predictions/region785/CNNRNN_Res.region785.w-20.h-10.none.seed-1000.npz,,,ok
CNNRNN_Res.region785.w-20.h-10.none.seed-123,CNNRNN_Res,current,region785,10,123,20,none,,,,,,,,,,,CNNRNN_Res,157,1312.521484,,False,False,,,,,,report/predictions/region785/CNNRNN_Res.region785.w-20.h-10.none.seed-123.npz,,,ok
CNNRNN_Res.region785.w-20.h-10.none.seed-30,CNNRNN_Res,current,region785,10,30,20,none,,,,,,,,,,,CNNRNN_Res,157,1215.614258,,False,False,,,,,,report/predictions/region785/CNNRNN_Res.region785.w-20.h-10.none.seed-30.npz,,,ok
CNNRNN_Res.region785.w-20.h-10.none.seed-42,CNNRNN_Res,current,region785,10,42,20,none,,,,,,,,,,,CNNRNN_Res,157,1275.505737,,False,False,,,,,,report/predictions/region785/CNNRNN_Res.region785.w-20.h-10.none.seed-42.npz,,,ok
CNNRNN_Res.region785.w-20.h-10.none.seed-42.oldckpt,CNNRNN_Res,oldckpt,region785,10,42,20,none,,,,,,,,,,,CNNRNN_Res,148,1350.966309,,False,False,,,,,,report/predictions/region785/CNNRNN_Res.region785.w-20.h-10.none.seed-42.oldckpt.npz,,,ok
CNNRNN_Res.region785.w-20.h-10.none.seed-45,CNNRNN_Res,current,region785,10,45,20,none,,,,,,,,,,,CNNRNN_Res,157,1280.411987,,False,False,,,,,,report/predictions/region785/CNNRNN_Res.region785.w-20.h-10.none.seed-45.npz,,,ok
CNNRNN_Res.region785.w-20.h-15.none.seed-1000,CNNRNN_Res,current,region785,15,1000,20,none,,,,,,,,,,,CNNRNN_Res,157,1356.135376,,False,False,,,,,,report/predictions/region785/CNNRNN_Res.region785.w-20.h-15.none.seed-1000.npz,,,ok
CNNRNN_Res.region785.w-20.h-15.none.seed-123,CNNRNN_Res,current,region785,15,123,20,none,,,,,,,,,,,CNNRNN_Res,157,1354.149658,,False,False,,,,,,report/predictions/region785/CNNRNN_Res.region785.w-20.h-15.none.seed-123.npz,,,ok
CNNRNN_Res.region785.w-20.h-15.none.seed-30,CNNRNN_Res,current,region785,15,30,20,none,,,,,,,,,,,CNNRNN_Res,157,1353.211914,,False,False,,,,,,report/predictions/region785/CNNRNN_Res.region785.w-20.h-15.none.seed-30.npz,,,ok
CNNRNN_Res.region785.w-20.h-15.none.seed-42,CNNRNN_Res,current,region785,15,42,20,none,,,,,,,,,,,CNNRNN_Res,157,1335.744507,,False,False,,,,,,report/predictions/region785/CNNRNN_Res.region785.w-20.h-15.none.seed-42.npz,,,ok
CNNRNN_Res.region785.w-20.h-15.none.seed-42.oldckpt,CNNRNN_Res,oldckpt,region785,15,42,20,none,,,,,,,,,,,CNNRNN_Res,143,1444.829468,,False,False,,,,,,report/predictions/region785/CNNRNN_Res.region785.w-20.h-15.none.seed-42.oldckpt.npz,,,ok
CNNRNN_Res.region785.w-20.h-15.none.seed-45,CNNRNN_Res,current,region785,15,45,20,none,,,,,,,,,,,CNNRNN_Res,157,1307.068481,,False,False,,,,,,report/predictions/region785/CNNRNN_Res.region785.w-20.h-15.none.seed-45.npz,,,ok
CNNRNN_Res.region785.w-20.h-3.none.seed-1000,CNNRNN_Res,current,region785,3,1000,20,none,,,,,,,,,,,CNNRNN_Res,157,756.976379,,False,False,,,,,,report/predictions/region785/CNNRNN_Res.region785.w-20.h-3.none.seed-1000.npz,,,ok
CNNRNN_Res.region785.w-20.h-3.none.seed-123,CNNRNN_Res,current,region785,3,123,20,none,,,,,,,,,,,CNNRNN_Res,157,758.618713,,False,False,,,,,,report/predictions/region785/CNNRNN_Res.region785.w-20.h-3.none.seed-123.npz,,,ok
CNNRNN_Res.region785.w-20.h-3.none.seed-30,CNNRNN_Res,current,region785,3,30,20,none,,,,,,,,,,,CNNRNN_Res,157,753.905518,,False,False,,,,,,report/predictions/region785/CNNRNN_Res.region785.w-20.h-3.none.seed-30.npz,,,ok
CNNRNN_Res.region785.w-20.h-3.none.seed-42,CNNRNN_Res,current,region785,3,42,20,none,,,,,,,,,,,CNNRNN_Res,157,843.677307,,False,False,,,,,,report/predictions/region785/CNNRNN_Res.region785.w-20.h-3.none.seed-42.npz,,,ok
CNNRNN_Res.region785.w-20.h-3.none.seed-42.oldckpt,CNNRNN_Res,oldckpt,region785,3,42,20,none,,,,,,,,,,,CNNRNN_Res,155,816.793213,,False,False,,,,,,report/predictions/region785/CNNRNN_Res.region785.w-20.h-3.none.seed-42.oldckpt.npz,,,ok
CNNRNN_Res.region785.w-20.h-3.none.seed-45,CNNRNN_Res,current,region785,3,45,20,none,,,,,,,,,,,CNNRNN_Res,157,764.249939,,False,False,,,,,,report/predictions/region785/CNNRNN_Res.region785.w-20.h-3.none.seed-45.npz,,,ok
CNNRNN_Res.region785.w-20.h-5.none.seed-1000,CNNRNN_Res,current,region785,5,1000,20,none,,,,,,,,,,,CNNRNN_Res,157,928.56665,,False,False,,,,,,report/predictions/region785/CNNRNN_Res.region785.w-20.h-5.none.seed-1000.npz,,,ok
CNNRNN_Res.region785.w-20.h-5.none.seed-123,CNNRNN_Res,current,region785,5,123,20,none,,,,,,,,,,,CNNRNN_Res,157,1024.641968,,False,False,,,,,,report/predictions/region785/CNNRNN_Res.region785.w-20.h-5.none.seed-123.npz,,,ok
CNNRNN_Res.region785.w-20.h-5.none.seed-30,CNNRNN_Res,current,region785,5,30,20,none,,,,,,,,,,,CNNRNN_Res,157,929.390381,,False,False,,,,,,report/predictions/region785/CNNRNN_Res.region785.w-20.h-5.none.seed-30.npz,,,ok
CNNRNN_Res.region785.w-20.h-5.none.seed-42,CNNRNN_Res,current,region785,5,42,20,none,,,,,,,,,,,CNNRNN_Res,157,999.12262,,False,False,,,,,,report/predictions/region785/CNNRNN_Res.region785.w-20.h-5.none.seed-42.npz,,,ok
CNNRNN_Res.region785.w-20.h-5.none.seed-42.oldckpt,CNNRNN_Res,oldckpt,region785,5,42,20,none,,,,,,,,,,,CNNRNN_Res,153,1044.971802,,False,False,,,,,,report/predictions/region785/CNNRNN_Res.region785.w-20.h-5.none.seed-42.oldckpt.npz,,,ok
CNNRNN_Res.region785.w-20.h-5.none.seed-45,CNNRNN_Res,current,region785,5,45,20,none,,,,,,,,,,,CNNRNN_Res,157,1019.153687,,False,False,,,,,,report/predictions/region785/CNNRNN_Res.region785.w-20.h-5.none.seed-45.npz,,,ok
MSAGAT-Net.region785.w-20.h-10.none.seed-1000.with_adj.loggrowth.quant.exp-nodecay-regpre,MSAGAT-Net,current,region785,10,1000,20,none,True,default,loggrowth,True,,nodecay-regpre,False,,,,MSAGAT-Net.loggrowth.quant.exp-nodecay-regpre,157,989.107622,989.107622,True,True,,,,,20260819_083333,report/predictions/region785/MSAGAT-Net.region785.w-20.h-10.none.seed-1000.with_adj.loggrowth.quant.exp-nodecay-regpre.npz,save_all/MSAGAT-Net.region785.w-20.h-10.none.seed-1000.with_adj.loggrowth.quant.exp-nodecay-regpre.pt,,manifest_missing
MSAGAT-Net.region785.w-20.h-10.none.seed-1000.with_adj.loggrowth.quant,MSAGAT-Net,current,region785,10,1000,20,none,True,default,loggrowth,True,,,False,,,,MSAGAT-Net.loggrowth.quant,157,1010.805082,1010.805082,True,True,,,,,20260814_032618,report/predictions/region785/MSAGAT-Net.region785.w-20.h-10.none.seed-1000.with_adj.loggrowth.quant.npz,save_all/MSAGAT-Net.region785.w-20.h-10.none.seed-1000.with_adj.loggrowth.quant.pt,,manifest_missing
MSAGAT-Net.region785.w-20.h-10.none.seed-1000.with_adj,MSAGAT-Net,current,region785,10,1000,20,none,True,default,level,False,,,False,,,,MSAGAT-Net,157,899.419678,899.419674,True,False,,,,,20260811_092751,report/predictions/region785/MSAGAT-Net.region785.w-20.h-10.none.seed-1000.with_adj.npz,save_all/MSAGAT-Net.region785.w-20.h-10.none.seed-1000.with_adj.pt,,manifest_missing
MSAGAT-Net.region785.w-20.h-10.none.seed-123.with_adj.loggrowth.quant.exp-nodecay-regpre,MSAGAT-Net,current,region785,10,123,20,none,True,default,loggrowth,True,,nodecay-regpre,False,,,,MSAGAT-Net.loggrowth.quant.exp-nodecay-regpre,157,915.475058,915.475058,True,True,,,,,20260819_083241,report/predictions/region785/MSAGAT-Net.region785.w-20.h-10.none.seed-123.with_adj.loggrowth.quant.exp-nodecay-regpre.npz,save_all/MSAGAT-Net.region785.w-20.h-10.none.seed-123.with_adj.loggrowth.quant.exp-nodecay-regpre.pt,,manifest_missing
MSAGAT-Net.region785.w-20.h-10.none.seed-123.with_adj.loggrowth.quant,MSAGAT-Net,current,region785,10,123,20,none,True,default,loggrowth,True,,,False,,,,MSAGAT-Net.loggrowth.quant,157,881.782995,881.782995,True,True,,,,,20260814_032629,report/predictions/region785/MSAGAT-Net.region785.w-20.h-10.none.seed-123.with_adj.loggrowth.quant.npz,save_all/MSAGAT-Net.region785.w-20.h-10.none.seed-123.with_adj.loggrowth.quant.pt,,manifest_missing
MSAGAT-Net.region785.w-20.h-10.none.seed-123.with_adj,MSAGAT-Net,current,region785,10,123,20,none,True,default,level,False,,,False,,,,MSAGAT-Net,157,1077.737183,1077.737213,True,False,,,,,20260811_092740,report/predictions/region785/MSAGAT-Net.region785.w-20.h-10.none.seed-123.with_adj.npz,save_all/MSAGAT-Net.region785.w-20.h-10.none.seed-123.with_adj.pt,,manifest_missing
MSAGAT-Net.region785.w-20.h-10.none.seed-30.with_adj.loggrowth.quant.exp-nodecay-regpre,MSAGAT-Net,current,region785,10,30,20,none,True,default,loggrowth,True,,nodecay-regpre,False,,,,MSAGAT-Net.loggrowth.quant.exp-nodecay-regpre,157,863.624205,863.624205,True,True,,,,,20260819_083108,report/predictions/region785/MSAGAT-Net.region785.w-20.h-10.none.seed-30.with_adj.loggrowth.quant.exp-nodecay-regpre.npz,save_all/MSAGAT-Net.region785.w-20.h-10.none.seed-30.with_adj.loggrowth.quant.exp-nodecay-regpre.pt,,manifest_missing
MSAGAT-Net.region785.w-20.h-10.none.seed-30.with_adj.loggrowth.quant,MSAGAT-Net,current,region785,10,30,20,none,True,default,loggrowth,True,,,False,,,,MSAGAT-Net.loggrowth.quant,157,831.836152,831.836152,True,True,,,,,20260814_032639,report/predictions/region785/MSAGAT-Net.region785.w-20.h-10.none.seed-30.with_adj.loggrowth.quant.npz,save_all/MSAGAT-Net.region785.w-20.h-10.none.seed-30.with_adj.loggrowth.quant.pt,,manifest_missing
MSAGAT-Net.region785.w-20.h-10.none.seed-30.with_adj,MSAGAT-Net,current,region785,10,30,20,none,True,default,level,False,,,False,,,,MSAGAT-Net,157,1383.460815,1383.460787,True,False,,,,,20260811_092717,report/predictions/region785/MSAGAT-Net.region785.w-20.h-10.none.seed-30.with_adj.npz,save_all/MSAGAT-Net.region785.w-20.h-10.none.seed-30.with_adj.pt,,manifest_missing
MSAGAT-Net.region785.w-20.h-10.none.seed-42.with_adj.loggrowth.quant.exp-nodecay-regpre,MSAGAT-Net,current,region785,10,42,20,none,True,default,loggrowth,True,,nodecay-regpre,False,,,,MSAGAT-Net.loggrowth.quant.exp-nodecay-regpre,157,939.641614,939.641614,True,True,,,,,20260819_083019,report/predictions/region785/MSAGAT-Net.region785.w-20.h-10.none.seed-42.with_adj.loggrowth.quant.exp-nodecay-regpre.npz,save_all/MSAGAT-Net.region785.w-20.h-10.none.seed-42.with_adj.loggrowth.quant.exp-nodecay-regpre.pt,,manifest_missing
MSAGAT-Net.region785.w-20.h-10.none.seed-42.with_adj.loggrowth.quant,MSAGAT-Net,current,region785,10,42,20,none,True,default,loggrowth,True,,,False,,,,MSAGAT-Net.loggrowth.quant,157,882.140323,882.140323,True,True,,,,,20260814_032649,report/predictions/region785/MSAGAT-Net.region785.w-20.h-10.none.seed-42.with_adj.loggrowth.quant.npz,save_all/MSAGAT-Net.region785.w-20.h-10.none.seed-42.with_adj.loggrowth.quant.pt,,manifest_missing
MSAGAT-Net.region785.w-20.h-10.none.seed-42.with_adj,MSAGAT-Net,current,region785,10,42,20,none,True,default,level,False,,,False,,,,MSAGAT-Net,157,961.885315,961.885323,True,False,,,,,20260811_092706,report/predictions/region785/MSAGAT-Net.region785.w-20.h-10.none.seed-42.with_adj.npz,save_all/MSAGAT-Net.region785.w-20.h-10.none.seed-42.with_adj.pt,,manifest_missing
MSAGAT-Net.region785.w-20.h-10.none.seed-45.with_adj.loggrowth.quant.exp-nodecay-regpre,MSAGAT-Net,current,region785,10,45,20,none,True,default,loggrowth,True,,nodecay-regpre,False,,,,MSAGAT-Net.loggrowth.quant.exp-nodecay-regpre,157,1068.998615,1068.998615,True,True,,,,,20260819_083148,report/predictions/region785/MSAGAT-Net.region785.w-20.h-10.none.seed-45.with_adj.loggrowth.quant.exp-nodecay-regpre.npz,save_all/MSAGAT-Net.region785.w-20.h-10.none.seed-45.with_adj.loggrowth.quant.exp-nodecay-regpre.pt,,manifest_missing
MSAGAT-Net.region785.w-20.h-10.none.seed-45.with_adj.loggrowth.quant,MSAGAT-Net,current,region785,10,45,20,none,True,default,loggrowth,True,,,False,,,,MSAGAT-Net.loggrowth.quant,157,918.243247,918.243247,True,True,,,,,20260814_032659,report/predictions/region785/MSAGAT-Net.region785.w-20.h-10.none.seed-45.with_adj.loggrowth.quant.npz,save_all/MSAGAT-Net.region785.w-20.h-10.none.seed-45.with_adj.loggrowth.quant.pt,,manifest_missing
MSAGAT-Net.region785.w-20.h-10.none.seed-45.with_adj,MSAGAT-Net,current,region785,10,45,20,none,True,default,level,False,,,False,,,,MSAGAT-Net,157,998.104065,998.104078,True,False,,,,,20260811_092728,report/predictions/region785/MSAGAT-Net.region785.w-20.h-10.none.seed-45.with_adj.npz,save_all/MSAGAT-Net.region785.w-20.h-10.none.seed-45.with_adj.pt,,manifest_missing
MSAGAT-Net.region785.w-20.h-15.none.seed-1000.with_adj.loggrowth.quant.exp-nodecay-regpre,MSAGAT-Net,current,region785,15,1000,20,none,True,default,loggrowth,True,,nodecay-regpre,False,,,,MSAGAT-Net.loggrowth.quant.exp-nodecay-regpre,157,908.967548,908.967548,True,True,,,,,20260819_083747,report/predictions/region785/MSAGAT-Net.region785.w-20.h-15.none.seed-1000.with_adj.loggrowth.quant.exp-nodecay-regpre.npz,save_all/MSAGAT-Net.region785.w-20.h-15.none.seed-1000.with_adj.loggrowth.quant.exp-nodecay-regpre.pt,,manifest_missing
MSAGAT-Net.region785.w-20.h-15.none.seed-1000.with_adj.loggrowth.quant,MSAGAT-Net,current,region785,15,1000,20,none,True,default,loggrowth,True,,,False,,,,MSAGAT-Net.loggrowth.quant,157,936.83902,936.83902,True,True,,,,,20260814_032710,report/predictions/region785/MSAGAT-Net.region785.w-20.h-15.none.seed-1000.with_adj.loggrowth.quant.npz,save_all/MSAGAT-Net.region785.w-20.h-15.none.seed-1000.with_adj.loggrowth.quant.pt,,manifest_missing
MSAGAT-Net.region785.w-20.h-15.none.seed-1000.with_adj,MSAGAT-Net,current,region785,15,1000,20,none,True,default,level,False,,,False,,,,MSAGAT-Net,157,1190.335327,1190.335352,True,False,,,,,20260811_092846,report/predictions/region785/MSAGAT-Net.region785.w-20.h-15.none.seed-1000.with_adj.npz,save_all/MSAGAT-Net.region785.w-20.h-15.none.seed-1000.with_adj.pt,,manifest_missing
MSAGAT-Net.region785.w-20.h-15.none.seed-123.with_adj.loggrowth.quant.exp-nodecay-regpre,MSAGAT-Net,current,region785,15,123,20,none,True,default,loggrowth,True,,nodecay-regpre,False,,,,MSAGAT-Net.loggrowth.quant.exp-nodecay-regpre,157,937.773631,937.773631,True,True,,,,,20260819_083645,report/predictions/region785/MSAGAT-Net.region785.w-20.h-15.none.seed-123.with_adj.loggrowth.quant.exp-nodecay-regpre.npz,save_all/MSAGAT-Net.region785.w-20.h-15.none.seed-123.with_adj.loggrowth.quant.exp-nodecay-regpre.pt,,manifest_missing
MSAGAT-Net.region785.w-20.h-15.none.seed-123.with_adj.loggrowth.quant,MSAGAT-Net,current,region785,15,123,20,none,True,default,loggrowth,True,,,False,,,,MSAGAT-Net.loggrowth.quant,157,1084.30929,1084.30929,True,True,,,,,20260814_032721,report/predictions/region785/MSAGAT-Net.region785.w-20.h-15.none.seed-123.with_adj.loggrowth.quant.npz,save_all/MSAGAT-Net.region785.w-20.h-15.none.seed-123.with_adj.loggrowth.quant.pt,,manifest_missing
MSAGAT-Net.region785.w-20.h-15.none.seed-123.with_adj,MSAGAT-Net,current,region785,15,123,20,none,True,default,level,False,,,False,,,,MSAGAT-Net,157,1173.999512,1173.999521,True,False,,,,,20260811_092835,report/predictions/region785/MSAGAT-Net.region785.w-20.h-15.none.seed-123.with_adj.npz,save_all/MSAGAT-Net.region785.w-20.h-15.none.seed-123.with_adj.pt,,manifest_missing
MSAGAT-Net.region785.w-20.h-15.none.seed-30.with_adj.loggrowth,MSAGAT-Net,current,region785,15,30,20,none,True,default,loggrowth,False,,,False,,,,MSAGAT-Net.loggrowth,157,948.728882,948.728854,True,False,,,,,20260811_051305,report/predictions/region785/MSAGAT-Net.region785.w-20.h-15.none.seed-30.with_adj.loggrowth.npz,save_all/MSAGAT-Net.region785.w-20.h-15.none.seed-30.with_adj.loggrowth.pt,,manifest_missing
MSAGAT-Net.region785.w-20.h-15.none.seed-30.with_adj.loggrowth.quant.exp-nodecay-regpre,MSAGAT-Net,current,region785,15,30,20,none,True,default,loggrowth,True,,nodecay-regpre,False,,,,MSAGAT-Net.loggrowth.quant.exp-nodecay-regpre,157,870.425111,870.425111,True,True,,,,,20260819_083453,report/predictions/region785/MSAGAT-Net.region785.w-20.h-15.none.seed-30.with_adj.loggrowth.quant.exp-nodecay-regpre.npz,save_all/MSAGAT-Net.region785.w-20.h-15.none.seed-30.with_adj.loggrowth.quant.exp-nodecay-regpre.pt,,manifest_missing
MSAGAT-Net.region785.w-20.h-15.none.seed-30.with_adj.loggrowth.quant,MSAGAT-Net,current,region785,15,30,20,none,True,default,loggrowth,True,,,False,,,,MSAGAT-Net.loggrowth.quant,157,929.427654,929.427654,True,True,,,,,20260814_032738,report/predictions/region785/MSAGAT-Net.region785.w-20.h-15.none.seed-30.with_adj.loggrowth.quant.npz,save_all/MSAGAT-Net.region785.w-20.h-15.none.seed-30.with_adj.loggrowth.quant.pt,,manifest_missing
MSAGAT-Net.region785.w-20.h-15.none.seed-30.with_adj,MSAGAT-Net,current,region785,15,30,20,none,True,default,level,False,,,False,,,,MSAGAT-Net,157,1083.266235,1083.266184,True,False,,,,,20260811_092813,report/predictions/region785/MSAGAT-Net.region785.w-20.h-15.none.seed-30.with_adj.npz,save_all/MSAGAT-Net.region785.w-20.h-15.none.seed-30.with_adj.pt,,manifest_missing
MSAGAT-Net.region785.w-20.h-15.none.seed-42.with_adj.loggrowth,MSAGAT-Net,current,region785,15,42,20,none,True,default,loggrowth,False,,,False,,,,MSAGAT-Net.loggrowth,157,1006.235168,1006.235155,True,False,,,,,20260811_051152,report/predictions/region785/MSAGAT-Net.region785.w-20.h-15.none.seed-42.with_adj.loggrowth.npz,save_all/MSAGAT-Net.region785.w-20.h-15.none.seed-42.with_adj.loggrowth.pt,,manifest_missing
MSAGAT-Net.region785.w-20.h-15.none.seed-42.with_adj.loggrowth.quant.exp-nodecay-regpre,MSAGAT-Net,current,region785,15,42,20,none,True,default,loggrowth,True,,nodecay-regpre,False,,,,MSAGAT-Net.loggrowth.quant.exp-nodecay-regpre,157,1060.068236,1060.068236,True,True,,,,,20260819_083414,report/predictions/region785/MSAGAT-Net.region785.w-20.h-15.none.seed-42.with_adj.loggrowth.quant.exp-nodecay-regpre.npz,save_all/MSAGAT-Net.region785.w-20.h-15.none.seed-42.with_adj.loggrowth.quant.exp-nodecay-regpre.pt,,manifest_missing
MSAGAT-Net.region785.w-20.h-15.none.seed-42.with_adj.loggrowth.quant,MSAGAT-Net,current,region785,15,42,20,none,True,default,loggrowth,True,,,False,,,,MSAGAT-Net.loggrowth.quant,157,1085.500311,1085.500311,True,True,,,,,20260814_032757,report/predictions/region785/MSAGAT-Net.region785.w-20.h-15.none.seed-42.with_adj.loggrowth.quant.npz,save_all/MSAGAT-Net.region785.w-20.h-15.none.seed-42.with_adj.loggrowth.quant.pt,,manifest_missing
MSAGAT-Net.region785.w-20.h-15.none.seed-42.with_adj,MSAGAT-Net,current,region785,15,42,20,none,True,default,level,False,,,False,,,,MSAGAT-Net,157,1333.548706,1333.548696,True,False,,,,,20260811_092802,report/predictions/region785/MSAGAT-Net.region785.w-20.h-15.none.seed-42.with_adj.npz,save_all/MSAGAT-Net.region785.w-20.h-15.none.seed-42.with_adj.pt,,manifest_missing
MSAGAT-Net.region785.w-20.h-15.none.seed-45.with_adj.loggrowth,MSAGAT-Net,current,region785,15,45,20,none,True,default,loggrowth,False,,,False,,,,MSAGAT-Net.loggrowth,157,921.164551,921.164548,True,False,,,,,20260811_051411,report/predictions/region785/MSAGAT-Net.region785.w-20.h-15.none.seed-45.with_adj.loggrowth.npz,save_all/MSAGAT-Net.region785.w-20.h-15.none.seed-45.with_adj.loggrowth.pt,,manifest_missing
MSAGAT-Net.region785.w-20.h-15.none.seed-45.with_adj.loggrowth.quant.exp-nodecay-regpre,MSAGAT-Net,current,region785,15,45,20,none,True,default,loggrowth,True,,nodecay-regpre,False,,,,MSAGAT-Net.loggrowth.quant.exp-nodecay-regpre,157,927.122928,927.122928,True,True,,,,,20260819_083536,report/predictions/region785/MSAGAT-Net.region785.w-20.h-15.none.seed-45.with_adj.loggrowth.quant.exp-nodecay-regpre.npz,save_all/MSAGAT-Net.region785.w-20.h-15.none.seed-45.with_adj.loggrowth.quant.exp-nodecay-regpre.pt,,manifest_missing
MSAGAT-Net.region785.w-20.h-15.none.seed-45.with_adj.loggrowth.quant,MSAGAT-Net,current,region785,15,45,20,none,True,default,loggrowth,True,,,False,,,,MSAGAT-Net.loggrowth.quant,157,1005.366531,1005.366531,True,True,,,,,20260814_032812,report/predictions/region785/MSAGAT-Net.region785.w-20.h-15.none.seed-45.with_adj.loggrowth.quant.npz,save_all/MSAGAT-Net.region785.w-20.h-15.none.seed-45.with_adj.loggrowth.quant.pt,,manifest_missing
MSAGAT-Net.region785.w-20.h-15.none.seed-45.with_adj,MSAGAT-Net,current,region785,15,45,20,none,True,default,level,False,,,False,,,,MSAGAT-Net,157,1137.969849,1137.969903,True,False,,,,,20260811_092824,report/predictions/region785/MSAGAT-Net.region785.w-20.h-15.none.seed-45.with_adj.npz,save_all/MSAGAT-Net.region785.w-20.h-15.none.seed-45.with_adj.pt,,manifest_missing
MSAGAT-Net.region785.w-20.h-3.none.seed-1000.with_adj.loggrowth.quant.exp-nodecay-regpre,MSAGAT-Net,current,region785,3,1000,20,none,True,default,loggrowth,True,,nodecay-regpre,False,,,,MSAGAT-Net.loggrowth.quant.exp-nodecay-regpre,157,628.907666,628.907666,True,True,,,,,20260819_082243,report/predictions/region785/MSAGAT-Net.region785.w-20.h-3.none.seed-1000.with_adj.loggrowth.quant.exp-nodecay-regpre.npz,save_all/MSAGAT-Net.region785.w-20.h-3.none.seed-1000.with_adj.loggrowth.quant.exp-nodecay-regpre.pt,,manifest_missing
MSAGAT-Net.region785.w-20.h-3.none.seed-1000.with_adj.loggrowth.quant,MSAGAT-Net,current,region785,3,1000,20,none,True,default,loggrowth,True,,,False,,,,MSAGAT-Net.loggrowth.quant,157,636.829124,636.829124,True,True,,,,,20260814_032825,report/predictions/region785/MSAGAT-Net.region785.w-20.h-3.none.seed-1000.with_adj.loggrowth.quant.npz,save_all/MSAGAT-Net.region785.w-20.h-3.none.seed-1000.with_adj.loggrowth.quant.pt,,manifest_missing
MSAGAT-Net.region785.w-20.h-3.none.seed-1000.with_adj,MSAGAT-Net,current,region785,3,1000,20,none,True,default,level,False,,,False,,,,MSAGAT-Net,157,690.067139,690.067162,True,False,,,,,20260811_092559,report/predictions/region785/MSAGAT-Net.region785.w-20.h-3.none.seed-1000.with_adj.npz,save_all/MSAGAT-Net.region785.w-20.h-3.none.seed-1000.with_adj.pt,,manifest_missing
MSAGAT-Net.region785.w-20.h-3.none.seed-123.with_adj.loggrowth.quant.exp-nodecay-regpre,MSAGAT-Net,current,region785,3,123,20,none,True,default,loggrowth,True,,nodecay-regpre,False,,,,MSAGAT-Net.loggrowth.quant.exp-nodecay-regpre,157,681.392727,681.392727,True,True,,,,,20260819_082207,report/predictions/region785/MSAGAT-Net.region785.w-20.h-3.none.seed-123.with_adj.loggrowth.quant.exp-nodecay-regpre.npz,save_all/MSAGAT-Net.region785.w-20.h-3.none.seed-123.with_adj.loggrowth.quant.exp-nodecay-regpre.pt,,manifest_missing
MSAGAT-Net.region785.w-20.h-3.none.seed-123.with_adj.loggrowth.quant,MSAGAT-Net,current,region785,3,123,20,none,True,default,loggrowth,True,,,False,,,,MSAGAT-Net.loggrowth.quant,157,644.139458,644.139458,True,True,,,,,20260814_032839,report/predictions/region785/MSAGAT-Net.region785.w-20.h-3.none.seed-123.with_adj.loggrowth.quant.npz,save_all/MSAGAT-Net.region785.w-20.h-3.none.seed-123.with_adj.loggrowth.quant.pt,,manifest_missing
MSAGAT-Net.region785.w-20.h-3.none.seed-123.with_adj,MSAGAT-Net,current,region785,3,123,20,none,True,default,level,False,,,False,,,,MSAGAT-Net,157,687.305969,687.30595,True,False,,,,,20260811_092547,report/predictions/region785/MSAGAT-Net.region785.w-20.h-3.none.seed-123.with_adj.npz,save_all/MSAGAT-Net.region785.w-20.h-3.none.seed-123.with_adj.pt,,manifest_missing
MSAGAT-Net.region785.w-20.h-3.none.seed-30.with_adj.loggrowth.quant.exp-nodecay-regpre,MSAGAT-Net,current,region785,3,30,20,none,True,default,loggrowth,True,,nodecay-regpre,False,,,,MSAGAT-Net.loggrowth.quant.exp-nodecay-regpre,157,660.503401,660.503401,True,True,,,,,20260819_082055,report/predictions/region785/MSAGAT-Net.region785.w-20.h-3.none.seed-30.with_adj.loggrowth.quant.exp-nodecay-regpre.npz,save_all/MSAGAT-Net.region785.w-20.h-3.none.seed-30.with_adj.loggrowth.quant.exp-nodecay-regpre.pt,,manifest_missing
MSAGAT-Net.region785.w-20.h-3.none.seed-30.with_adj.loggrowth.quant,MSAGAT-Net,current,region785,3,30,20,none,True,default,loggrowth,True,,,False,,,,MSAGAT-Net.loggrowth.quant,157,687.632698,687.632698,True,True,,,,,20260814_032850,report/predictions/region785/MSAGAT-Net.region785.w-20.h-3.none.seed-30.with_adj.loggrowth.quant.npz,save_all/MSAGAT-Net.region785.w-20.h-3.none.seed-30.with_adj.loggrowth.quant.pt,,manifest_missing
MSAGAT-Net.region785.w-20.h-3.none.seed-30.with_adj,MSAGAT-Net,current,region785,3,30,20,none,True,default,level,False,,,False,,,,MSAGAT-Net,157,671.111572,671.111578,True,False,,,,,20260811_092525,report/predictions/region785/MSAGAT-Net.region785.w-20.h-3.none.seed-30.with_adj.npz,save_all/MSAGAT-Net.region785.w-20.h-3.none.seed-30.with_adj.pt,,manifest_missing
MSAGAT-Net.region785.w-20.h-3.none.seed-42.with_adj.loggrowth.quant.exp-nodecay-regpre,MSAGAT-Net,current,region785,3,42,20,none,True,default,loggrowth,True,,nodecay-regpre,False,,,,MSAGAT-Net.loggrowth.quant.exp-nodecay-regpre,157,715.611079,715.611079,True,True,,,,,20260819_082017,report/predictions/region785/MSAGAT-Net.region785.w-20.h-3.none.seed-42.with_adj.loggrowth.quant.exp-nodecay-regpre.npz,save_all/MSAGAT-Net.region785.w-20.h-3.none.seed-42.with_adj.loggrowth.quant.exp-nodecay-regpre.pt,,manifest_missing
MSAGAT-Net.region785.w-20.h-3.none.seed-42.with_adj.loggrowth.quant,MSAGAT-Net,current,region785,3,42,20,none,True,default,loggrowth,True,,,False,,,,MSAGAT-Net.loggrowth.quant,157,671.863789,671.863789,True,True,,,,,20260814_032901,report/predictions/region785/MSAGAT-Net.region785.w-20.h-3.none.seed-42.with_adj.loggrowth.quant.npz,save_all/MSAGAT-Net.region785.w-20.h-3.none.seed-42.with_adj.loggrowth.quant.pt,,manifest_missing
MSAGAT-Net.region785.w-20.h-3.none.seed-42.with_adj,MSAGAT-Net,current,region785,3,42,20,none,True,default,level,False,,,False,,,,MSAGAT-Net,157,658.796082,658.796085,True,False,,,,,20260811_092514,report/predictions/region785/MSAGAT-Net.region785.w-20.h-3.none.seed-42.with_adj.npz,save_all/MSAGAT-Net.region785.w-20.h-3.none.seed-42.with_adj.pt,,manifest_missing
MSAGAT-Net.region785.w-20.h-3.none.seed-45.with_adj.loggrowth.quant.exp-nodecay-regpre,MSAGAT-Net,current,region785,3,45,20,none,True,default,loggrowth,True,,nodecay-regpre,False,,,,MSAGAT-Net.loggrowth.quant.exp-nodecay-regpre,157,699.553606,699.553606,True,True,,,,,20260819_082131,report/predictions/region785/MSAGAT-Net.region785.w-20.h-3.none.seed-45.with_adj.loggrowth.quant.exp-nodecay-regpre.npz,save_all/MSAGAT-Net.region785.w-20.h-3.none.seed-45.with_adj.loggrowth.quant.exp-nodecay-regpre.pt,,manifest_missing
MSAGAT-Net.region785.w-20.h-3.none.seed-45.with_adj.loggrowth.quant,MSAGAT-Net,current,region785,3,45,20,none,True,default,loggrowth,True,,,False,,,,MSAGAT-Net.loggrowth.quant,157,654.821344,654.821344,True,True,,,,,20260814_032911,report/predictions/region785/MSAGAT-Net.region785.w-20.h-3.none.seed-45.with_adj.loggrowth.quant.npz,save_all/MSAGAT-Net.region785.w-20.h-3.none.seed-45.with_adj.loggrowth.quant.pt,,manifest_missing
MSAGAT-Net.region785.w-20.h-3.none.seed-45.with_adj,MSAGAT-Net,current,region785,3,45,20,none,True,default,level,False,,,False,,,,MSAGAT-Net,157,866.828552,866.828523,True,False,,,,,20260811_092536,report/predictions/region785/MSAGAT-Net.region785.w-20.h-3.none.seed-45.with_adj.npz,save_all/MSAGAT-Net.region785.w-20.h-3.none.seed-45.with_adj.pt,,manifest_missing
MSAGAT-Net.region785.w-20.h-5.none.seed-1000.with_adj.loggrowth.quant.exp-nodecay-regpre,MSAGAT-Net,current,region785,5,1000,20,none,True,default,loggrowth,True,,nodecay-regpre,False,,,,MSAGAT-Net.loggrowth.quant.exp-nodecay-regpre,157,811.44041,811.44041,True,True,,,,,20260819_082831,report/predictions/region785/MSAGAT-Net.region785.w-20.h-5.none.seed-1000.with_adj.loggrowth.quant.exp-nodecay-regpre.npz,save_all/MSAGAT-Net.region785.w-20.h-5.none.seed-1000.with_adj.loggrowth.quant.exp-nodecay-regpre.pt,,manifest_missing
MSAGAT-Net.region785.w-20.h-5.none.seed-1000.with_adj.loggrowth.quant,MSAGAT-Net,current,region785,5,1000,20,none,True,default,loggrowth,True,,,False,,,,MSAGAT-Net.loggrowth.quant,157,784.789929,784.789929,True,True,,,,,20260814_032921,report/predictions/region785/MSAGAT-Net.region785.w-20.h-5.none.seed-1000.with_adj.loggrowth.quant.npz,save_all/MSAGAT-Net.region785.w-20.h-5.none.seed-1000.with_adj.loggrowth.quant.pt,,manifest_missing
MSAGAT-Net.region785.w-20.h-5.none.seed-1000.with_adj,MSAGAT-Net,current,region785,5,1000,20,none,True,default,level,False,,,False,,,,MSAGAT-Net,157,1020.928467,1020.928468,True,False,,,,,20260811_092655,report/predictions/region785/MSAGAT-Net.region785.w-20.h-5.none.seed-1000.with_adj.npz,save_all/MSAGAT-Net.region785.w-20.h-5.none.seed-1000.with_adj.pt,,manifest_missing
MSAGAT-Net.region785.w-20.h-5.none.seed-123.with_adj.loggrowth.quant.exp-nodecay-regpre,MSAGAT-Net,current,region785,5,123,20,none,True,default,loggrowth,True,,nodecay-regpre,False,,,,MSAGAT-Net.loggrowth.quant.exp-nodecay-regpre,157,813.209388,813.209388,True,True,,,,,20260819_082727,report/predictions/region785/MSAGAT-Net.region785.w-20.h-5.none.seed-123.with_adj.loggrowth.quant.exp-nodecay-regpre.npz,save_all/MSAGAT-Net.region785.w-20.h-5.none.seed-123.with_adj.loggrowth.quant.exp-nodecay-regpre.pt,,manifest_missing
MSAGAT-Net.region785.w-20.h-5.none.seed-123.with_adj.loggrowth.quant,MSAGAT-Net,current,region785,5,123,20,none,True,default,loggrowth,True,,,False,,,,MSAGAT-Net.loggrowth.quant,157,855.902955,855.902955,True,True,,,,,20260814_032936,report/predictions/region785/MSAGAT-Net.region785.w-20.h-5.none.seed-123.with_adj.loggrowth.quant.npz,save_all/MSAGAT-Net.region785.w-20.h-5.none.seed-123.with_adj.loggrowth.quant.pt,,manifest_missing
MSAGAT-Net.region785.w-20.h-5.none.seed-123.with_adj,MSAGAT-Net,current,region785,5,123,20,none,True,default,level,False,,,False,,,,MSAGAT-Net,157,882.159607,882.159637,True,False,,,,,20260811_092643,report/predictions/region785/MSAGAT-Net.region785.w-20.h-5.none.seed-123.with_adj.npz,save_all/MSAGAT-Net.region785.w-20.h-5.none.seed-123.with_adj.pt,,manifest_missing
MSAGAT-Net.region785.w-20.h-5.none.seed-30.with_adj.loggrowth.quant.exp-nodecay-regpre,MSAGAT-Net,current,region785,5,30,20,none,True,default,loggrowth,True,,nodecay-regpre,False,,,,MSAGAT-Net.loggrowth.quant.exp-nodecay-regpre,157,794.717728,794.717728,True,True,,,,,20260819_082557,report/predictions/region785/MSAGAT-Net.region785.w-20.h-5.none.seed-30.with_adj.loggrowth.quant.exp-nodecay-regpre.npz,save_all/MSAGAT-Net.region785.w-20.h-5.none.seed-30.with_adj.loggrowth.quant.exp-nodecay-regpre.pt,,manifest_missing
MSAGAT-Net.region785.w-20.h-5.none.seed-30.with_adj.loggrowth.quant,MSAGAT-Net,current,region785,5,30,20,none,True,default,loggrowth,True,,,False,,,,MSAGAT-Net.loggrowth.quant,157,813.36263,813.36263,True,True,,,,,20260814_032949,report/predictions/region785/MSAGAT-Net.region785.w-20.h-5.none.seed-30.with_adj.loggrowth.quant.npz,save_all/MSAGAT-Net.region785.w-20.h-5.none.seed-30.with_adj.loggrowth.quant.pt,,manifest_missing
MSAGAT-Net.region785.w-20.h-5.none.seed-30.with_adj,MSAGAT-Net,current,region785,5,30,20,none,True,default,level,False,,,False,,,,MSAGAT-Net,157,836.50116,836.501158,True,False,,,,,20260811_092621,report/predictions/region785/MSAGAT-Net.region785.w-20.h-5.none.seed-30.with_adj.npz,save_all/MSAGAT-Net.region785.w-20.h-5.none.seed-30.with_adj.pt,,manifest_missing
MSAGAT-Net.region785.w-20.h-5.none.seed-42.with_adj.loggrowth.quant.exp-nodecay-regpre,MSAGAT-Net,current,region785,5,42,20,none,True,default,loggrowth,True,,nodecay-regpre,False,,,,MSAGAT-Net.loggrowth.quant.exp-nodecay-regpre,157,786.058863,786.058863,True,True,,,,,20260819_082412,report/predictions/region785/MSAGAT-Net.region785.w-20.h-5.none.seed-42.with_adj.loggrowth.quant.exp-nodecay-regpre.npz,save_all/MSAGAT-Net.region785.w-20.h-5.none.seed-42.with_adj.loggrowth.quant.exp-nodecay-regpre.pt,,manifest_missing
MSAGAT-Net.region785.w-20.h-5.none.seed-42.with_adj.loggrowth.quant,MSAGAT-Net,current,region785,5,42,20,none,True,default,loggrowth,True,,,False,,,,MSAGAT-Net.loggrowth.quant,157,795.341454,795.341454,True,True,,,,,20260814_033000,report/predictions/region785/MSAGAT-Net.region785.w-20.h-5.none.seed-42.with_adj.loggrowth.quant.npz,save_all/MSAGAT-Net.region785.w-20.h-5.none.seed-42.with_adj.loggrowth.quant.pt,,manifest_missing
MSAGAT-Net.region785.w-20.h-5.none.seed-42.with_adj,MSAGAT-Net,current,region785,5,42,20,none,True,default,level,False,,,False,,,,MSAGAT-Net,157,901.965271,901.96525,True,False,,,,,20260811_092610,report/predictions/region785/MSAGAT-Net.region785.w-20.h-5.none.seed-42.with_adj.npz,save_all/MSAGAT-Net.region785.w-20.h-5.none.seed-42.with_adj.pt,,manifest_missing
MSAGAT-Net.region785.w-20.h-5.none.seed-45.with_adj.loggrowth.quant.exp-nodecay-regpre,MSAGAT-Net,current,region785,5,45,20,none,True,default,loggrowth,True,,nodecay-regpre,False,,,,MSAGAT-Net.loggrowth.quant.exp-nodecay-regpre,157,795.56742,795.56742,True,True,,,,,20260819_082631,report/predictions/region785/MSAGAT-Net.region785.w-20.h-5.none.seed-45.with_adj.loggrowth.quant.exp-nodecay-regpre.npz,save_all/MSAGAT-Net.region785.w-20.h-5.none.seed-45.with_adj.loggrowth.quant.exp-nodecay-regpre.pt,,manifest_missing
MSAGAT-Net.region785.w-20.h-5.none.seed-45.with_adj.loggrowth.quant,MSAGAT-Net,current,region785,5,45,20,none,True,default,loggrowth,True,,,False,,,,MSAGAT-Net.loggrowth.quant,157,756.575831,756.575831,True,True,,,,,20260814_033014,report/predictions/region785/MSAGAT-Net.region785.w-20.h-5.none.seed-45.with_adj.loggrowth.quant.npz,save_all/MSAGAT-Net.region785.w-20.h-5.none.seed-45.with_adj.loggrowth.quant.pt,,manifest_missing
MSAGAT-Net.region785.w-20.h-5.none.seed-45.with_adj,MSAGAT-Net,current,region785,5,45,20,none,True,default,level,False,,,False,,,,MSAGAT-Net,157,849.353821,849.353835,True,False,,,,,20260811_092632,report/predictions/region785/MSAGAT-Net.region785.w-20.h-5.none.seed-45.with_adj.npz,save_all/MSAGAT-Net.region785.w-20.h-5.none.seed-45.with_adj.pt,,manifest_missing
cola_gnn.region785.w-20.h-10.none.seed-1000,cola_gnn,current,region785,10,1000,20,none,,,,,,,,,,,cola_gnn,157,1037.702271,,False,False,,,,,,report/predictions/region785/cola_gnn.region785.w-20.h-10.none.seed-1000.npz,,,ok
cola_gnn.region785.w-20.h-10.none.seed-123,cola_gnn,current,region785,10,123,20,none,,,,,,,,,,,cola_gnn,157,956.098206,,False,False,,,,,,report/predictions/region785/cola_gnn.region785.w-20.h-10.none.seed-123.npz,,,ok
cola_gnn.region785.w-20.h-10.none.seed-30,cola_gnn,current,region785,10,30,20,none,,,,,,,,,,,cola_gnn,157,1012.354309,,False,False,,,,,,report/predictions/region785/cola_gnn.region785.w-20.h-10.none.seed-30.npz,,,ok
cola_gnn.region785.w-20.h-10.none.seed-42,cola_gnn,current,region785,10,42,20,none,,,,,,,,,,,cola_gnn,157,844.084473,,False,False,,,,,,report/predictions/region785/cola_gnn.region785.w-20.h-10.none.seed-42.npz,,,ok
cola_gnn.region785.w-20.h-10.none.seed-42.oldckpt,cola_gnn,oldckpt,region785,10,42,20,none,,,,,,,,,,,cola_gnn,148,936.899048,,False,False,,,,,,report/predictions/region785/cola_gnn.region785.w-20.h-10.none.seed-42.oldckpt.npz,,,ok
cola_gnn.region785.w-20.h-10.none.seed-45,cola_gnn,current,region785,10,45,20,none,,,,,,,,,,,cola_gnn,157,984.851929,,False,False,,,,,,report/predictions/region785/cola_gnn.region785.w-20.h-10.none.seed-45.npz,,,ok
cola_gnn.region785.w-20.h-15.none.seed-1000,cola_gnn,current,region785,15,1000,20,none,,,,,,,,,,,cola_gnn,157,1066.753662,,False,False,,,,,,report/predictions/region785/cola_gnn.region785.w-20.h-15.none.seed-1000.npz,,,ok
cola_gnn.region785.w-20.h-15.none.seed-123,cola_gnn,current,region785,15,123,20,none,,,,,,,,,,,cola_gnn,157,1086.23645,,False,False,,,,,,report/predictions/region785/cola_gnn.region785.w-20.h-15.none.seed-123.npz,,,ok
cola_gnn.region785.w-20.h-15.none.seed-30,cola_gnn,current,region785,15,30,20,none,,,,,,,,,,,cola_gnn,157,994.004211,,False,False,,,,,,report/predictions/region785/cola_gnn.region785.w-20.h-15.none.seed-30.npz,,,ok
cola_gnn.region785.w-20.h-15.none.seed-42,cola_gnn,current,region785,15,42,20,none,,,,,,,,,,,cola_gnn,157,910.549255,,False,False,,,,,,report/predictions/region785/cola_gnn.region785.w-20.h-15.none.seed-42.npz,,,ok
cola_gnn.region785.w-20.h-15.none.seed-42.oldckpt,cola_gnn,oldckpt,region785,15,42,20,none,,,,,,,,,,,cola_gnn,143,1110.32605,,False,False,,,,,,report/predictions/region785/cola_gnn.region785.w-20.h-15.none.seed-42.oldckpt.npz,,,ok
cola_gnn.region785.w-20.h-15.none.seed-45,cola_gnn,current,region785,15,45,20,none,,,,,,,,,,,cola_gnn,157,1059.292847,,False,False,,,,,,report/predictions/region785/cola_gnn.region785.w-20.h-15.none.seed-45.npz,,,ok
cola_gnn.region785.w-20.h-3.none.seed-1000,cola_gnn,current,region785,3,1000,20,none,,,,,,,,,,,cola_gnn,157,715.245483,,False,False,,,,,,report/predictions/region785/cola_gnn.region785.w-20.h-3.none.seed-1000.npz,,,ok
cola_gnn.region785.w-20.h-3.none.seed-123,cola_gnn,current,region785,3,123,20,none,,,,,,,,,,,cola_gnn,157,701.713257,,False,False,,,,,,report/predictions/region785/cola_gnn.region785.w-20.h-3.none.seed-123.npz,,,ok
cola_gnn.region785.w-20.h-3.none.seed-30,cola_gnn,current,region785,3,30,20,none,,,,,,,,,,,cola_gnn,157,677.79541,,False,False,,,,,,report/predictions/region785/cola_gnn.region785.w-20.h-3.none.seed-30.npz,,,ok
cola_gnn.region785.w-20.h-3.none.seed-42,cola_gnn,current,region785,3,42,20,none,,,,,,,,,,,cola_gnn,157,676.401489,,False,False,,,,,,report/predictions/region785/cola_gnn.region785.w-20.h-3.none.seed-42.npz,,,ok
cola_gnn.region785.w-20.h-3.none.seed-42.oldckpt,cola_gnn,oldckpt,region785,3,42,20,none,,,,,,,,,,,cola_gnn,155,674.778076,,False,False,,,,,,report/predictions/region785/cola_gnn.region785.w-20.h-3.none.seed-42.oldckpt.npz,,,ok
cola_gnn.region785.w-20.h-3.none.seed-45,cola_gnn,current,region785,3,45,20,none,,,,,,,,,,,cola_gnn,157,679.21759,,False,False,,,,,,report/predictions/region785/cola_gnn.region785.w-20.h-3.none.seed-45.npz,,,ok
cola_gnn.region785.w-20.h-5.none.seed-1000,cola_gnn,current,region785,5,1000,20,none,,,,,,,,,,,cola_gnn,157,829.503784,,False,False,,,,,,report/predictions/region785/cola_gnn.region785.w-20.h-5.none.seed-1000.npz,,,ok
cola_gnn.region785.w-20.h-5.none.seed-123,cola_gnn,current,region785,5,123,20,none,,,,,,,,,,,cola_gnn,157,948.615051,,False,False,,,,,,report/predictions/region785/cola_gnn.region785.w-20.h-5.none.seed-123.npz,,,ok
cola_gnn.region785.w-20.h-5.none.seed-30,cola_gnn,current,region785,5,30,20,none,,,,,,,,,,,cola_gnn,157,859.142212,,False,False,,,,,,report/predictions/region785/cola_gnn.region785.w-20.h-5.none.seed-30.npz,,,ok
cola_gnn.region785.w-20.h-5.none.seed-42,cola_gnn,current,region785,5,42,20,none,,,,,,,,,,,cola_gnn,157,891.594543,,False,False,,,,,,report/predictions/region785/cola_gnn.region785.w-20.h-5.none.seed-42.npz,,,ok
cola_gnn.region785.w-20.h-5.none.seed-42.oldckpt,cola_gnn,oldckpt,region785,5,42,20,none,,,,,,,,,,,cola_gnn,153,934.568848,,False,False,,,,,,report/predictions/region785/cola_gnn.region785.w-20.h-5.none.seed-42.oldckpt.npz,,,ok
cola_gnn.region785.w-20.h-5.none.seed-45,cola_gnn,current,region785,5,45,20,none,,,,,,,,,,,cola_gnn,157,984.207214,,False,False,,,,,,report/predictions/region785/cola_gnn.region785.w-20.h-5.none.seed-45.npz,,,ok
cola_gnn_lg.region785.w-20.h-10.none.seed-1000,cola_gnn_lg,current,region785,10,1000,20,none,,,,,,,,,,,cola_gnn_lg,157,1239.598145,,False,False,,,,,,report/predictions/region785/cola_gnn_lg.region785.w-20.h-10.none.seed-1000.npz,,,ok
cola_gnn_lg.region785.w-20.h-10.none.seed-123,cola_gnn_lg,current,region785,10,123,20,none,,,,,,,,,,,cola_gnn_lg,157,1191.035034,,False,False,,,,,,report/predictions/region785/cola_gnn_lg.region785.w-20.h-10.none.seed-123.npz,,,ok
cola_gnn_lg.region785.w-20.h-10.none.seed-30,cola_gnn_lg,current,region785,10,30,20,none,,,,,,,,,,,cola_gnn_lg,157,1032.117188,,False,False,,,,,,report/predictions/region785/cola_gnn_lg.region785.w-20.h-10.none.seed-30.npz,,,ok
cola_gnn_lg.region785.w-20.h-10.none.seed-42,cola_gnn_lg,current,region785,10,42,20,none,,,,,,,,,,,cola_gnn_lg,157,1191.08667,,False,False,,,,,,report/predictions/region785/cola_gnn_lg.region785.w-20.h-10.none.seed-42.npz,,,ok
cola_gnn_lg.region785.w-20.h-10.none.seed-45,cola_gnn_lg,current,region785,10,45,20,none,,,,,,,,,,,cola_gnn_lg,157,974.792847,,False,False,,,,,,report/predictions/region785/cola_gnn_lg.region785.w-20.h-10.none.seed-45.npz,,,ok
cola_gnn_lg.region785.w-20.h-15.none.seed-1000,cola_gnn_lg,current,region785,15,1000,20,none,,,,,,,,,,,cola_gnn_lg,157,1227.674194,,False,False,,,,,,report/predictions/region785/cola_gnn_lg.region785.w-20.h-15.none.seed-1000.npz,,,ok
cola_gnn_lg.region785.w-20.h-15.none.seed-123,cola_gnn_lg,current,region785,15,123,20,none,,,,,,,,,,,cola_gnn_lg,157,1226.042603,,False,False,,,,,,report/predictions/region785/cola_gnn_lg.region785.w-20.h-15.none.seed-123.npz,,,ok
cola_gnn_lg.region785.w-20.h-15.none.seed-30,cola_gnn_lg,current,region785,15,30,20,none,,,,,,,,,,,cola_gnn_lg,157,875.488037,,False,False,,,,,,report/predictions/region785/cola_gnn_lg.region785.w-20.h-15.none.seed-30.npz,,,ok
cola_gnn_lg.region785.w-20.h-15.none.seed-42,cola_gnn_lg,current,region785,15,42,20,none,,,,,,,,,,,cola_gnn_lg,157,1083.30957,,False,False,,,,,,report/predictions/region785/cola_gnn_lg.region785.w-20.h-15.none.seed-42.npz,,,ok
cola_gnn_lg.region785.w-20.h-15.none.seed-45,cola_gnn_lg,current,region785,15,45,20,none,,,,,,,,,,,cola_gnn_lg,157,1040.094727,,False,False,,,,,,report/predictions/region785/cola_gnn_lg.region785.w-20.h-15.none.seed-45.npz,,,ok
cola_gnn_lg.region785.w-20.h-3.none.seed-1000,cola_gnn_lg,current,region785,3,1000,20,none,,,,,,,,,,,cola_gnn_lg,157,719.91803,,False,False,,,,,,report/predictions/region785/cola_gnn_lg.region785.w-20.h-3.none.seed-1000.npz,,,ok
cola_gnn_lg.region785.w-20.h-3.none.seed-123,cola_gnn_lg,current,region785,3,123,20,none,,,,,,,,,,,cola_gnn_lg,157,640.249084,,False,False,,,,,,report/predictions/region785/cola_gnn_lg.region785.w-20.h-3.none.seed-123.npz,,,ok
cola_gnn_lg.region785.w-20.h-3.none.seed-30,cola_gnn_lg,current,region785,3,30,20,none,,,,,,,,,,,cola_gnn_lg,157,604.445923,,False,False,,,,,,report/predictions/region785/cola_gnn_lg.region785.w-20.h-3.none.seed-30.npz,,,ok
cola_gnn_lg.region785.w-20.h-3.none.seed-42,cola_gnn_lg,current,region785,3,42,20,none,,,,,,,,,,,cola_gnn_lg,157,648.787354,,False,False,,,,,,report/predictions/region785/cola_gnn_lg.region785.w-20.h-3.none.seed-42.npz,,,ok
cola_gnn_lg.region785.w-20.h-3.none.seed-45,cola_gnn_lg,current,region785,3,45,20,none,,,,,,,,,,,cola_gnn_lg,157,681.001892,,False,False,,,,,,report/predictions/region785/cola_gnn_lg.region785.w-20.h-3.none.seed-45.npz,,,ok
cola_gnn_lg.region785.w-20.h-5.none.seed-1000,cola_gnn_lg,current,region785,5,1000,20,none,,,,,,,,,,,cola_gnn_lg,157,1021.778564,,False,False,,,,,,report/predictions/region785/cola_gnn_lg.region785.w-20.h-5.none.seed-1000.npz,,,ok
cola_gnn_lg.region785.w-20.h-5.none.seed-123,cola_gnn_lg,current,region785,5,123,20,none,,,,,,,,,,,cola_gnn_lg,157,766.465332,,False,False,,,,,,report/predictions/region785/cola_gnn_lg.region785.w-20.h-5.none.seed-123.npz,,,ok
cola_gnn_lg.region785.w-20.h-5.none.seed-30,cola_gnn_lg,current,region785,5,30,20,none,,,,,,,,,,,cola_gnn_lg,157,918.479858,,False,False,,,,,,report/predictions/region785/cola_gnn_lg.region785.w-20.h-5.none.seed-30.npz,,,ok
cola_gnn_lg.region785.w-20.h-5.none.seed-42,cola_gnn_lg,current,region785,5,42,20,none,,,,,,,,,,,cola_gnn_lg,157,798.830933,,False,False,,,,,,report/predictions/region785/cola_gnn_lg.region785.w-20.h-5.none.seed-42.npz,,,ok
cola_gnn_lg.region785.w-20.h-5.none.seed-45,cola_gnn_lg,current,region785,5,45,20,none,,,,,,,,,,,cola_gnn_lg,157,732.833984,,False,False,,,,,,report/predictions/region785/cola_gnn_lg.region785.w-20.h-5.none.seed-45.npz,,,ok
dcrnn.region785.w-20.h-10.none.seed-1000,dcrnn,current,region785,10,1000,20,none,,,,,,,,,,,dcrnn,157,1549.296265,,False,False,,,,,,report/predictions/region785/dcrnn.region785.w-20.h-10.none.seed-1000.npz,,,ok
dcrnn.region785.w-20.h-10.none.seed-123,dcrnn,current,region785,10,123,20,none,,,,,,,,,,,dcrnn,157,1446.096802,,False,False,,,,,,report/predictions/region785/dcrnn.region785.w-20.h-10.none.seed-123.npz,,,ok
dcrnn.region785.w-20.h-10.none.seed-30,dcrnn,current,region785,10,30,20,none,,,,,,,,,,,dcrnn,157,1441.947388,,False,False,,,,,,report/predictions/region785/dcrnn.region785.w-20.h-10.none.seed-30.npz,,,ok
dcrnn.region785.w-20.h-10.none.seed-42,dcrnn,current,region785,10,42,20,none,,,,,,,,,,,dcrnn,157,1500.310181,,False,False,,,,,,report/predictions/region785/dcrnn.region785.w-20.h-10.none.seed-42.npz,,,ok
dcrnn.region785.w-20.h-10.none.seed-42.oldckpt,dcrnn,oldckpt,region785,10,42,20,none,,,,,,,,,,,dcrnn,148,1603.061401,,False,False,,,,,,report/predictions/region785/dcrnn.region785.w-20.h-10.none.seed-42.oldckpt.npz,,,ok
dcrnn.region785.w-20.h-10.none.seed-45,dcrnn,current,region785,10,45,20,none,,,,,,,,,,,dcrnn,157,1530.141968,,False,False,,,,,,report/predictions/region785/dcrnn.region785.w-20.h-10.none.seed-45.npz,,,ok
dcrnn.region785.w-20.h-15.none.seed-1000,dcrnn,current,region785,15,1000,20,none,,,,,,,,,,,dcrnn,157,1666.938477,,False,False,,,,,,report/predictions/region785/dcrnn.region785.w-20.h-15.none.seed-1000.npz,,,ok
dcrnn.region785.w-20.h-15.none.seed-123,dcrnn,current,region785,15,123,20,none,,,,,,,,,,,dcrnn,157,1447.602783,,False,False,,,,,,report/predictions/region785/dcrnn.region785.w-20.h-15.none.seed-123.npz,,,ok
dcrnn.region785.w-20.h-15.none.seed-30,dcrnn,current,region785,15,30,20,none,,,,,,,,,,,dcrnn,157,1481.196533,,False,False,,,,,,report/predictions/region785/dcrnn.region785.w-20.h-15.none.seed-30.npz,,,ok
dcrnn.region785.w-20.h-15.none.seed-42,dcrnn,current,region785,15,42,20,none,,,,,,,,,,,dcrnn,157,1645.275146,,False,False,,,,,,report/predictions/region785/dcrnn.region785.w-20.h-15.none.seed-42.npz,,,ok
dcrnn.region785.w-20.h-15.none.seed-42.oldckpt,dcrnn,oldckpt,region785,15,42,20,none,,,,,,,,,,,dcrnn,143,1723.310425,,False,False,,,,,,report/predictions/region785/dcrnn.region785.w-20.h-15.none.seed-42.oldckpt.npz,,,ok
dcrnn.region785.w-20.h-15.none.seed-45,dcrnn,current,region785,15,45,20,none,,,,,,,,,,,dcrnn,157,1634.629395,,False,False,,,,,,report/predictions/region785/dcrnn.region785.w-20.h-15.none.seed-45.npz,,,ok
dcrnn.region785.w-20.h-3.none.seed-1000,dcrnn,current,region785,3,1000,20,none,,,,,,,,,,,dcrnn,157,975.970581,,False,False,,,,,,report/predictions/region785/dcrnn.region785.w-20.h-3.none.seed-1000.npz,,,ok
dcrnn.region785.w-20.h-3.none.seed-123,dcrnn,current,region785,3,123,20,none,,,,,,,,,,,dcrnn,157,887.00293,,False,False,,,,,,report/predictions/region785/dcrnn.region785.w-20.h-3.none.seed-123.npz,,,ok
dcrnn.region785.w-20.h-3.none.seed-30,dcrnn,current,region785,3,30,20,none,,,,,,,,,,,dcrnn,157,925.437256,,False,False,,,,,,report/predictions/region785/dcrnn.region785.w-20.h-3.none.seed-30.npz,,,ok
dcrnn.region785.w-20.h-3.none.seed-42,dcrnn,current,region785,3,42,20,none,,,,,,,,,,,dcrnn,157,964.76178,,False,False,,,,,,report/predictions/region785/dcrnn.region785.w-20.h-3.none.seed-42.npz,,,ok
dcrnn.region785.w-20.h-3.none.seed-42.oldckpt,dcrnn,oldckpt,region785,3,42,20,none,,,,,,,,,,,dcrnn,155,1000.426941,,False,False,,,,,,report/predictions/region785/dcrnn.region785.w-20.h-3.none.seed-42.oldckpt.npz,,,ok
dcrnn.region785.w-20.h-3.none.seed-45,dcrnn,current,region785,3,45,20,none,,,,,,,,,,,dcrnn,157,918.178162,,False,False,,,,,,report/predictions/region785/dcrnn.region785.w-20.h-3.none.seed-45.npz,,,ok
dcrnn.region785.w-20.h-5.none.seed-1000,dcrnn,current,region785,5,1000,20,none,,,,,,,,,,,dcrnn,157,1214.515625,,False,False,,,,,,report/predictions/region785/dcrnn.region785.w-20.h-5.none.seed-1000.npz,,,ok
dcrnn.region785.w-20.h-5.none.seed-123,dcrnn,current,region785,5,123,20,none,,,,,,,,,,,dcrnn,157,1186.381836,,False,False,,,,,,report/predictions/region785/dcrnn.region785.w-20.h-5.none.seed-123.npz,,,ok
dcrnn.region785.w-20.h-5.none.seed-30,dcrnn,current,region785,5,30,20,none,,,,,,,,,,,dcrnn,157,1186.677612,,False,False,,,,,,report/predictions/region785/dcrnn.region785.w-20.h-5.none.seed-30.npz,,,ok
dcrnn.region785.w-20.h-5.none.seed-42,dcrnn,current,region785,5,42,20,none,,,,,,,,,,,dcrnn,157,1227.846069,,False,False,,,,,,report/predictions/region785/dcrnn.region785.w-20.h-5.none.seed-42.npz,,,ok
dcrnn.region785.w-20.h-5.none.seed-42.oldckpt,dcrnn,oldckpt,region785,5,42,20,none,,,,,,,,,,,dcrnn,153,1291.193359,,False,False,,,,,,report/predictions/region785/dcrnn.region785.w-20.h-5.none.seed-42.oldckpt.npz,,,ok
dcrnn.region785.w-20.h-5.none.seed-45,dcrnn,current,region785,5,45,20,none,,,,,,,,,,,dcrnn,157,1180.155029,,False,False,,,,,,report/predictions/region785/dcrnn.region785.w-20.h-5.none.seed-45.npz,,,ok
epignn.region785.w-20.h-10.none.seed-1000,epignn,current,region785,10,1000,20,none,,,,,,,,,,,epignn,157,1177.235962,,False,False,,,,,,report/predictions/region785/epignn.region785.w-20.h-10.none.seed-1000.npz,,,ok
epignn.region785.w-20.h-10.none.seed-123,epignn,current,region785,10,123,20,none,,,,,,,,,,,epignn,157,1233.762329,,False,False,,,,,,report/predictions/region785/epignn.region785.w-20.h-10.none.seed-123.npz,,,ok
epignn.region785.w-20.h-10.none.seed-30,epignn,current,region785,10,30,20,none,,,,,,,,,,,epignn,157,1052.561035,,False,False,,,,,,report/predictions/region785/epignn.region785.w-20.h-10.none.seed-30.npz,,,ok
epignn.region785.w-20.h-10.none.seed-42,epignn,current,region785,10,42,20,none,,,,,,,,,,,epignn,157,1168.902588,,False,False,,,,,,report/predictions/region785/epignn.region785.w-20.h-10.none.seed-42.npz,,,ok
epignn.region785.w-20.h-10.none.seed-42.oldckpt,epignn,oldckpt,region785,10,42,20,none,,,,,,,,,,,epignn,157,1168.902588,,False,False,,,,,,report/predictions/region785/epignn.region785.w-20.h-10.none.seed-42.oldckpt.npz,,,ok
epignn.region785.w-20.h-10.none.seed-45,epignn,current,region785,10,45,20,none,,,,,,,,,,,epignn,157,950.119995,,False,False,,,,,,report/predictions/region785/epignn.region785.w-20.h-10.none.seed-45.npz,,,ok
epignn.region785.w-20.h-15.none.seed-1000,epignn,current,region785,15,1000,20,none,,,,,,,,,,,epignn,157,1303.394531,,False,False,,,,,,report/predictions/region785/epignn.region785.w-20.h-15.none.seed-1000.npz,,,ok
epignn.region785.w-20.h-15.none.seed-123,epignn,current,region785,15,123,20,none,,,,,,,,,,,epignn,157,1054.95752,,False,False,,,,,,report/predictions/region785/epignn.region785.w-20.h-15.none.seed-123.npz,,,ok
epignn.region785.w-20.h-15.none.seed-30,epignn,current,region785,15,30,20,none,,,,,,,,,,,epignn,157,1009.581299,,False,False,,,,,,report/predictions/region785/epignn.region785.w-20.h-15.none.seed-30.npz,,,ok
epignn.region785.w-20.h-15.none.seed-42,epignn,current,region785,15,42,20,none,,,,,,,,,,,epignn,157,1223.630981,,False,False,,,,,,report/predictions/region785/epignn.region785.w-20.h-15.none.seed-42.npz,,,ok
epignn.region785.w-20.h-15.none.seed-42.oldckpt,epignn,oldckpt,region785,15,42,20,none,,,,,,,,,,,epignn,157,1223.630981,,False,False,,,,,,report/predictions/region785/epignn.region785.w-20.h-15.none.seed-42.oldckpt.npz,,,ok
epignn.region785.w-20.h-15.none.seed-45,epignn,current,region785,15,45,20,none,,,,,,,,,,,epignn,157,1264.550903,,False,False,,,,,,report/predictions/region785/epignn.region785.w-20.h-15.none.seed-45.npz,,,ok
epignn.region785.w-20.h-3.none.seed-1000,epignn,current,region785,3,1000,20,none,,,,,,,,,,,epignn,157,669.430115,,False,False,,,,,,report/predictions/region785/epignn.region785.w-20.h-3.none.seed-1000.npz,,,ok
epignn.region785.w-20.h-3.none.seed-123,epignn,current,region785,3,123,20,none,,,,,,,,,,,epignn,157,652.437012,,False,False,,,,,,report/predictions/region785/epignn.region785.w-20.h-3.none.seed-123.npz,,,ok
epignn.region785.w-20.h-3.none.seed-30,epignn,current,region785,3,30,20,none,,,,,,,,,,,epignn,157,673.643188,,False,False,,,,,,report/predictions/region785/epignn.region785.w-20.h-3.none.seed-30.npz,,,ok
epignn.region785.w-20.h-3.none.seed-42,epignn,current,region785,3,42,20,none,,,,,,,,,,,epignn,157,688.907532,,False,False,,,,,,report/predictions/region785/epignn.region785.w-20.h-3.none.seed-42.npz,,,ok
epignn.region785.w-20.h-3.none.seed-42.oldckpt,epignn,oldckpt,region785,3,42,20,none,,,,,,,,,,,epignn,157,688.907532,,False,False,,,,,,report/predictions/region785/epignn.region785.w-20.h-3.none.seed-42.oldckpt.npz,,,ok
epignn.region785.w-20.h-3.none.seed-45,epignn,current,region785,3,45,20,none,,,,,,,,,,,epignn,157,657.838318,,False,False,,,,,,report/predictions/region785/epignn.region785.w-20.h-3.none.seed-45.npz,,,ok
epignn.region785.w-20.h-5.none.seed-1000,epignn,current,region785,5,1000,20,none,,,,,,,,,,,epignn,157,887.488037,,False,False,,,,,,report/predictions/region785/epignn.region785.w-20.h-5.none.seed-1000.npz,,,ok
epignn.region785.w-20.h-5.none.seed-123,epignn,current,region785,5,123,20,none,,,,,,,,,,,epignn,157,869.176025,,False,False,,,,,,report/predictions/region785/epignn.region785.w-20.h-5.none.seed-123.npz,,,ok
epignn.region785.w-20.h-5.none.seed-30,epignn,current,region785,5,30,20,none,,,,,,,,,,,epignn,157,863.113953,,False,False,,,,,,report/predictions/region785/epignn.region785.w-20.h-5.none.seed-30.npz,,,ok
epignn.region785.w-20.h-5.none.seed-42,epignn,current,region785,5,42,20,none,,,,,,,,,,,epignn,157,851.939392,,False,False,,,,,,report/predictions/region785/epignn.region785.w-20.h-5.none.seed-42.npz,,,ok
epignn.region785.w-20.h-5.none.seed-42.oldckpt,epignn,oldckpt,region785,5,42,20,none,,,,,,,,,,,epignn,157,851.939392,,False,False,,,,,,report/predictions/region785/epignn.region785.w-20.h-5.none.seed-42.oldckpt.npz,,,ok
epignn.region785.w-20.h-5.none.seed-45,epignn,current,region785,5,45,20,none,,,,,,,,,,,epignn,157,783.937683,,False,False,,,,,,report/predictions/region785/epignn.region785.w-20.h-5.none.seed-45.npz,,,ok
lstnet.region785.w-20.h-10.none.seed-1000,lstnet,current,region785,10,1000,20,none,,,,,,,,,,,lstnet,157,1036.723877,,False,False,,,,,,report/predictions/region785/lstnet.region785.w-20.h-10.none.seed-1000.npz,,,ok
lstnet.region785.w-20.h-10.none.seed-123,lstnet,current,region785,10,123,20,none,,,,,,,,,,,lstnet,157,1149.733887,,False,False,,,,,,report/predictions/region785/lstnet.region785.w-20.h-10.none.seed-123.npz,,,ok
lstnet.region785.w-20.h-10.none.seed-30,lstnet,current,region785,10,30,20,none,,,,,,,,,,,lstnet,157,1093.479248,,False,False,,,,,,report/predictions/region785/lstnet.region785.w-20.h-10.none.seed-30.npz,,,ok
lstnet.region785.w-20.h-10.none.seed-42,lstnet,current,region785,10,42,20,none,,,,,,,,,,,lstnet,157,1016.53302,,False,False,,,,,,report/predictions/region785/lstnet.region785.w-20.h-10.none.seed-42.npz,,,ok
lstnet.region785.w-20.h-10.none.seed-42.oldckpt,lstnet,oldckpt,region785,10,42,20,none,,,,,,,,,,,lstnet,148,1116.272217,,False,False,,,,,,report/predictions/region785/lstnet.region785.w-20.h-10.none.seed-42.oldckpt.npz,,,ok
lstnet.region785.w-20.h-10.none.seed-45,lstnet,current,region785,10,45,20,none,,,,,,,,,,,lstnet,157,1106.542236,,False,False,,,,,,report/predictions/region785/lstnet.region785.w-20.h-10.none.seed-45.npz,,,ok
lstnet.region785.w-20.h-15.none.seed-1000,lstnet,current,region785,15,1000,20,none,,,,,,,,,,,lstnet,157,1200.058716,,False,False,,,,,,report/predictions/region785/lstnet.region785.w-20.h-15.none.seed-1000.npz,,,ok
lstnet.region785.w-20.h-15.none.seed-123,lstnet,current,region785,15,123,20,none,,,,,,,,,,,lstnet,157,1327.663208,,False,False,,,,,,report/predictions/region785/lstnet.region785.w-20.h-15.none.seed-123.npz,,,ok
lstnet.region785.w-20.h-15.none.seed-30,lstnet,current,region785,15,30,20,none,,,,,,,,,,,lstnet,157,1129.119141,,False,False,,,,,,report/predictions/region785/lstnet.region785.w-20.h-15.none.seed-30.npz,,,ok
lstnet.region785.w-20.h-15.none.seed-42,lstnet,current,region785,15,42,20,none,,,,,,,,,,,lstnet,157,1193.554932,,False,False,,,,,,report/predictions/region785/lstnet.region785.w-20.h-15.none.seed-42.npz,,,ok
lstnet.region785.w-20.h-15.none.seed-42.oldckpt,lstnet,oldckpt,region785,15,42,20,none,,,,,,,,,,,lstnet,143,1249.146118,,False,False,,,,,,report/predictions/region785/lstnet.region785.w-20.h-15.none.seed-42.oldckpt.npz,,,ok
lstnet.region785.w-20.h-15.none.seed-45,lstnet,current,region785,15,45,20,none,,,,,,,,,,,lstnet,157,1260.880005,,False,False,,,,,,report/predictions/region785/lstnet.region785.w-20.h-15.none.seed-45.npz,,,ok
lstnet.region785.w-20.h-3.none.seed-1000,lstnet,current,region785,3,1000,20,none,,,,,,,,,,,lstnet,157,908.595581,,False,False,,,,,,report/predictions/region785/lstnet.region785.w-20.h-3.none.seed-1000.npz,,,ok
lstnet.region785.w-20.h-3.none.seed-123,lstnet,current,region785,3,123,20,none,,,,,,,,,,,lstnet,157,801.602539,,False,False,,,,,,report/predictions/region785/lstnet.region785.w-20.h-3.none.seed-123.npz,,,ok
lstnet.region785.w-20.h-3.none.seed-30,lstnet,current,region785,3,30,20,none,,,,,,,,,,,lstnet,157,896.186035,,False,False,,,,,,report/predictions/region785/lstnet.region785.w-20.h-3.none.seed-30.npz,,,ok
lstnet.region785.w-20.h-3.none.seed-42,lstnet,current,region785,3,42,20,none,,,,,,,,,,,lstnet,157,886.133484,,False,False,,,,,,report/predictions/region785/lstnet.region785.w-20.h-3.none.seed-42.npz,,,ok
lstnet.region785.w-20.h-3.none.seed-42.oldckpt,lstnet,oldckpt,region785,3,42,20,none,,,,,,,,,,,lstnet,155,912.966125,,False,False,,,,,,report/predictions/region785/lstnet.region785.w-20.h-3.none.seed-42.oldckpt.npz,,,ok
lstnet.region785.w-20.h-3.none.seed-45,lstnet,current,region785,3,45,20,none,,,,,,,,,,,lstnet,157,912.561584,,False,False,,,,,,report/predictions/region785/lstnet.region785.w-20.h-3.none.seed-45.npz,,,ok
lstnet.region785.w-20.h-5.none.seed-1000,lstnet,current,region785,5,1000,20,none,,,,,,,,,,,lstnet,157,1030.380737,,False,False,,,,,,report/predictions/region785/lstnet.region785.w-20.h-5.none.seed-1000.npz,,,ok
lstnet.region785.w-20.h-5.none.seed-123,lstnet,current,region785,5,123,20,none,,,,,,,,,,,lstnet,157,991.703918,,False,False,,,,,,report/predictions/region785/lstnet.region785.w-20.h-5.none.seed-123.npz,,,ok
lstnet.region785.w-20.h-5.none.seed-30,lstnet,current,region785,5,30,20,none,,,,,,,,,,,lstnet,157,1043.324463,,False,False,,,,,,report/predictions/region785/lstnet.region785.w-20.h-5.none.seed-30.npz,,,ok
lstnet.region785.w-20.h-5.none.seed-42,lstnet,current,region785,5,42,20,none,,,,,,,,,,,lstnet,157,1025.881592,,False,False,,,,,,report/predictions/region785/lstnet.region785.w-20.h-5.none.seed-42.npz,,,ok
lstnet.region785.w-20.h-5.none.seed-42.oldckpt,lstnet,oldckpt,region785,5,42,20,none,,,,,,,,,,,lstnet,153,1106.861572,,False,False,,,,,,report/predictions/region785/lstnet.region785.w-20.h-5.none.seed-42.oldckpt.npz,,,ok
lstnet.region785.w-20.h-5.none.seed-45,lstnet,current,region785,5,45,20,none,,,,,,,,,,,lstnet,157,1150.821777,,False,False,,,,,,report/predictions/region785/lstnet.region785.w-20.h-5.none.seed-45.npz,,,ok
lstnet_lg.region785.w-20.h-10.none.seed-1000,lstnet_lg,current,region785,10,1000,20,none,,,,,,,,,,,lstnet_lg,157,962.237,,False,False,,,,,,report/predictions/region785/lstnet_lg.region785.w-20.h-10.none.seed-1000.npz,,,ok
lstnet_lg.region785.w-20.h-10.none.seed-123,lstnet_lg,current,region785,10,123,20,none,,,,,,,,,,,lstnet_lg,157,1191.250854,,False,False,,,,,,report/predictions/region785/lstnet_lg.region785.w-20.h-10.none.seed-123.npz,,,ok
lstnet_lg.region785.w-20.h-10.none.seed-30,lstnet_lg,current,region785,10,30,20,none,,,,,,,,,,,lstnet_lg,157,908.499512,,False,False,,,,,,report/predictions/region785/lstnet_lg.region785.w-20.h-10.none.seed-30.npz,,,ok
lstnet_lg.region785.w-20.h-10.none.seed-42,lstnet_lg,current,region785,10,42,20,none,,,,,,,,,,,lstnet_lg,157,1177.006104,,False,False,,,,,,report/predictions/region785/lstnet_lg.region785.w-20.h-10.none.seed-42.npz,,,ok
lstnet_lg.region785.w-20.h-10.none.seed-45,lstnet_lg,current,region785,10,45,20,none,,,,,,,,,,,lstnet_lg,157,921.506348,,False,False,,,,,,report/predictions/region785/lstnet_lg.region785.w-20.h-10.none.seed-45.npz,,,ok
lstnet_lg.region785.w-20.h-15.none.seed-1000,lstnet_lg,current,region785,15,1000,20,none,,,,,,,,,,,lstnet_lg,157,1069.366699,,False,False,,,,,,report/predictions/region785/lstnet_lg.region785.w-20.h-15.none.seed-1000.npz,,,ok
lstnet_lg.region785.w-20.h-15.none.seed-123,lstnet_lg,current,region785,15,123,20,none,,,,,,,,,,,lstnet_lg,157,1034.805786,,False,False,,,,,,report/predictions/region785/lstnet_lg.region785.w-20.h-15.none.seed-123.npz,,,ok
lstnet_lg.region785.w-20.h-15.none.seed-30,lstnet_lg,current,region785,15,30,20,none,,,,,,,,,,,lstnet_lg,157,1147.478149,,False,False,,,,,,report/predictions/region785/lstnet_lg.region785.w-20.h-15.none.seed-30.npz,,,ok
lstnet_lg.region785.w-20.h-15.none.seed-42,lstnet_lg,current,region785,15,42,20,none,,,,,,,,,,,lstnet_lg,157,1312.859863,,False,False,,,,,,report/predictions/region785/lstnet_lg.region785.w-20.h-15.none.seed-42.npz,,,ok
lstnet_lg.region785.w-20.h-15.none.seed-45,lstnet_lg,current,region785,15,45,20,none,,,,,,,,,,,lstnet_lg,157,1079.665039,,False,False,,,,,,report/predictions/region785/lstnet_lg.region785.w-20.h-15.none.seed-45.npz,,,ok
lstnet_lg.region785.w-20.h-3.none.seed-1000,lstnet_lg,current,region785,3,1000,20,none,,,,,,,,,,,lstnet_lg,157,677.460999,,False,False,,,,,,report/predictions/region785/lstnet_lg.region785.w-20.h-3.none.seed-1000.npz,,,ok
lstnet_lg.region785.w-20.h-3.none.seed-123,lstnet_lg,current,region785,3,123,20,none,,,,,,,,,,,lstnet_lg,157,670.056213,,False,False,,,,,,report/predictions/region785/lstnet_lg.region785.w-20.h-3.none.seed-123.npz,,,ok
lstnet_lg.region785.w-20.h-3.none.seed-30,lstnet_lg,current,region785,3,30,20,none,,,,,,,,,,,lstnet_lg,157,668.794189,,False,False,,,,,,report/predictions/region785/lstnet_lg.region785.w-20.h-3.none.seed-30.npz,,,ok
lstnet_lg.region785.w-20.h-3.none.seed-42,lstnet_lg,current,region785,3,42,20,none,,,,,,,,,,,lstnet_lg,157,679.566101,,False,False,,,,,,report/predictions/region785/lstnet_lg.region785.w-20.h-3.none.seed-42.npz,,,ok
lstnet_lg.region785.w-20.h-3.none.seed-45,lstnet_lg,current,region785,3,45,20,none,,,,,,,,,,,lstnet_lg,157,641.305359,,False,False,,,,,,report/predictions/region785/lstnet_lg.region785.w-20.h-3.none.seed-45.npz,,,ok
lstnet_lg.region785.w-20.h-5.none.seed-1000,lstnet_lg,current,region785,5,1000,20,none,,,,,,,,,,,lstnet_lg,157,873.782593,,False,False,,,,,,report/predictions/region785/lstnet_lg.region785.w-20.h-5.none.seed-1000.npz,,,ok
lstnet_lg.region785.w-20.h-5.none.seed-123,lstnet_lg,current,region785,5,123,20,none,,,,,,,,,,,lstnet_lg,157,786.707092,,False,False,,,,,,report/predictions/region785/lstnet_lg.region785.w-20.h-5.none.seed-123.npz,,,ok
lstnet_lg.region785.w-20.h-5.none.seed-30,lstnet_lg,current,region785,5,30,20,none,,,,,,,,,,,lstnet_lg,157,779.432556,,False,False,,,,,,report/predictions/region785/lstnet_lg.region785.w-20.h-5.none.seed-30.npz,,,ok
lstnet_lg.region785.w-20.h-5.none.seed-42,lstnet_lg,current,region785,5,42,20,none,,,,,,,,,,,lstnet_lg,157,788.214417,,False,False,,,,,,report/predictions/region785/lstnet_lg.region785.w-20.h-5.none.seed-42.npz,,,ok
lstnet_lg.region785.w-20.h-5.none.seed-45,lstnet_lg,current,region785,5,45,20,none,,,,,,,,,,,lstnet_lg,157,736.122986,,False,False,,,,,,report/predictions/region785/lstnet_lg.region785.w-20.h-5.none.seed-45.npz,,,ok
CNNRNN_Res.state360.w-20.h-10.none.seed-1000,CNNRNN_Res,current,state360,10,1000,20,none,,,,,,,,,,,CNNRNN_Res,72,297.435791,,False,False,,,,,,report/predictions/state360/CNNRNN_Res.state360.w-20.h-10.none.seed-1000.npz,,,ok
CNNRNN_Res.state360.w-20.h-10.none.seed-123,CNNRNN_Res,current,state360,10,123,20,none,,,,,,,,,,,CNNRNN_Res,72,274.709229,,False,False,,,,,,report/predictions/state360/CNNRNN_Res.state360.w-20.h-10.none.seed-123.npz,,,ok
CNNRNN_Res.state360.w-20.h-10.none.seed-30,CNNRNN_Res,current,state360,10,30,20,none,,,,,,,,,,,CNNRNN_Res,72,385.053406,,False,False,,,,,,report/predictions/state360/CNNRNN_Res.state360.w-20.h-10.none.seed-30.npz,,,ok
CNNRNN_Res.state360.w-20.h-10.none.seed-42,CNNRNN_Res,current,state360,10,42,20,none,,,,,,,,,,,CNNRNN_Res,72,333.047058,,False,False,,,,,,report/predictions/state360/CNNRNN_Res.state360.w-20.h-10.none.seed-42.npz,,,ok
CNNRNN_Res.state360.w-20.h-10.none.seed-42.oldckpt,CNNRNN_Res,oldckpt,state360,10,42,20,none,,,,,,,,,,,CNNRNN_Res,63,352.845947,,False,False,,,,,,report/predictions/state360/CNNRNN_Res.state360.w-20.h-10.none.seed-42.oldckpt.npz,,,ok
CNNRNN_Res.state360.w-20.h-10.none.seed-45,CNNRNN_Res,current,state360,10,45,20,none,,,,,,,,,,,CNNRNN_Res,72,348.028809,,False,False,,,,,,report/predictions/state360/CNNRNN_Res.state360.w-20.h-10.none.seed-45.npz,,,ok
CNNRNN_Res.state360.w-20.h-15.none.seed-1000,CNNRNN_Res,current,state360,15,1000,20,none,,,,,,,,,,,CNNRNN_Res,72,267.920837,,False,False,,,,,,report/predictions/state360/CNNRNN_Res.state360.w-20.h-15.none.seed-1000.npz,,,ok
CNNRNN_Res.state360.w-20.h-15.none.seed-123,CNNRNN_Res,current,state360,15,123,20,none,,,,,,,,,,,CNNRNN_Res,72,338.234955,,False,False,,,,,,report/predictions/state360/CNNRNN_Res.state360.w-20.h-15.none.seed-123.npz,,,ok
CNNRNN_Res.state360.w-20.h-15.none.seed-30,CNNRNN_Res,current,state360,15,30,20,none,,,,,,,,,,,CNNRNN_Res,72,314.970795,,False,False,,,,,,report/predictions/state360/CNNRNN_Res.state360.w-20.h-15.none.seed-30.npz,,,ok
CNNRNN_Res.state360.w-20.h-15.none.seed-42,CNNRNN_Res,current,state360,15,42,20,none,,,,,,,,,,,CNNRNN_Res,72,275.86795,,False,False,,,,,,report/predictions/state360/CNNRNN_Res.state360.w-20.h-15.none.seed-42.npz,,,ok
CNNRNN_Res.state360.w-20.h-15.none.seed-42.oldckpt,CNNRNN_Res,oldckpt,state360,15,42,20,none,,,,,,,,,,,CNNRNN_Res,58,372.597961,,False,False,,,,,,report/predictions/state360/CNNRNN_Res.state360.w-20.h-15.none.seed-42.oldckpt.npz,,,ok
CNNRNN_Res.state360.w-20.h-15.none.seed-45,CNNRNN_Res,current,state360,15,45,20,none,,,,,,,,,,,CNNRNN_Res,72,288.918457,,False,False,,,,,,report/predictions/state360/CNNRNN_Res.state360.w-20.h-15.none.seed-45.npz,,,ok
CNNRNN_Res.state360.w-20.h-3.none.seed-1000,CNNRNN_Res,current,state360,3,1000,20,none,,,,,,,,,,,CNNRNN_Res,72,300.365509,,False,False,,,,,,report/predictions/state360/CNNRNN_Res.state360.w-20.h-3.none.seed-1000.npz,,,ok
CNNRNN_Res.state360.w-20.h-3.none.seed-123,CNNRNN_Res,current,state360,3,123,20,none,,,,,,,,,,,CNNRNN_Res,72,350.707092,,False,False,,,,,,report/predictions/state360/CNNRNN_Res.state360.w-20.h-3.none.seed-123.npz,,,ok
CNNRNN_Res.state360.w-20.h-3.none.seed-30,CNNRNN_Res,current,state360,3,30,20,none,,,,,,,,,,,CNNRNN_Res,72,310.417877,,False,False,,,,,,report/predictions/state360/CNNRNN_Res.state360.w-20.h-3.none.seed-30.npz,,,ok
CNNRNN_Res.state360.w-20.h-3.none.seed-42,CNNRNN_Res,current,state360,3,42,20,none,,,,,,,,,,,CNNRNN_Res,72,315.436676,,False,False,,,,,,report/predictions/state360/CNNRNN_Res.state360.w-20.h-3.none.seed-42.npz,,,ok
CNNRNN_Res.state360.w-20.h-3.none.seed-42.oldckpt,CNNRNN_Res,oldckpt,state360,3,42,20,none,,,,,,,,,,,CNNRNN_Res,70,289.345703,,False,False,,,,,,report/predictions/state360/CNNRNN_Res.state360.w-20.h-3.none.seed-42.oldckpt.npz,,,ok
CNNRNN_Res.state360.w-20.h-3.none.seed-45,CNNRNN_Res,current,state360,3,45,20,none,,,,,,,,,,,CNNRNN_Res,72,293.664154,,False,False,,,,,,report/predictions/state360/CNNRNN_Res.state360.w-20.h-3.none.seed-45.npz,,,ok
CNNRNN_Res.state360.w-20.h-5.none.seed-1000,CNNRNN_Res,current,state360,5,1000,20,none,,,,,,,,,,,CNNRNN_Res,72,306.092773,,False,False,,,,,,report/predictions/state360/CNNRNN_Res.state360.w-20.h-5.none.seed-1000.npz,,,ok
CNNRNN_Res.state360.w-20.h-5.none.seed-123,CNNRNN_Res,current,state360,5,123,20,none,,,,,,,,,,,CNNRNN_Res,72,322.058044,,False,False,,,,,,report/predictions/state360/CNNRNN_Res.state360.w-20.h-5.none.seed-123.npz,,,ok
CNNRNN_Res.state360.w-20.h-5.none.seed-30,CNNRNN_Res,current,state360,5,30,20,none,,,,,,,,,,,CNNRNN_Res,72,363.701965,,False,False,,,,,,report/predictions/state360/CNNRNN_Res.state360.w-20.h-5.none.seed-30.npz,,,ok
CNNRNN_Res.state360.w-20.h-5.none.seed-42,CNNRNN_Res,current,state360,5,42,20,none,,,,,,,,,,,CNNRNN_Res,72,296.302917,,False,False,,,,,,report/predictions/state360/CNNRNN_Res.state360.w-20.h-5.none.seed-42.npz,,,ok
CNNRNN_Res.state360.w-20.h-5.none.seed-42.oldckpt,CNNRNN_Res,oldckpt,state360,5,42,20,none,,,,,,,,,,,CNNRNN_Res,68,351.022095,,False,False,,,,,,report/predictions/state360/CNNRNN_Res.state360.w-20.h-5.none.seed-42.oldckpt.npz,,,ok
CNNRNN_Res.state360.w-20.h-5.none.seed-45,CNNRNN_Res,current,state360,5,45,20,none,,,,,,,,,,,CNNRNN_Res,72,345.474396,,False,False,,,,,,report/predictions/state360/CNNRNN_Res.state360.w-20.h-5.none.seed-45.npz,,,ok
MSAGAT-Net.state360.w-20.h-10.none.seed-1000.with_adj.loggrowth.quant.exp-nodecay-regpre,MSAGAT-Net,current,state360,10,1000,20,none,True,default,loggrowth,True,,nodecay-regpre,False,,,,MSAGAT-Net.loggrowth.quant.exp-nodecay-regpre,72,223.073438,223.073438,True,True,,,,,20260819_091436,report/predictions/state360/MSAGAT-Net.state360.w-20.h-10.none.seed-1000.with_adj.loggrowth.quant.exp-nodecay-regpre.npz,save_all/MSAGAT-Net.state360.w-20.h-10.none.seed-1000.with_adj.loggrowth.quant.exp-nodecay-regpre.pt,,manifest_missing
MSAGAT-Net.state360.w-20.h-10.none.seed-1000.with_adj.loggrowth.quant,MSAGAT-Net,current,state360,10,1000,20,none,True,default,loggrowth,True,,,False,,,,MSAGAT-Net.loggrowth.quant,72,220.021227,220.021227,True,True,,,,,20260814_033026,report/predictions/state360/MSAGAT-Net.state360.w-20.h-10.none.seed-1000.with_adj.loggrowth.quant.npz,save_all/MSAGAT-Net.state360.w-20.h-10.none.seed-1000.with_adj.loggrowth.quant.pt,,manifest_missing
MSAGAT-Net.state360.w-20.h-10.none.seed-1000.with_adj,MSAGAT-Net,current,state360,10,1000,20,none,True,default,level,False,,,False,,,,MSAGAT-Net,72,234.117554,234.117559,True,False,,,,,20260811_092406,report/predictions/state360/MSAGAT-Net.state360.w-20.h-10.none.seed-1000.with_adj.npz,save_all/MSAGAT-Net.state360.w-20.h-10.none.seed-1000.with_adj.pt,,manifest_missing
MSAGAT-Net.state360.w-20.h-10.none.seed-123.with_adj.loggrowth.quant.exp-nodecay-regpre,MSAGAT-Net,current,state360,10,123,20,none,True,default,loggrowth,True,,nodecay-regpre,False,,,,MSAGAT-Net.loggrowth.quant.exp-nodecay-regpre,72,248.646693,248.646693,True,True,,,,,20260819_091332,report/predictions/state360/MSAGAT-Net.state360.w-20.h-10.none.seed-123.with_adj.loggrowth.quant.exp-nodecay-regpre.npz,save_all/MSAGAT-Net.state360.w-20.h-10.none.seed-123.with_adj.loggrowth.quant.exp-nodecay-regpre.pt,,manifest_missing
MSAGAT-Net.state360.w-20.h-10.none.seed-123.with_adj.loggrowth.quant,MSAGAT-Net,current,state360,10,123,20,none,True,default,loggrowth,True,,,False,,,,MSAGAT-Net.loggrowth.quant,72,206.723576,206.723576,True,True,,,,,20260814_033039,report/predictions/state360/MSAGAT-Net.state360.w-20.h-10.none.seed-123.with_adj.loggrowth.quant.npz,save_all/MSAGAT-Net.state360.w-20.h-10.none.seed-123.with_adj.loggrowth.quant.pt,,manifest_missing
MSAGAT-Net.state360.w-20.h-10.none.seed-123.with_adj,MSAGAT-Net,current,state360,10,123,20,none,True,default,level,False,,,False,,,,MSAGAT-Net,72,230.899323,230.899329,True,False,,,,,20260811_092355,report/predictions/state360/MSAGAT-Net.state360.w-20.h-10.none.seed-123.with_adj.npz,save_all/MSAGAT-Net.state360.w-20.h-10.none.seed-123.with_adj.pt,,manifest_missing
MSAGAT-Net.state360.w-20.h-10.none.seed-30.with_adj.loggrowth.quant.exp-nodecay-regpre,MSAGAT-Net,current,state360,10,30,20,none,True,default,loggrowth,True,,nodecay-regpre,False,,,,MSAGAT-Net.loggrowth.quant.exp-nodecay-regpre,72,222.232834,222.232834,True,True,,,,,20260819_091154,report/predictions/state360/MSAGAT-Net.state360.w-20.h-10.none.seed-30.with_adj.loggrowth.quant.exp-nodecay-regpre.npz,save_all/MSAGAT-Net.state360.w-20.h-10.none.seed-30.with_adj.loggrowth.quant.exp-nodecay-regpre.pt,,manifest_missing
MSAGAT-Net.state360.w-20.h-10.none.seed-30.with_adj.loggrowth.quant,MSAGAT-Net,current,state360,10,30,20,none,True,default,loggrowth,True,,,False,,,,MSAGAT-Net.loggrowth.quant,72,223.768089,223.768089,True,True,,,,,20260814_033056,report/predictions/state360/MSAGAT-Net.state360.w-20.h-10.none.seed-30.with_adj.loggrowth.quant.npz,save_all/MSAGAT-Net.state360.w-20.h-10.none.seed-30.with_adj.loggrowth.quant.pt,,manifest_missing
MSAGAT-Net.state360.w-20.h-10.none.seed-30.with_adj,MSAGAT-Net,current,state360,10,30,20,none,True,default,level,False,,,False,,,,MSAGAT-Net,72,237.05162,237.051616,True,False,,,,,20260811_092333,report/predictions/state360/MSAGAT-Net.state360.w-20.h-10.none.seed-30.with_adj.npz,save_all/MSAGAT-Net.state360.w-20.h-10.none.seed-30.with_adj.pt,,manifest_missing
MSAGAT-Net.state360.w-20.h-10.none.seed-42.with_adj.loggrowth.quant.exp-nodecay-regpre,MSAGAT-Net,current,state360,10,42,20,none,True,default,loggrowth,True,,nodecay-regpre,False,,,,MSAGAT-Net.loggrowth.quant.exp-nodecay-regpre,72,211.459281,211.459281,True,True,,,,,20260819_091109,report/predictions/state360/MSAGAT-Net.state360.w-20.h-10.none.seed-42.with_adj.loggrowth.quant.exp-nodecay-regpre.npz,save_all/MSAGAT-Net.state360.w-20.h-10.none.seed-42.with_adj.loggrowth.quant.exp-nodecay-regpre.pt,,manifest_missing
MSAGAT-Net.state360.w-20.h-10.none.seed-42.with_adj.loggrowth.quant,MSAGAT-Net,current,state360,10,42,20,none,True,default,loggrowth,True,,,False,,,,MSAGAT-Net.loggrowth.quant,72,209.126013,209.126013,True,True,,,,,20260814_033109,report/predictions/state360/MSAGAT-Net.state360.w-20.h-10.none.seed-42.with_adj.loggrowth.quant.npz,save_all/MSAGAT-Net.state360.w-20.h-10.none.seed-42.with_adj.loggrowth.quant.pt,,manifest_missing
MSAGAT-Net.state360.w-20.h-10.none.seed-42.with_adj,MSAGAT-Net,current,state360,10,42,20,none,True,default,level,False,,,False,,,,MSAGAT-Net,72,225.886444,225.886448,True,False,,,,,20260811_092322,report/predictions/state360/MSAGAT-Net.state360.w-20.h-10.none.seed-42.with_adj.npz,save_all/MSAGAT-Net.state360.w-20.h-10.none.seed-42.with_adj.pt,,manifest_missing
MSAGAT-Net.state360.w-20.h-10.none.seed-45.with_adj.loggrowth.quant.exp-nodecay-regpre,MSAGAT-Net,current,state360,10,45,20,none,True,default,loggrowth,True,,nodecay-regpre,False,,,,MSAGAT-Net.loggrowth.quant.exp-nodecay-regpre,72,211.97388,211.97388,True,True,,,,,20260819_091242,report/predictions/state360/MSAGAT-Net.state360.w-20.h-10.none.seed-45.with_adj.loggrowth.quant.exp-nodecay-regpre.npz,save_all/MSAGAT-Net.state360.w-20.h-10.none.seed-45.with_adj.loggrowth.quant.exp-nodecay-regpre.pt,,manifest_missing
MSAGAT-Net.state360.w-20.h-10.none.seed-45.with_adj.loggrowth.quant,MSAGAT-Net,current,state360,10,45,20,none,True,default,loggrowth,True,,,False,,,,MSAGAT-Net.loggrowth.quant,72,222.515522,222.515522,True,True,,,,,20260814_033119,report/predictions/state360/MSAGAT-Net.state360.w-20.h-10.none.seed-45.with_adj.loggrowth.quant.npz,save_all/MSAGAT-Net.state360.w-20.h-10.none.seed-45.with_adj.loggrowth.quant.pt,,manifest_missing
MSAGAT-Net.state360.w-20.h-10.none.seed-45.with_adj,MSAGAT-Net,current,state360,10,45,20,none,True,default,level,False,,,False,,,,MSAGAT-Net,72,231.673065,231.673059,True,False,,,,,20260811_092344,report/predictions/state360/MSAGAT-Net.state360.w-20.h-10.none.seed-45.with_adj.npz,save_all/MSAGAT-Net.state360.w-20.h-10.none.seed-45.with_adj.pt,,manifest_missing
MSAGAT-Net.state360.w-20.h-15.none.seed-1000.with_adj.loggrowth.quant.exp-nodecay-regpre,MSAGAT-Net,current,state360,15,1000,20,none,True,default,loggrowth,True,,nodecay-regpre,False,,,,MSAGAT-Net.loggrowth.quant.exp-nodecay-regpre,72,225.823811,225.823811,True,True,,,,,20260819_092057,report/predictions/state360/MSAGAT-Net.state360.w-20.h-15.none.seed-1000.with_adj.loggrowth.quant.exp-nodecay-regpre.npz,save_all/MSAGAT-Net.state360.w-20.h-15.none.seed-1000.with_adj.loggrowth.quant.exp-nodecay-regpre.pt,,manifest_missing
MSAGAT-Net.state360.w-20.h-15.none.seed-1000.with_adj.loggrowth.quant,MSAGAT-Net,current,state360,15,1000,20,none,True,default,loggrowth,True,,,False,,,,MSAGAT-Net.loggrowth.quant,72,253.556575,253.556575,True,True,,,,,20260814_033129,report/predictions/state360/MSAGAT-Net.state360.w-20.h-15.none.seed-1000.with_adj.loggrowth.quant.npz,save_all/MSAGAT-Net.state360.w-20.h-15.none.seed-1000.with_adj.loggrowth.quant.pt,,manifest_missing
MSAGAT-Net.state360.w-20.h-15.none.seed-1000.with_adj,MSAGAT-Net,current,state360,15,1000,20,none,True,default,level,False,,,False,,,,MSAGAT-Net,72,252.533966,252.533963,True,False,,,,,20260811_092502,report/predictions/state360/MSAGAT-Net.state360.w-20.h-15.none.seed-1000.with_adj.npz,save_all/MSAGAT-Net.state360.w-20.h-15.none.seed-1000.with_adj.pt,,manifest_missing
MSAGAT-Net.state360.w-20.h-15.none.seed-123.with_adj.loggrowth.quant.exp-nodecay-regpre,MSAGAT-Net,current,state360,15,123,20,none,True,default,loggrowth,True,,nodecay-regpre,False,,,,MSAGAT-Net.loggrowth.quant.exp-nodecay-regpre,72,264.113857,264.113857,True,True,,,,,20260819_091944,report/predictions/state360/MSAGAT-Net.state360.w-20.h-15.none.seed-123.with_adj.loggrowth.quant.exp-nodecay-regpre.npz,save_all/MSAGAT-Net.state360.w-20.h-15.none.seed-123.with_adj.loggrowth.quant.exp-nodecay-regpre.pt,,manifest_missing
MSAGAT-Net.state360.w-20.h-15.none.seed-123.with_adj.loggrowth.quant,MSAGAT-Net,current,state360,15,123,20,none,True,default,loggrowth,True,,,False,,,,MSAGAT-Net.loggrowth.quant,72,225.368777,225.368777,True,True,,,,,20260814_033140,report/predictions/state360/MSAGAT-Net.state360.w-20.h-15.none.seed-123.with_adj.loggrowth.quant.npz,save_all/MSAGAT-Net.state360.w-20.h-15.none.seed-123.with_adj.loggrowth.quant.pt,,manifest_missing
MSAGAT-Net.state360.w-20.h-15.none.seed-123.with_adj,MSAGAT-Net,current,state360,15,123,20,none,True,default,level,False,,,False,,,,MSAGAT-Net,72,242.510941,242.510945,True,False,,,,,20260811_092451,report/predictions/state360/MSAGAT-Net.state360.w-20.h-15.none.seed-123.with_adj.npz,save_all/MSAGAT-Net.state360.w-20.h-15.none.seed-123.with_adj.pt,,manifest_missing
MSAGAT-Net.state360.w-20.h-15.none.seed-30.with_adj.loggrowth.quant.exp-nodecay-regpre,MSAGAT-Net,current,state360,15,30,20,none,True,default,loggrowth,True,,nodecay-regpre,False,,,,MSAGAT-Net.loggrowth.quant.exp-nodecay-regpre,72,265.374806,265.374806,True,True,,,,,20260819_091710,report/predictions/state360/MSAGAT-Net.state360.w-20.h-15.none.seed-30.with_adj.loggrowth.quant.exp-nodecay-regpre.npz,save_all/MSAGAT-Net.state360.w-20.h-15.none.seed-30.with_adj.loggrowth.quant.exp-nodecay-regpre.pt,,manifest_missing
MSAGAT-Net.state360.w-20.h-15.none.seed-30.with_adj.loggrowth.quant,MSAGAT-Net,current,state360,15,30,20,none,True,default,loggrowth,True,,,False,,,,MSAGAT-Net.loggrowth.quant,72,250.682803,250.682803,True,True,,,,,20260814_033150,report/predictions/state360/MSAGAT-Net.state360.w-20.h-15.none.seed-30.with_adj.loggrowth.quant.npz,save_all/MSAGAT-Net.state360.w-20.h-15.none.seed-30.with_adj.loggrowth.quant.pt,,manifest_missing
MSAGAT-Net.state360.w-20.h-15.none.seed-30.with_adj,MSAGAT-Net,current,state360,15,30,20,none,True,default,level,False,,,False,,,,MSAGAT-Net,72,244.969727,244.969721,True,False,,,,,20260811_092429,report/predictions/state360/MSAGAT-Net.state360.w-20.h-15.none.seed-30.with_adj.npz,save_all/MSAGAT-Net.state360.w-20.h-15.none.seed-30.with_adj.pt,,manifest_missing
MSAGAT-Net.state360.w-20.h-15.none.seed-42.with_adj.loggrowth.quant.exp-nodecay-regpre,MSAGAT-Net,current,state360,15,42,20,none,True,default,loggrowth,True,,nodecay-regpre,False,,,,MSAGAT-Net.loggrowth.quant.exp-nodecay-regpre,72,248.191999,248.191999,True,True,,,,,20260819_091600,report/predictions/state360/MSAGAT-Net.state360.w-20.h-15.none.seed-42.with_adj.loggrowth.quant.exp-nodecay-regpre.npz,save_all/MSAGAT-Net.state360.w-20.h-15.none.seed-42.with_adj.loggrowth.quant.exp-nodecay-regpre.pt,,manifest_missing
MSAGAT-Net.state360.w-20.h-15.none.seed-42.with_adj.loggrowth.quant,MSAGAT-Net,current,state360,15,42,20,none,True,default,loggrowth,True,,,False,,,,MSAGAT-Net.loggrowth.quant,72,235.534433,235.534433,True,True,,,,,20260814_033200,report/predictions/state360/MSAGAT-Net.state360.w-20.h-15.none.seed-42.with_adj.loggrowth.quant.npz,save_all/MSAGAT-Net.state360.w-20.h-15.none.seed-42.with_adj.loggrowth.quant.pt,,manifest_missing
MSAGAT-Net.state360.w-20.h-15.none.seed-42.with_adj,MSAGAT-Net,current,state360,15,42,20,none,True,default,level,False,,,False,,,,MSAGAT-Net,72,245.190338,245.190344,True,False,,,,,20260811_092418,report/predictions/state360/MSAGAT-Net.state360.w-20.h-15.none.seed-42.with_adj.npz,save_all/MSAGAT-Net.state360.w-20.h-15.none.seed-42.with_adj.pt,,manifest_missing
MSAGAT-Net.state360.w-20.h-15.none.seed-45.with_adj.loggrowth.quant.exp-nodecay-regpre,MSAGAT-Net,current,state360,15,45,20,none,True,default,loggrowth,True,,nodecay-regpre,False,,,,MSAGAT-Net.loggrowth.quant.exp-nodecay-regpre,72,239.012343,239.012343,True,True,,,,,20260819_091823,report/predictions/state360/MSAGAT-Net.state360.w-20.h-15.none.seed-45.with_adj.loggrowth.quant.exp-nodecay-regpre.npz,save_all/MSAGAT-Net.state360.w-20.h-15.none.seed-45.with_adj.loggrowth.quant.exp-nodecay-regpre.pt,,manifest_missing
MSAGAT-Net.state360.w-20.h-15.none.seed-45.with_adj.loggrowth.quant,MSAGAT-Net,current,state360,15,45,20,none,True,default,loggrowth,True,,,False,,,,MSAGAT-Net.loggrowth.quant,72,245.718734,245.718734,True,True,,,,,20260814_033210,report/predictions/state360/MSAGAT-Net.state360.w-20.h-15.none.seed-45.with_adj.loggrowth.quant.npz,save_all/MSAGAT-Net.state360.w-20.h-15.none.seed-45.with_adj.loggrowth.quant.pt,,manifest_missing
MSAGAT-Net.state360.w-20.h-15.none.seed-45.with_adj,MSAGAT-Net,current,state360,15,45,20,none,True,default,level,False,,,False,,,,MSAGAT-Net,72,234.509293,234.509295,True,False,,,,,20260811_092440,report/predictions/state360/MSAGAT-Net.state360.w-20.h-15.none.seed-45.with_adj.npz,save_all/MSAGAT-Net.state360.w-20.h-15.none.seed-45.with_adj.pt,,manifest_missing
MSAGAT-Net.state360.w-20.h-3.none.seed-1000.with_adj.loggrowth.quant.exp-nodecay-regpre,MSAGAT-Net,current,state360,3,1000,20,none,True,default,loggrowth,True,,nodecay-regpre,False,,,,MSAGAT-Net.loggrowth.quant.exp-nodecay-regpre,72,156.013456,156.013456,True,True,,,,,20260819_090524,report/predictions/state360/MSAGAT-Net.state360.w-20.h-3.none.seed-1000.with_adj.loggrowth.quant.exp-nodecay-regpre.npz,save_all/MSAGAT-Net.state360.w-20.h-3.none.seed-1000.with_adj.loggrowth.quant.exp-nodecay-regpre.pt,,manifest_missing
MSAGAT-Net.state360.w-20.h-3.none.seed-1000.with_adj.loggrowth.quant,MSAGAT-Net,current,state360,3,1000,20,none,True,default,loggrowth,True,,,False,,,,MSAGAT-Net.loggrowth.quant,72,165.191609,165.191609,True,True,,,,,20260814_033220,report/predictions/state360/MSAGAT-Net.state360.w-20.h-3.none.seed-1000.with_adj.loggrowth.quant.npz,save_all/MSAGAT-Net.state360.w-20.h-3.none.seed-1000.with_adj.loggrowth.quant.pt,,manifest_missing
MSAGAT-Net.state360.w-20.h-3.none.seed-1000.with_adj,MSAGAT-Net,current,state360,3,1000,20,none,True,default,level,False,,,False,,,,MSAGAT-Net,72,163.583115,163.583121,True,False,,,,,20260811_092214,report/predictions/state360/MSAGAT-Net.state360.w-20.h-3.none.seed-1000.with_adj.npz,save_all/MSAGAT-Net.state360.w-20.h-3.none.seed-1000.with_adj.pt,,manifest_missing
MSAGAT-Net.state360.w-20.h-3.none.seed-123.with_adj.loggrowth.quant.exp-nodecay-regpre,MSAGAT-Net,current,state360,3,123,20,none,True,default,loggrowth,True,,nodecay-regpre,False,,,,MSAGAT-Net.loggrowth.quant.exp-nodecay-regpre,72,166.676061,166.676061,True,True,,,,,20260819_090422,report/predictions/state360/MSAGAT-Net.state360.w-20.h-3.none.seed-123.with_adj.loggrowth.quant.exp-nodecay-regpre.npz,save_all/MSAGAT-Net.state360.w-20.h-3.none.seed-123.with_adj.loggrowth.quant.exp-nodecay-regpre.pt,,manifest_missing
MSAGAT-Net.state360.w-20.h-3.none.seed-123.with_adj.loggrowth.quant,MSAGAT-Net,current,state360,3,123,20,none,True,default,loggrowth,True,,,False,,,,MSAGAT-Net.loggrowth.quant,72,168.997398,168.997398,True,True,,,,,20260814_033230,report/predictions/state360/MSAGAT-Net.state360.w-20.h-3.none.seed-123.with_adj.loggrowth.quant.npz,save_all/MSAGAT-Net.state360.w-20.h-3.none.seed-123.with_adj.loggrowth.quant.pt,,manifest_missing
MSAGAT-Net.state360.w-20.h-3.none.seed-123.with_adj,MSAGAT-Net,current,state360,3,123,20,none,True,default,level,False,,,False,,,,MSAGAT-Net,72,165.044098,165.044099,True,False,,,,,20260811_092203,report/predictions/state360/MSAGAT-Net.state360.w-20.h-3.none.seed-123.with_adj.npz,save_all/MSAGAT-Net.state360.w-20.h-3.none.seed-123.with_adj.pt,,manifest_missing
MSAGAT-Net.state360.w-20.h-3.none.seed-30.with_adj.loggrowth.quant.exp-nodecay-regpre,MSAGAT-Net,current,state360,3,30,20,none,True,default,loggrowth,True,,nodecay-regpre,False,,,,MSAGAT-Net.loggrowth.quant.exp-nodecay-regpre,72,166.03061,166.03061,True,True,,,,,20260819_090143,report/predictions/state360/MSAGAT-Net.state360.w-20.h-3.none.seed-30.with_adj.loggrowth.quant.exp-nodecay-regpre.npz,save_all/MSAGAT-Net.state360.w-20.h-3.none.seed-30.with_adj.loggrowth.quant.exp-nodecay-regpre.pt,,manifest_missing
MSAGAT-Net.state360.w-20.h-3.none.seed-30.with_adj.loggrowth.quant,MSAGAT-Net,current,state360,3,30,20,none,True,default,loggrowth,True,,,False,,,,MSAGAT-Net.loggrowth.quant,72,170.721981,170.721981,True,True,,,,,20260814_033240,report/predictions/state360/MSAGAT-Net.state360.w-20.h-3.none.seed-30.with_adj.loggrowth.quant.npz,save_all/MSAGAT-Net.state360.w-20.h-3.none.seed-30.with_adj.loggrowth.quant.pt,,manifest_missing
MSAGAT-Net.state360.w-20.h-3.none.seed-30.with_adj,MSAGAT-Net,current,state360,3,30,20,none,True,default,level,False,,,False,,,,MSAGAT-Net,72,169.791824,169.79183,True,False,,,,,20260811_092141,report/predictions/state360/MSAGAT-Net.state360.w-20.h-3.none.seed-30.with_adj.npz,save_all/MSAGAT-Net.state360.w-20.h-3.none.seed-30.with_adj.pt,,manifest_missing
MSAGAT-Net.state360.w-20.h-3.none.seed-42.with_adj.loggrowth.quant.exp-nodecay-regpre,MSAGAT-Net,current,state360,3,42,20,none,True,default,loggrowth,True,,nodecay-regpre,False,,,,MSAGAT-Net.loggrowth.quant.exp-nodecay-regpre,72,169.153049,169.153049,True,True,,,,,20260819_090041,report/predictions/state360/MSAGAT-Net.state360.w-20.h-3.none.seed-42.with_adj.loggrowth.quant.exp-nodecay-regpre.npz,save_all/MSAGAT-Net.state360.w-20.h-3.none.seed-42.with_adj.loggrowth.quant.exp-nodecay-regpre.pt,,manifest_missing
MSAGAT-Net.state360.w-20.h-3.none.seed-42.with_adj.loggrowth.quant,MSAGAT-Net,current,state360,3,42,20,none,True,default,loggrowth,True,,,False,,,,MSAGAT-Net.loggrowth.quant,72,155.800551,155.800551,True,True,,,,,20260814_033251,report/predictions/state360/MSAGAT-Net.state360.w-20.h-3.none.seed-42.with_adj.loggrowth.quant.npz,save_all/MSAGAT-Net.state360.w-20.h-3.none.seed-42.with_adj.loggrowth.quant.pt,,manifest_missing
MSAGAT-Net.state360.w-20.h-3.none.seed-42.with_adj,MSAGAT-Net,current,state360,3,42,20,none,True,default,level,False,,,False,,,,MSAGAT-Net,72,162.90567,162.905666,True,False,,,,,20260811_092129,report/predictions/state360/MSAGAT-Net.state360.w-20.h-3.none.seed-42.with_adj.npz,save_all/MSAGAT-Net.state360.w-20.h-3.none.seed-42.with_adj.pt,,manifest_missing
MSAGAT-Net.state360.w-20.h-3.none.seed-45.with_adj.loggrowth.quant.exp-nodecay-regpre,MSAGAT-Net,current,state360,3,45,20,none,True,default,loggrowth,True,,nodecay-regpre,False,,,,MSAGAT-Net.loggrowth.quant.exp-nodecay-regpre,72,181.723456,181.723456,True,True,,,,,20260819_090305,report/predictions/state360/MSAGAT-Net.state360.w-20.h-3.none.seed-45.with_adj.loggrowth.quant.exp-nodecay-regpre.npz,save_all/MSAGAT-Net.state360.w-20.h-3.none.seed-45.with_adj.loggrowth.quant.exp-nodecay-regpre.pt,,manifest_missing
MSAGAT-Net.state360.w-20.h-3.none.seed-45.with_adj.loggrowth.quant,MSAGAT-Net,current,state360,3,45,20,none,True,default,loggrowth,True,,,False,,,,MSAGAT-Net.loggrowth.quant,72,167.671061,167.671061,True,True,,,,,20260814_033300,report/predictions/state360/MSAGAT-Net.state360.w-20.h-3.none.seed-45.with_adj.loggrowth.quant.npz,save_all/MSAGAT-Net.state360.w-20.h-3.none.seed-45.with_adj.loggrowth.quant.pt,,manifest_missing
MSAGAT-Net.state360.w-20.h-3.none.seed-45.with_adj,MSAGAT-Net,current,state360,3,45,20,none,True,default,level,False,,,False,,,,MSAGAT-Net,72,162.55838,162.558385,True,False,,,,,20260811_092152,report/predictions/state360/MSAGAT-Net.state360.w-20.h-3.none.seed-45.with_adj.npz,save_all/MSAGAT-Net.state360.w-20.h-3.none.seed-45.with_adj.pt,,manifest_missing
MSAGAT-Net.state360.w-20.h-5.none.seed-1000.with_adj.loggrowth.quant.exp-nodecay-regpre,MSAGAT-Net,current,state360,5,1000,20,none,True,default,loggrowth,True,,nodecay-regpre,False,,,,MSAGAT-Net.loggrowth.quant.exp-nodecay-regpre,72,207.153332,207.153332,True,True,,,,,20260819_091005,report/predictions/state360/MSAGAT-Net.state360.w-20.h-5.none.seed-1000.with_adj.loggrowth.quant.exp-nodecay-regpre.npz,save_all/MSAGAT-Net.state360.w-20.h-5.none.seed-1000.with_adj.loggrowth.quant.exp-nodecay-regpre.pt,,manifest_missing
MSAGAT-Net.state360.w-20.h-5.none.seed-1000.with_adj.loggrowth.quant,MSAGAT-Net,current,state360,5,1000,20,none,True,default,loggrowth,True,,,False,,,,MSAGAT-Net.loggrowth.quant,72,193.48009,193.48009,True,True,,,,,20260814_033310,report/predictions/state360/MSAGAT-Net.state360.w-20.h-5.none.seed-1000.with_adj.loggrowth.quant.npz,save_all/MSAGAT-Net.state360.w-20.h-5.none.seed-1000.with_adj.loggrowth.quant.pt,,manifest_missing
MSAGAT-Net.state360.w-20.h-5.none.seed-1000.with_adj,MSAGAT-Net,current,state360,5,1000,20,none,True,default,level,False,,,False,,,,MSAGAT-Net,72,196.574036,196.574036,True,False,,,,,20260811_092310,report/predictions/state360/MSAGAT-Net.state360.w-20.h-5.none.seed-1000.with_adj.npz,save_all/MSAGAT-Net.state360.w-20.h-5.none.seed-1000.with_adj.pt,,manifest_missing
MSAGAT-Net.state360.w-20.h-5.none.seed-123.with_adj.loggrowth.quant.exp-nodecay-regpre,MSAGAT-Net,current,state360,5,123,20,none,True,default,loggrowth,True,,nodecay-regpre,False,,,,MSAGAT-Net.loggrowth.quant.exp-nodecay-regpre,72,177.517083,177.517083,True,True,,,,,20260819_090921,report/predictions/state360/MSAGAT-Net.state360.w-20.h-5.none.seed-123.with_adj.loggrowth.quant.exp-nodecay-regpre.npz,save_all/MSAGAT-Net.state360.w-20.h-5.none.seed-123.with_adj.loggrowth.quant.exp-nodecay-regpre.pt,,manifest_missing
MSAGAT-Net.state360.w-20.h-5.none.seed-123.with_adj.loggrowth.quant,MSAGAT-Net,current,state360,5,123,20,none,True,default,loggrowth,True,,,False,,,,MSAGAT-Net.loggrowth.quant,72,183.40231,183.40231,True,True,,,,,20260814_033321,report/predictions/state360/MSAGAT-Net.state360.w-20.h-5.none.seed-123.with_adj.loggrowth.quant.npz,save_all/MSAGAT-Net.state360.w-20.h-5.none.seed-123.with_adj.loggrowth.quant.pt,,manifest_missing
MSAGAT-Net.state360.w-20.h-5.none.seed-123.with_adj,MSAGAT-Net,current,state360,5,123,20,none,True,default,level,False,,,False,,,,MSAGAT-Net,72,197.074951,197.074948,True,False,,,,,20260811_092259,report/predictions/state360/MSAGAT-Net.state360.w-20.h-5.none.seed-123.with_adj.npz,save_all/MSAGAT-Net.state360.w-20.h-5.none.seed-123.with_adj.pt,,manifest_missing
MSAGAT-Net.state360.w-20.h-5.none.seed-30.with_adj.loggrowth.quant.exp-nodecay-regpre,MSAGAT-Net,current,state360,5,30,20,none,True,default,loggrowth,True,,nodecay-regpre,False,,,,MSAGAT-Net.loggrowth.quant.exp-nodecay-regpre,72,179.963568,179.963568,True,True,,,,,20260819_090724,report/predictions/state360/MSAGAT-Net.state360.w-20.h-5.none.seed-30.with_adj.loggrowth.quant.exp-nodecay-regpre.npz,save_all/MSAGAT-Net.state360.w-20.h-5.none.seed-30.with_adj.loggrowth.quant.exp-nodecay-regpre.pt,,manifest_missing
MSAGAT-Net.state360.w-20.h-5.none.seed-30.with_adj.loggrowth.quant,MSAGAT-Net,current,state360,5,30,20,none,True,default,loggrowth,True,,,False,,,,MSAGAT-Net.loggrowth.quant,72,171.247745,171.247745,True,True,,,,,20260814_033331,report/predictions/state360/MSAGAT-Net.state360.w-20.h-5.none.seed-30.with_adj.loggrowth.quant.npz,save_all/MSAGAT-Net.state360.w-20.h-5.none.seed-30.with_adj.loggrowth.quant.pt,,manifest_missing
MSAGAT-Net.state360.w-20.h-5.none.seed-30.with_adj,MSAGAT-Net,current,state360,5,30,20,none,True,default,level,False,,,False,,,,MSAGAT-Net,72,189.238083,189.23809,True,False,,,,,20260811_092237,report/predictions/state360/MSAGAT-Net.state360.w-20.h-5.none.seed-30.with_adj.npz,save_all/MSAGAT-Net.state360.w-20.h-5.none.seed-30.with_adj.pt,,manifest_missing
MSAGAT-Net.state360.w-20.h-5.none.seed-42.with_adj.loggrowth.quant.exp-nodecay-regpre,MSAGAT-Net,current,state360,5,42,20,none,True,default,loggrowth,True,,nodecay-regpre,False,,,,MSAGAT-Net.loggrowth.quant.exp-nodecay-regpre,72,192.394735,192.394735,True,True,,,,,20260819_090646,report/predictions/state360/MSAGAT-Net.state360.w-20.h-5.none.seed-42.with_adj.loggrowth.quant.exp-nodecay-regpre.npz,save_all/MSAGAT-Net.state360.w-20.h-5.none.seed-42.with_adj.loggrowth.quant.exp-nodecay-regpre.pt,,manifest_missing
MSAGAT-Net.state360.w-20.h-5.none.seed-42.with_adj.loggrowth.quant,MSAGAT-Net,current,state360,5,42,20,none,True,default,loggrowth,True,,,False,,,,MSAGAT-Net.loggrowth.quant,72,181.379552,181.379552,True,True,,,,,20260814_033340,report/predictions/state360/MSAGAT-Net.state360.w-20.h-5.none.seed-42.with_adj.loggrowth.quant.npz,save_all/MSAGAT-Net.state360.w-20.h-5.none.seed-42.with_adj.loggrowth.quant.pt,,manifest_missing
MSAGAT-Net.state360.w-20.h-5.none.seed-42.with_adj,MSAGAT-Net,current,state360,5,42,20,none,True,default,level,False,,,False,,,,MSAGAT-Net,72,196.693161,196.69316,True,False,,,,,20260811_092226,report/predictions/state360/MSAGAT-Net.state360.w-20.h-5.none.seed-42.with_adj.npz,save_all/MSAGAT-Net.state360.w-20.h-5.none.seed-42.with_adj.pt,,manifest_missing
MSAGAT-Net.state360.w-20.h-5.none.seed-45.with_adj.loggrowth.quant.exp-nodecay-regpre,MSAGAT-Net,current,state360,5,45,20,none,True,default,loggrowth,True,,nodecay-regpre,False,,,,MSAGAT-Net.loggrowth.quant.exp-nodecay-regpre,72,181.36591,181.36591,True,True,,,,,20260819_090807,report/predictions/state360/MSAGAT-Net.state360.w-20.h-5.none.seed-45.with_adj.loggrowth.quant.exp-nodecay-regpre.npz,save_all/MSAGAT-Net.state360.w-20.h-5.none.seed-45.with_adj.loggrowth.quant.exp-nodecay-regpre.pt,,manifest_missing
MSAGAT-Net.state360.w-20.h-5.none.seed-45.with_adj.loggrowth.quant,MSAGAT-Net,current,state360,5,45,20,none,True,default,loggrowth,True,,,False,,,,MSAGAT-Net.loggrowth.quant,72,182.97252,182.97252,True,True,,,,,20260814_033350,report/predictions/state360/MSAGAT-Net.state360.w-20.h-5.none.seed-45.with_adj.loggrowth.quant.npz,save_all/MSAGAT-Net.state360.w-20.h-5.none.seed-45.with_adj.loggrowth.quant.pt,,manifest_missing
MSAGAT-Net.state360.w-20.h-5.none.seed-45.with_adj,MSAGAT-Net,current,state360,5,45,20,none,True,default,level,False,,,False,,,,MSAGAT-Net,72,187.968796,187.968789,True,False,,,,,20260811_092248,report/predictions/state360/MSAGAT-Net.state360.w-20.h-5.none.seed-45.with_adj.npz,save_all/MSAGAT-Net.state360.w-20.h-5.none.seed-45.with_adj.pt,,manifest_missing
cola_gnn.state360.w-20.h-10.none.seed-1000,cola_gnn,current,state360,10,1000,20,none,,,,,,,,,,,cola_gnn,72,247.134628,,False,False,,,,,,report/predictions/state360/cola_gnn.state360.w-20.h-10.none.seed-1000.npz,,,ok
cola_gnn.state360.w-20.h-10.none.seed-123,cola_gnn,current,state360,10,123,20,none,,,,,,,,,,,cola_gnn,72,246.276367,,False,False,,,,,,report/predictions/state360/cola_gnn.state360.w-20.h-10.none.seed-123.npz,,,ok
cola_gnn.state360.w-20.h-10.none.seed-30,cola_gnn,current,state360,10,30,20,none,,,,,,,,,,,cola_gnn,72,265.008392,,False,False,,,,,,report/predictions/state360/cola_gnn.state360.w-20.h-10.none.seed-30.npz,,,ok
cola_gnn.state360.w-20.h-10.none.seed-42,cola_gnn,current,state360,10,42,20,none,,,,,,,,,,,cola_gnn,72,250.572189,,False,False,,,,,,report/predictions/state360/cola_gnn.state360.w-20.h-10.none.seed-42.npz,,,ok
cola_gnn.state360.w-20.h-10.none.seed-42.oldckpt,cola_gnn,oldckpt,state360,10,42,20,none,,,,,,,,,,,cola_gnn,63,272.266937,,False,False,,,,,,report/predictions/state360/cola_gnn.state360.w-20.h-10.none.seed-42.oldckpt.npz,,,ok
cola_gnn.state360.w-20.h-10.none.seed-45,cola_gnn,current,state360,10,45,20,none,,,,,,,,,,,cola_gnn,72,249.190338,,False,False,,,,,,report/predictions/state360/cola_gnn.state360.w-20.h-10.none.seed-45.npz,,,ok
cola_gnn.state360.w-20.h-15.none.seed-1000,cola_gnn,current,state360,15,1000,20,none,,,,,,,,,,,cola_gnn,72,254.83255,,False,False,,,,,,report/predictions/state360/cola_gnn.state360.w-20.h-15.none.seed-1000.npz,,,ok
cola_gnn.state360.w-20.h-15.none.seed-123,cola_gnn,current,state360,15,123,20,none,,,,,,,,,,,cola_gnn,72,246.781952,,False,False,,,,,,report/predictions/state360/cola_gnn.state360.w-20.h-15.none.seed-123.npz,,,ok
cola_gnn.state360.w-20.h-15.none.seed-30,cola_gnn,current,state360,15,30,20,none,,,,,,,,,,,cola_gnn,72,253.944199,,False,False,,,,,,report/predictions/state360/cola_gnn.state360.w-20.h-15.none.seed-30.npz,,,ok
cola_gnn.state360.w-20.h-15.none.seed-42,cola_gnn,current,state360,15,42,20,none,,,,,,,,,,,cola_gnn,72,244.439407,,False,False,,,,,,report/predictions/state360/cola_gnn.state360.w-20.h-15.none.seed-42.npz,,,ok
cola_gnn.state360.w-20.h-15.none.seed-42.oldckpt,cola_gnn,oldckpt,state360,15,42,20,none,,,,,,,,,,,cola_gnn,58,278.219788,,False,False,,,,,,report/predictions/state360/cola_gnn.state360.w-20.h-15.none.seed-42.oldckpt.npz,,,ok
cola_gnn.state360.w-20.h-15.none.seed-45,cola_gnn,current,state360,15,45,20,none,,,,,,,,,,,cola_gnn,72,241.480576,,False,False,,,,,,report/predictions/state360/cola_gnn.state360.w-20.h-15.none.seed-45.npz,,,ok
cola_gnn.state360.w-20.h-3.none.seed-1000,cola_gnn,current,state360,3,1000,20,none,,,,,,,,,,,cola_gnn,72,174.621475,,False,False,,,,,,report/predictions/state360/cola_gnn.state360.w-20.h-3.none.seed-1000.npz,,,ok
cola_gnn.state360.w-20.h-3.none.seed-123,cola_gnn,current,state360,3,123,20,none,,,,,,,,,,,cola_gnn,72,172.371323,,False,False,,,,,,report/predictions/state360/cola_gnn.state360.w-20.h-3.none.seed-123.npz,,,ok
cola_gnn.state360.w-20.h-3.none.seed-30,cola_gnn,current,state360,3,30,20,none,,,,,,,,,,,cola_gnn,72,169.746964,,False,False,,,,,,report/predictions/state360/cola_gnn.state360.w-20.h-3.none.seed-30.npz,,,ok
cola_gnn.state360.w-20.h-3.none.seed-42,cola_gnn,current,state360,3,42,20,none,,,,,,,,,,,cola_gnn,72,175.596115,,False,False,,,,,,report/predictions/state360/cola_gnn.state360.w-20.h-3.none.seed-42.npz,,,ok
cola_gnn.state360.w-20.h-3.none.seed-42.oldckpt,cola_gnn,oldckpt,state360,3,42,20,none,,,,,,,,,,,cola_gnn,70,210.755203,,False,False,,,,,,report/predictions/state360/cola_gnn.state360.w-20.h-3.none.seed-42.oldckpt.npz,,,ok
cola_gnn.state360.w-20.h-3.none.seed-45,cola_gnn,current,state360,3,45,20,none,,,,,,,,,,,cola_gnn,72,180.648758,,False,False,,,,,,report/predictions/state360/cola_gnn.state360.w-20.h-3.none.seed-45.npz,,,ok
cola_gnn.state360.w-20.h-5.none.seed-1000,cola_gnn,current,state360,5,1000,20,none,,,,,,,,,,,cola_gnn,72,206.173508,,False,False,,,,,,report/predictions/state360/cola_gnn.state360.w-20.h-5.none.seed-1000.npz,,,ok
cola_gnn.state360.w-20.h-5.none.seed-123,cola_gnn,current,state360,5,123,20,none,,,,,,,,,,,cola_gnn,72,204.143707,,False,False,,,,,,report/predictions/state360/cola_gnn.state360.w-20.h-5.none.seed-123.npz,,,ok
cola_gnn.state360.w-20.h-5.none.seed-30,cola_gnn,current,state360,5,30,20,none,,,,,,,,,,,cola_gnn,72,206.627228,,False,False,,,,,,report/predictions/state360/cola_gnn.state360.w-20.h-5.none.seed-30.npz,,,ok
cola_gnn.state360.w-20.h-5.none.seed-42,cola_gnn,current,state360,5,42,20,none,,,,,,,,,,,cola_gnn,72,224.198166,,False,False,,,,,,report/predictions/state360/cola_gnn.state360.w-20.h-5.none.seed-42.npz,,,ok
cola_gnn.state360.w-20.h-5.none.seed-42.oldckpt,cola_gnn,oldckpt,state360,5,42,20,none,,,,,,,,,,,cola_gnn,68,211.802795,,False,False,,,,,,report/predictions/state360/cola_gnn.state360.w-20.h-5.none.seed-42.oldckpt.npz,,,ok
cola_gnn.state360.w-20.h-5.none.seed-45,cola_gnn,current,state360,5,45,20,none,,,,,,,,,,,cola_gnn,72,200.166214,,False,False,,,,,,report/predictions/state360/cola_gnn.state360.w-20.h-5.none.seed-45.npz,,,ok
dcrnn.state360.w-20.h-10.none.seed-1000,dcrnn,current,state360,10,1000,20,none,,,,,,,,,,,dcrnn,72,330.077087,,False,False,,,,,,report/predictions/state360/dcrnn.state360.w-20.h-10.none.seed-1000.npz,,,ok
dcrnn.state360.w-20.h-10.none.seed-123,dcrnn,current,state360,10,123,20,none,,,,,,,,,,,dcrnn,72,313.763245,,False,False,,,,,,report/predictions/state360/dcrnn.state360.w-20.h-10.none.seed-123.npz,,,ok
dcrnn.state360.w-20.h-10.none.seed-30,dcrnn,current,state360,10,30,20,none,,,,,,,,,,,dcrnn,72,336.111481,,False,False,,,,,,report/predictions/state360/dcrnn.state360.w-20.h-10.none.seed-30.npz,,,ok
dcrnn.state360.w-20.h-10.none.seed-42,dcrnn,current,state360,10,42,20,none,,,,,,,,,,,dcrnn,72,324.418671,,False,False,,,,,,report/predictions/state360/dcrnn.state360.w-20.h-10.none.seed-42.npz,,,ok
dcrnn.state360.w-20.h-10.none.seed-42.oldckpt,dcrnn,oldckpt,state360,10,42,20,none,,,,,,,,,,,dcrnn,63,353.566284,,False,False,,,,,,report/predictions/state360/dcrnn.state360.w-20.h-10.none.seed-42.oldckpt.npz,,,ok
dcrnn.state360.w-20.h-10.none.seed-45,dcrnn,current,state360,10,45,20,none,,,,,,,,,,,dcrnn,72,317.120148,,False,False,,,,,,report/predictions/state360/dcrnn.state360.w-20.h-10.none.seed-45.npz,,,ok
dcrnn.state360.w-20.h-15.none.seed-1000,dcrnn,current,state360,15,1000,20,none,,,,,,,,,,,dcrnn,72,334.547363,,False,False,,,,,,report/predictions/state360/dcrnn.state360.w-20.h-15.none.seed-1000.npz,,,ok
dcrnn.state360.w-20.h-15.none.seed-123,dcrnn,current,state360,15,123,20,none,,,,,,,,,,,dcrnn,72,326.403351,,False,False,,,,,,report/predictions/state360/dcrnn.state360.w-20.h-15.none.seed-123.npz,,,ok
dcrnn.state360.w-20.h-15.none.seed-30,dcrnn,current,state360,15,30,20,none,,,,,,,,,,,dcrnn,72,332.196777,,False,False,,,,,,report/predictions/state360/dcrnn.state360.w-20.h-15.none.seed-30.npz,,,ok
dcrnn.state360.w-20.h-15.none.seed-42,dcrnn,current,state360,15,42,20,none,,,,,,,,,,,dcrnn,72,334.510712,,False,False,,,,,,report/predictions/state360/dcrnn.state360.w-20.h-15.none.seed-42.npz,,,ok
dcrnn.state360.w-20.h-15.none.seed-42.oldckpt,dcrnn,oldckpt,state360,15,42,20,none,,,,,,,,,,,dcrnn,58,369.319611,,False,False,,,,,,report/predictions/state360/dcrnn.state360.w-20.h-15.none.seed-42.oldckpt.npz,,,ok
dcrnn.state360.w-20.h-15.none.seed-45,dcrnn,current,state360,15,45,20,none,,,,,,,,,,,dcrnn,72,323.822418,,False,False,,,,,,report/predictions/state360/dcrnn.state360.w-20.h-15.none.seed-45.npz,,,ok
dcrnn.state360.w-20.h-3.none.seed-1000,dcrnn,current,state360,3,1000,20,none,,,,,,,,,,,dcrnn,72,233.787308,,False,False,,,,,,report/predictions/state360/dcrnn.state360.w-20.h-3.none.seed-1000.npz,,,ok
dcrnn.state360.w-20.h-3.none.seed-123,dcrnn,current,state360,3,123,20,none,,,,,,,,,,,dcrnn,72,210.209137,,False,False,,,,,,report/predictions/state360/dcrnn.state360.w-20.h-3.none.seed-123.npz,,,ok
dcrnn.state360.w-20.h-3.none.seed-30,dcrnn,current,state360,3,30,20,none,,,,,,,,,,,dcrnn,72,207.051819,,False,False,,,,,,report/predictions/state360/dcrnn.state360.w-20.h-3.none.seed-30.npz,,,ok
dcrnn.state360.w-20.h-3.none.seed-42,dcrnn,current,state360,3,42,20,none,,,,,,,,,,,dcrnn,72,203.554565,,False,False,,,,,,report/predictions/state360/dcrnn.state360.w-20.h-3.none.seed-42.npz,,,ok
dcrnn.state360.w-20.h-3.none.seed-42.oldckpt,dcrnn,oldckpt,state360,3,42,20,none,,,,,,,,,,,dcrnn,70,273.987244,,False,False,,,,,,report/predictions/state360/dcrnn.state360.w-20.h-3.none.seed-42.oldckpt.npz,,,ok
dcrnn.state360.w-20.h-3.none.seed-45,dcrnn,current,state360,3,45,20,none,,,,,,,,,,,dcrnn,72,195.544113,,False,False,,,,,,report/predictions/state360/dcrnn.state360.w-20.h-3.none.seed-45.npz,,,ok
dcrnn.state360.w-20.h-5.none.seed-1000,dcrnn,current,state360,5,1000,20,none,,,,,,,,,,,dcrnn,72,276.204254,,False,False,,,,,,report/predictions/state360/dcrnn.state360.w-20.h-5.none.seed-1000.npz,,,ok
dcrnn.state360.w-20.h-5.none.seed-123,dcrnn,current,state360,5,123,20,none,,,,,,,,,,,dcrnn,72,250.481049,,False,False,,,,,,report/predictions/state360/dcrnn.state360.w-20.h-5.none.seed-123.npz,,,ok
dcrnn.state360.w-20.h-5.none.seed-30,dcrnn,current,state360,5,30,20,none,,,,,,,,,,,dcrnn,72,266.241974,,False,False,,,,,,report/predictions/state360/dcrnn.state360.w-20.h-5.none.seed-30.npz,,,ok
dcrnn.state360.w-20.h-5.none.seed-42,dcrnn,current,state360,5,42,20,none,,,,,,,,,,,dcrnn,72,255.103302,,False,False,,,,,,report/predictions/state360/dcrnn.state360.w-20.h-5.none.seed-42.npz,,,ok
dcrnn.state360.w-20.h-5.none.seed-42.oldckpt,dcrnn,oldckpt,state360,5,42,20,none,,,,,,,,,,,dcrnn,68,383.161987,,False,False,,,,,,report/predictions/state360/dcrnn.state360.w-20.h-5.none.seed-42.oldckpt.npz,,,ok
dcrnn.state360.w-20.h-5.none.seed-45,dcrnn,current,state360,5,45,20,none,,,,,,,,,,,dcrnn,72,246.655151,,False,False,,,,,,report/predictions/state360/dcrnn.state360.w-20.h-5.none.seed-45.npz,,,ok
epignn.state360.w-20.h-10.none.seed-1000,epignn,current,state360,10,1000,20,none,,,,,,,,,,,epignn,72,244.84581,,False,False,,,,,,report/predictions/state360/epignn.state360.w-20.h-10.none.seed-1000.npz,,,ok
epignn.state360.w-20.h-10.none.seed-123,epignn,current,state360,10,123,20,none,,,,,,,,,,,epignn,72,233.7397,,False,False,,,,,,report/predictions/state360/epignn.state360.w-20.h-10.none.seed-123.npz,,,ok
epignn.state360.w-20.h-10.none.seed-30,epignn,current,state360,10,30,20,none,,,,,,,,,,,epignn,72,250.781143,,False,False,,,,,,report/predictions/state360/epignn.state360.w-20.h-10.none.seed-30.npz,,,ok
epignn.state360.w-20.h-10.none.seed-42,epignn,current,state360,10,42,20,none,,,,,,,,,,,epignn,72,239.945221,,False,False,,,,,,report/predictions/state360/epignn.state360.w-20.h-10.none.seed-42.npz,,,ok
epignn.state360.w-20.h-10.none.seed-42.oldckpt,epignn,oldckpt,state360,10,42,20,none,,,,,,,,,,,epignn,72,239.967773,,False,False,,,,,,report/predictions/state360/epignn.state360.w-20.h-10.none.seed-42.oldckpt.npz,,,ok
epignn.state360.w-20.h-10.none.seed-45,epignn,current,state360,10,45,20,none,,,,,,,,,,,epignn,72,252.800491,,False,False,,,,,,report/predictions/state360/epignn.state360.w-20.h-10.none.seed-45.npz,,,ok
epignn.state360.w-20.h-15.none.seed-1000,epignn,current,state360,15,1000,20,none,,,,,,,,,,,epignn,72,256.334381,,False,False,,,,,,report/predictions/state360/epignn.state360.w-20.h-15.none.seed-1000.npz,,,ok
epignn.state360.w-20.h-15.none.seed-123,epignn,current,state360,15,123,20,none,,,,,,,,,,,epignn,72,248.915237,,False,False,,,,,,report/predictions/state360/epignn.state360.w-20.h-15.none.seed-123.npz,,,ok
epignn.state360.w-20.h-15.none.seed-30,epignn,current,state360,15,30,20,none,,,,,,,,,,,epignn,72,261.931,,False,False,,,,,,report/predictions/state360/epignn.state360.w-20.h-15.none.seed-30.npz,,,ok
epignn.state360.w-20.h-15.none.seed-42,epignn,current,state360,15,42,20,none,,,,,,,,,,,epignn,72,247.968933,,False,False,,,,,,report/predictions/state360/epignn.state360.w-20.h-15.none.seed-42.npz,,,ok
epignn.state360.w-20.h-15.none.seed-42.oldckpt,epignn,oldckpt,state360,15,42,20,none,,,,,,,,,,,epignn,72,247.959732,,False,False,,,,,,report/predictions/state360/epignn.state360.w-20.h-15.none.seed-42.oldckpt.npz,,,ok
epignn.state360.w-20.h-15.none.seed-45,epignn,current,state360,15,45,20,none,,,,,,,,,,,epignn,72,264.419037,,False,False,,,,,,report/predictions/state360/epignn.state360.w-20.h-15.none.seed-45.npz,,,ok
epignn.state360.w-20.h-3.none.seed-1000,epignn,current,state360,3,1000,20,none,,,,,,,,,,,epignn,72,192.418106,,False,False,,,,,,report/predictions/state360/epignn.state360.w-20.h-3.none.seed-1000.npz,,,ok
epignn.state360.w-20.h-3.none.seed-123,epignn,current,state360,3,123,20,none,,,,,,,,,,,epignn,72,172.46106,,False,False,,,,,,report/predictions/state360/epignn.state360.w-20.h-3.none.seed-123.npz,,,ok
epignn.state360.w-20.h-3.none.seed-30,epignn,current,state360,3,30,20,none,,,,,,,,,,,epignn,72,172.266647,,False,False,,,,,,report/predictions/state360/epignn.state360.w-20.h-3.none.seed-30.npz,,,ok
epignn.state360.w-20.h-3.none.seed-42,epignn,current,state360,3,42,20,none,,,,,,,,,,,epignn,72,187.114914,,False,False,,,,,,report/predictions/state360/epignn.state360.w-20.h-3.none.seed-42.npz,,,ok
epignn.state360.w-20.h-3.none.seed-42.oldckpt,epignn,oldckpt,state360,3,42,20,none,,,,,,,,,,,epignn,72,187.105499,,False,False,,,,,,report/predictions/state360/epignn.state360.w-20.h-3.none.seed-42.oldckpt.npz,,,ok
epignn.state360.w-20.h-3.none.seed-45,epignn,current,state360,3,45,20,none,,,,,,,,,,,epignn,72,176.283554,,False,False,,,,,,report/predictions/state360/epignn.state360.w-20.h-3.none.seed-45.npz,,,ok
epignn.state360.w-20.h-5.none.seed-1000,epignn,current,state360,5,1000,20,none,,,,,,,,,,,epignn,72,221.347107,,False,False,,,,,,report/predictions/state360/epignn.state360.w-20.h-5.none.seed-1000.npz,,,ok
epignn.state360.w-20.h-5.none.seed-123,epignn,current,state360,5,123,20,none,,,,,,,,,,,epignn,72,193.325104,,False,False,,,,,,report/predictions/state360/epignn.state360.w-20.h-5.none.seed-123.npz,,,ok
epignn.state360.w-20.h-5.none.seed-30,epignn,current,state360,5,30,20,none,,,,,,,,,,,epignn,72,206.634018,,False,False,,,,,,report/predictions/state360/epignn.state360.w-20.h-5.none.seed-30.npz,,,ok
epignn.state360.w-20.h-5.none.seed-42,epignn,current,state360,5,42,20,none,,,,,,,,,,,epignn,72,207.154541,,False,False,,,,,,report/predictions/state360/epignn.state360.w-20.h-5.none.seed-42.npz,,,ok
epignn.state360.w-20.h-5.none.seed-42.oldckpt,epignn,oldckpt,state360,5,42,20,none,,,,,,,,,,,epignn,72,207.162872,,False,False,,,,,,report/predictions/state360/epignn.state360.w-20.h-5.none.seed-42.oldckpt.npz,,,ok
epignn.state360.w-20.h-5.none.seed-45,epignn,current,state360,5,45,20,none,,,,,,,,,,,epignn,72,203.313812,,False,False,,,,,,report/predictions/state360/epignn.state360.w-20.h-5.none.seed-45.npz,,,ok
lstnet.state360.w-20.h-10.none.seed-1000,lstnet,current,state360,10,1000,20,none,,,,,,,,,,,lstnet,72,292.504608,,False,False,,,,,,report/predictions/state360/lstnet.state360.w-20.h-10.none.seed-1000.npz,,,ok
lstnet.state360.w-20.h-10.none.seed-123,lstnet,current,state360,10,123,20,none,,,,,,,,,,,lstnet,72,288.279419,,False,False,,,,,,report/predictions/state360/lstnet.state360.w-20.h-10.none.seed-123.npz,,,ok
lstnet.state360.w-20.h-10.none.seed-30,lstnet,current,state360,10,30,20,none,,,,,,,,,,,lstnet,72,315.588562,,False,False,,,,,,report/predictions/state360/lstnet.state360.w-20.h-10.none.seed-30.npz,,,ok
lstnet.state360.w-20.h-10.none.seed-42,lstnet,current,state360,10,42,20,none,,,,,,,,,,,lstnet,72,315.886536,,False,False,,,,,,report/predictions/state360/lstnet.state360.w-20.h-10.none.seed-42.npz,,,ok
lstnet.state360.w-20.h-10.none.seed-42.oldckpt,lstnet,oldckpt,state360,10,42,20,none,,,,,,,,,,,lstnet,63,372.18222,,False,False,,,,,,report/predictions/state360/lstnet.state360.w-20.h-10.none.seed-42.oldckpt.npz,,,ok
lstnet.state360.w-20.h-10.none.seed-45,lstnet,current,state360,10,45,20,none,,,,,,,,,,,lstnet,72,307.545349,,False,False,,,,,,report/predictions/state360/lstnet.state360.w-20.h-10.none.seed-45.npz,,,ok
lstnet.state360.w-20.h-15.none.seed-1000,lstnet,current,state360,15,1000,20,none,,,,,,,,,,,lstnet,72,313.783813,,False,False,,,,,,report/predictions/state360/lstnet.state360.w-20.h-15.none.seed-1000.npz,,,ok
lstnet.state360.w-20.h-15.none.seed-123,lstnet,current,state360,15,123,20,none,,,,,,,,,,,lstnet,72,297.001038,,False,False,,,,,,report/predictions/state360/lstnet.state360.w-20.h-15.none.seed-123.npz,,,ok
lstnet.state360.w-20.h-15.none.seed-30,lstnet,current,state360,15,30,20,none,,,,,,,,,,,lstnet,72,323.476654,,False,False,,,,,,report/predictions/state360/lstnet.state360.w-20.h-15.none.seed-30.npz,,,ok
lstnet.state360.w-20.h-15.none.seed-42,lstnet,current,state360,15,42,20,none,,,,,,,,,,,lstnet,72,319.744537,,False,False,,,,,,report/predictions/state360/lstnet.state360.w-20.h-15.none.seed-42.npz,,,ok
lstnet.state360.w-20.h-15.none.seed-42.oldckpt,lstnet,oldckpt,state360,15,42,20,none,,,,,,,,,,,lstnet,58,394.902283,,False,False,,,,,,report/predictions/state360/lstnet.state360.w-20.h-15.none.seed-42.oldckpt.npz,,,ok
lstnet.state360.w-20.h-15.none.seed-45,lstnet,current,state360,15,45,20,none,,,,,,,,,,,lstnet,72,343.540344,,False,False,,,,,,report/predictions/state360/lstnet.state360.w-20.h-15.none.seed-45.npz,,,ok
lstnet.state360.w-20.h-3.none.seed-1000,lstnet,current,state360,3,1000,20,none,,,,,,,,,,,lstnet,72,234.691528,,False,False,,,,,,report/predictions/state360/lstnet.state360.w-20.h-3.none.seed-1000.npz,,,ok
lstnet.state360.w-20.h-3.none.seed-123,lstnet,current,state360,3,123,20,none,,,,,,,,,,,lstnet,72,254.354233,,False,False,,,,,,report/predictions/state360/lstnet.state360.w-20.h-3.none.seed-123.npz,,,ok
lstnet.state360.w-20.h-3.none.seed-30,lstnet,current,state360,3,30,20,none,,,,,,,,,,,lstnet,72,222.765991,,False,False,,,,,,report/predictions/state360/lstnet.state360.w-20.h-3.none.seed-30.npz,,,ok
lstnet.state360.w-20.h-3.none.seed-42,lstnet,current,state360,3,42,20,none,,,,,,,,,,,lstnet,72,228.932541,,False,False,,,,,,report/predictions/state360/lstnet.state360.w-20.h-3.none.seed-42.npz,,,ok
lstnet.state360.w-20.h-3.none.seed-42.oldckpt,lstnet,oldckpt,state360,3,42,20,none,,,,,,,,,,,lstnet,70,236.887863,,False,False,,,,,,report/predictions/state360/lstnet.state360.w-20.h-3.none.seed-42.oldckpt.npz,,,ok
lstnet.state360.w-20.h-3.none.seed-45,lstnet,current,state360,3,45,20,none,,,,,,,,,,,lstnet,72,237.529007,,False,False,,,,,,report/predictions/state360/lstnet.state360.w-20.h-3.none.seed-45.npz,,,ok
lstnet.state360.w-20.h-5.none.seed-1000,lstnet,current,state360,5,1000,20,none,,,,,,,,,,,lstnet,72,284.293152,,False,False,,,,,,report/predictions/state360/lstnet.state360.w-20.h-5.none.seed-1000.npz,,,ok
lstnet.state360.w-20.h-5.none.seed-123,lstnet,current,state360,5,123,20,none,,,,,,,,,,,lstnet,72,275.505219,,False,False,,,,,,report/predictions/state360/lstnet.state360.w-20.h-5.none.seed-123.npz,,,ok
lstnet.state360.w-20.h-5.none.seed-30,lstnet,current,state360,5,30,20,none,,,,,,,,,,,lstnet,72,270.4263,,False,False,,,,,,report/predictions/state360/lstnet.state360.w-20.h-5.none.seed-30.npz,,,ok
lstnet.state360.w-20.h-5.none.seed-42,lstnet,current,state360,5,42,20,none,,,,,,,,,,,lstnet,72,272.92807,,False,False,,,,,,report/predictions/state360/lstnet.state360.w-20.h-5.none.seed-42.npz,,,ok
lstnet.state360.w-20.h-5.none.seed-42.oldckpt,lstnet,oldckpt,state360,5,42,20,none,,,,,,,,,,,lstnet,68,302.362579,,False,False,,,,,,report/predictions/state360/lstnet.state360.w-20.h-5.none.seed-42.oldckpt.npz,,,ok
lstnet.state360.w-20.h-5.none.seed-45,lstnet,current,state360,5,45,20,none,,,,,,,,,,,lstnet,72,287.747192,,False,False,,,,,,report/predictions/state360/lstnet.state360.w-20.h-5.none.seed-45.npz,,,ok
