MAE,std_MAE,RMSE,RMSEs,PCC,PCCs,MAPE,R2,R2s,Var,Vars,Peak
391.5132,349.5923,1146.842785651111,832.1246,0.8629802475373038,0.8777532752749457,0.0356898125,0.6876523747902479,0.7029534730331952,0.6897532939910889,0.7103182711499803,302.33414
