,MAE,RMSE,PCC,R2,MAE_CHANGE,RMSE_CHANGE,PCC_CHANGE,R2_CHANGE
none,6.3087378,8.09792146740663,0.9883495695072564,0.9596415791393932,,,,
no_agam,6.6603403,7.989571927363789,0.9906864619924056,0.9607143403619623,5.573262214194404,-1.337991983238388,0.23644392199354078,0.11178769718702847
no_mtfm,9.902672,12.346130605091163,0.9836221320382108,0.9061900823259972,56.96756330561084,52.46048822260347,-0.4783163381557857,-5.569943818121274
no_pprm,11.647386,16.15960434230987,0.9191604189096416,0.8392879319583753,84.62307943753818,99.55249513533506,-7.0004735907467595,-12.541520688271042
