,MAE,RMSE,PCC,R2,MAE_CHANGE,RMSE_CHANGE,PCC_CHANGE,R2_CHANGE
none,73.38292,162.7163463669216,0.932161627997931,0.8659859390165194,,,,
no_agam,74.454994,173.94688709847614,0.9221787781061314,0.8468484858358346,1.4609312357698503,6.901913042116811,-1.0709355107483365,-2.2099034543700324
no_mtfm,69.09872,160.67482811761462,0.932803126381204,0.8693276612532779,-5.838143262764685,-1.25464853094932,0.06881836411253896,0.38588643143023266
no_pprm,77.582695,175.46449516212675,0.9204541512234286,0.8441644567456338,5.723096055594412,7.834583973793485,-1.2559492284237688,-2.5198425618397238
