MAE,std_MAE,RMSE,RMSEs,PCC,PCCs,MAPE,R2,R2s,Var,Vars,Peak
751.9858,645.61536,1973.0711467151914,1480.353,0.3132086422086932,0.25991105336029957,0.0865786,0.07548083967408104,0.024010716991411874,0.0915757417678833,0.05653420280902944,559.3808
