MAE,std_MAE,RMSE,RMSEs,PCC,PCCs,MAPE,R2,R2s,Var,Vars,Peak
806.1059,647.5817,1809.1073765810586,1365.5848,0.48990941668407206,0.4346810625087687,0.215433125,0.22275285675266754,0.15742484846533916,0.22457188367843628,0.16813805762757647,451.96918
